/accueil-2026/	page	home 2026 (privada)	
/chasse-aux-tresors-le-28-juin/	post	contenu 2026	texto corto (0 car.)
/marches-de-produits-locaux-a-port-lauragais-20-juin-2026/	post	página 2026 (privada)	
/les-petits-marches-de-lete-2025-a-port-lauragais-13-septembre/	post	contenu 2026	
/les-petits-marches-de-lete-2025-a-port-lauragais-14-juin/	post	contenu 2026	
/association-svdbr-pour-sauvegarde-et-valorisation-du-domaine-de-bonrepos-riquet/	page	contenu 2026	
/association-svdbr-pour-sauvegarde-et-valorisation-du-domaine-de-bonrepos-riquet/	post	contenu 2026	
/spectacle-flottant-du-piano-du-lac-marinero-20h18-19-20-juin-2025/	post	contenu 2026	
/le-reseau-acteur-canal-du-midi/	page	contenu 2026	
/association-replantons-le-canal-du-midi/	page	contenu 2026	
/association-patrimoine-et-culture/	page	contenu 2026	texto corto (275 car.)
/association-riquet-et-son-canal/	page	contenu 2026	
/expo-2025-au-musee-du-verre-de-soreze-eclats-du-cristal/	post	contenu 2026	
/liens-reseaux-sociaux/	page	SIN 2026	plantilla templates/liens_reseaux_sociaux_canal.php
/fete-de-port-lauragais-14-septembre-2024/	post	contenu 2026	
/port-lauragais-en-fete-le-samedi-15-juin-avec-haute-garonne-tourisme/	post	contenu 2026	
/nuit-des-musees-de-jour-comme-de-nuit-17-et-18-mai/	post	contenu 2026	
/celebrez-la-journee-internationale-des-guides-de-tourisme-avec-une-aventure-inoubliable/	post	contenu 2026	
/ne-manquez-pas-une-plongee-fascinante-dans-lhistoire/	post	contenu 2026	
/une-expo-de-cartes-postales-anciennes-sur-le-theme-du-canal-du-midi/	post	contenu 2026	texto corto (170 car.)
/2eme-marche-de-producteurs-a-port-lauragais-le-16-septembre-2023/	post	contenu 2026	
/acampo-lions-de-port-en-port-en-carcasses-samedi-10-juin/	post	contenu 2026	
/agenda-vnf-et-replantons-le-canal-du-midi/	post	contenu 2026	texto corto (228 car.)
/marche-de-producteurs-3-juin-et-16-septembre-2023/	post	contenu 2026	
/verif-page-facebook/	page	SIN 2026	plantilla verif_facebook.php
/	page	home 2026	
/offres-french-days-a-la-residence-cap-camargue-au-grau-du-roi/	post	contenu 2026	
/sur-le-canal-du-midi-embarquez-sur-les-peniches-toulouse/	post	contenu 2026	
/film-sur-lultra-marathon-du-canal-du-midi-2021/	post	contenu 2026	texto corto (0 car.) · iframe
/concours-photos-25-ans-dinscription-du-canal-du-midi-au-patrimoine-mondial/	post	contenu 2026	texto corto (180 car.)
/mardi-20-juillet-a-18h-au-reservoirespace-decouverte-du-canal-du-midi/	post	contenu 2026	
/le-canal-en-famille-une-appli-mobile-pour-partir-a-laventure-sur-le-canal-du-midi/	post	contenu 2026	
/tourisme-le-canal-du-midi-prise-par-les-vacanciers/	post	contenu 2026	texto corto (0 car.) · iframe
/toulouse-une-nouvelle-guinguette-va-ouvrir-au-bord-du-canal-du-midi-a-la-maison-eclusiere-matabiau/	post	contenu 2026	
/achetez-votre-vignette-plaisance/	post	contenu 2026	
/magazine-clickboat/	post	contenu 2026	
/beziers-les-neufs-ecluses-de-fonseranes-accueillent-de-nouveaux-residents/	post	contenu 2026	
/avenir-du-canal-du-midi-le-senateur-de-haute-garonne-alain-chatillon-interpelle-le-gouvernement/	post	contenu 2026	shortcodes: du
/biterrois-capestang-du-canal-a-letang-en-images-et-son-saffiche-sur-youtube/	post	contenu 2026	
/voies-navigables-de-france-lance-un-appel-aux-dons-pour-replanter-2-000-arbres-le-long-du-canal-du-midi/	post	contenu 2026	
/du-2-novembre-au-24-decembre-chantiers-sur-le-canal-du-midi/	post	contenu 2026	
/piste-cyclable-le-long-du-canal-du-midi-un-tremplin-touristique/	post	contenu 2026	
/canal-du-midi-le-projet-de-pole-touristique-se-dessine-a-proximite-de-lecluse-de-renneville/	post	contenu 2026	
/votre-demande-de-guide-est-valide/	page	SIN 2026	excluida a propósito
/recevoir-le-plan-du-canal-du-midi-2/	page	contenu 2026	shortcodes: contact-form-7 · formulario/plugin
/organiser-votre-sejour/	page	301 → /planificateur/	
/herault-navigation-sur-les-canaux-une-reprise-sous-conditions/	post	contenu 2026	
/jours-de-marches-proche-du-canal-du-midi/	page	contenu 2026	
/reouverture-de-la-circulation-sur-le-canal-du-midi-suite-au-deconfinement/	post	contenu 2026	texto corto (280 car.)
/les-ecluses-du-canal-du-midi-2/	page	contenu 2026	
/vins-aop-igp-bio/	page	contenu 2026	
/paiement/	page	SIN 2026	excluida a propósito
/mon-compte/	page	mon compte 2026	
/panier/	page	SIN 2026	excluida a propósito
/boutique/	page	SIN 2026	excluida a propósito
/cultivons-nous-le-long-du-canal-du-midi/	post	contenu 2026	
/claim-list/	page	SIN 2026	excluida a propósito
/chateaux-dits-cathares/	page	contenu 2026	Elementor
/peniches-a-vendre-sur-le-canal-tout-savoir-avant-dacheter/	post	contenu 2026	
/accueil-demo/	page	SIN 2026	plantilla elementor_header_footer
/montolieu-village-du-livre-et-des-arts/	post	contenu 2026	
/explorer/	page	carte 2026	
/objectif-mars-2020-2-000-nouveaux-arbres-pour-le-canal-du-midi/	post	contenu 2026	
/ouvrages-cartes-et-images/	page	contenu 2026	
/films-et-videos/	page	contenu 2026	
/autour-du-canal-du-midi-a-voir-a-faire/	page	contenu 2026	
/vignobles-du-languedoc/	page	contenu 2026	
/vignoble-de-faugeres/	page	contenu 2026	
/vignoble-de-picpoul-de-pinet/	page	contenu 2026	
/vignoble-du-cabardes/	page	contenu 2026	
/vignoble-des-corbieres/	page	contenu 2026	
/vignoble-du-minervois/	page	contenu 2026	
/vignoble-du-saint-chinian/	page	contenu 2026	
/capestang/	page	contenu 2026	Elementor
/vignoble-de-limoux/	page	contenu 2026	
/bassin-de-thau/	page	contenu 2026	Elementor · iframe
/ouvrage-sur-le-libron/	page	contenu 2026	Elementor · iframe
/villeneuve-les-beziers/	page	contenu 2026	Elementor
/poilhes/	page	contenu 2026	Elementor
/colombiers/	page	contenu 2026	Elementor
/tunnel-du-malpas/	page	contenu 2026	Elementor · iframe
/pont-canal-du-repudre/	page	contenu 2026	Elementor · iframe
/le-grand-bief/	page	contenu 2026	Elementor
/le-pique-nique-des-chefs-revient-cette-annee/	post	contenu 2026	
/construction-lumineuse-a-lecluse-bayard-a-toulouse-nouveau-site-touristique/	post	contenu 2026	
/haute-garonne-aude-herault-les-records-du-canal-du-midi/	post	contenu 2026	
/journees-europeennes-du-patrimoine-les-1516-septembre-2018/	post	contenu 2026	texto corto (30 car.)
/attention-en-raison-des-degats-occasionnes-sur-le-canal-du-midi-par-les-crues-dans-les-departements-de-laude-et-lherault/	post	contenu 2026	
/canal-du-midi-la-navigation-pourra-reprendre-le-17-mars-2019/	post	contenu 2026	
/canal-du-midi-en-bateau-comment-sy-preparer/	post	contenu 2026	
/voies-navigables-de-france-mobilise-pour-louverture-de-la-saison-touristique/	post	contenu 2026	
/crue-de-laude-voies-navigables-de-france-mobilise-pour-louverture-de-la-saison-touristique/	post	contenu 2026	
/promouvoir-votre-activite-sur-le-site-et-le-guide/	post	contenu 2026	
/dedicaces-au-musee-et-jardins-du-canal-du-midi/	post	contenu 2026	texto corto (30 car.)
/toulouse-voici-dans-le-detail-le-projet-qui-va-bientot-recouvrir-le-canal-du-midi-devant-la-gare-matabiau/	post	contenu 2026	
/une-piste-cyclable-de-chaque-cote-du-canal-du-midi-en-2020-2021/	post	contenu 2026	
/alerte-sur-la-piste-cyclable-du-canal/	post	contenu 2026	
/rencontre-musicale-theatralisee-sur-les-pas-de-pierre-paul-riquet/	post	contenu 2026	
/les-7-8-9-septembre-les-arts-vagabondent-au-musee-jardins-du-canal-du-midi/	post	contenu 2026	texto corto (30 car.)
/rencontre-exploreur-e-s-a-saint-ferreol-geomorphologie-ligne-de-partage-des-eaux-pierres-de-naurouze-legendes-des-pierres/	post	contenu 2026	texto corto (30 car.)
/la-curieuse-visite-curieuse/	post	contenu 2026	texto corto (30 car.)
/une-soiree-chez-riquet-par-lorchestre-des-passions-de-montauban/	post	contenu 2026	texto corto (30 car.)
/complement-d-informations/	post	contenu 2026	
/riquet-a-la-loupe/	post	contenu 2026	texto corto (30 car.)
/le-grand-deballage-de-pulcinella/	post	contenu 2026	texto corto (30 car.)
/guide-pour-la-navigation-fluviale-technique-et-reglementation-en-100-questions-reponses/	post	contenu 2026	
/exposition-pop-up-le-canal/	post	contenu 2026	texto corto (30 car.)
/histoire-a-deux-voies-le-canal-miroir-des-sciences/	post	contenu 2026	texto corto (30 car.)
/services-utiles/voiture-de-transport-avec-chauffeur/	page	301 → /explorer/	
/faire-la-fete-sur-le-canal-du-midi-a-toulouse-les-fabuleuses-croisieres-debarquent-pour-lete/	post	contenu 2026	iframe
/les-peniches-la-meilleure-solution-pour-decouvrir-le-canal-du-midi/	post	contenu 2026	
/2018-des-balades-vigneronnes-en-grand-carcassonne/	post	contenu 2026	
/le-chemin-de-halage-le-long-du-canal-du-midi-a-ete-rouvert-pour-les-promeneurs/	post	contenu 2026	shortcodes: article-native
/loisirs/croisieres-de-luxe/	page	301 → /categorie/croisiere-bateau/	
/la-metamorphose-du-parc-de-saint-ferreol/	post	contenu 2026	texto corto (30 car.)
/beziers-canal-du-midi-beziers-est-desormais-grand-site-doccitanie/	post	contenu 2026	
/de-nouveaux-velos-en-libre-service-a-toulouse/	post	contenu 2026	
/canal-du-midi-leau-et-les-siecles-la-grande-histoire-millenaire-du-canal-du-midi-racontee-par-gwenaelle-guerlavais-et-arnaud-spani/	post	contenu 2026	iframe
/course-a-pied-vtt-et-canoe-les-inscriptions-sont-ouvertes-pour-le-canalathlon-2018/	post	contenu 2026	
/la-france-recoit-le-prix-eurovelo-du-tourisme-a-velo-2018/	post	contenu 2026	
/escale-a-sete-les-canaux-menent-a-voies-navigables-de-france/	post	contenu 2026	
/revel-leau-au-coeur-des-animations/	post	contenu 2026	
/la-compagnie-merversible-sinstalle-dans-la-minoterie-de-naurouze-dans-laude-pendant-2-ans-une-trentaine-dartistes-va-preparer-un-nouveau-spectacle-en-lien-avec-le-canal-du-midi/	post	contenu 2026	
/toulouse-venez-sauver-le-canal-du-midi-en-famille/	post	contenu 2026	
/revel-coup-denvoi-de-la-saison-a-saint-ferreol-musee-et-jardins-du-canal-du-midi/	post	contenu 2026	
/dons-mecenat-un-enorme-elan-de-generosite-pour-sauver-les-platanes-du-canal-du-midi-la-maladie-qui-touche-les-platanes-du-canal-du-midi-entraine-vnf-a-reamenager-les-berges-de-plus-en-plus-de-dona/	post	contenu 2026	
/toulouse-des-machines-geantes-vont-envahir-le-centre-ville-debut-novembre/	post	contenu 2026	
/les-arbres-du-canal-du-midi-touches-par-une-nouvelle-maladie/	post	contenu 2026	
/quinze-prestataires-labellises-accueil-velo/	post	contenu 2026	
/toulouse-peniches-epaves-le-cote-sombre-du-canal-du-midi/	post	contenu 2026	shortcodes: caption
/canal-du-midi-la-fondation-engie-plante-2500-arbres/	post	contenu 2026	
/carcassonne-evadeo-cycles-le-tourisme-autrement/	post	contenu 2026	
/le-grand-carcassonne-enflamme-le-canal-du-midi/	post	contenu 2026	
/canal-du-midi-l-abattage-continue/	post	contenu 2026	texto corto (46 car.)
/carcassonne-relooking-pour-les-platanes-sur-les-grands-boulevards/	post	contenu 2026	
/72-abattages-dans-carcassonne-sur-un-total-de-1-350-programmes-par-vnf/	post	contenu 2026	
/actualites-vias-demarrage-chantier-abattage-platanes-sur-le-canal-du-midi/	post	contenu 2026	
/services-utiles/chantiers-navals/	page	301 → /explorer/	
/toulouse-2-500-arbres-replantes-cet-hiver/	post	contenu 2026	
/domaine-de-bonrepos-riquet-les-portes-des-communs-restaurees/	post	contenu 2026	
/canal-lateral-a-la-garonne-un-mur-vegetalise-sera-erige-pour-proteger-toulouse-du-bruit-du-periph/	post	contenu 2026	
/replantonslecanaldumidi-la-vnf-poursuit-labattage/	post	contenu 2026	texto corto (226 car.)
/narbonne-sous-le-pave-de-cite-des-mosaiques-gallo-romaines/	post	contenu 2026	
/villemoustaussou-la-mijane-lance-la-conversion-de-son-vignoble-en-bio/	post	contenu 2026	
/loccitanie-a-lance-un-appel-a-projets-pour-creer-un-reseau-des-plus-beaux-sites-regionaux-%e2%97%97-les-elus-et-laure-dandoque-rassembles-hier-51-millions-deuros-pour-for/	post	contenu 2026	
/bonrepos-riquet-philippe-seilles-il-sagit-de-la-survie-du-chateau/	post	contenu 2026	
/revel-un-nouveau-site-internet-pour-loffice-de-tourisme/	post	contenu 2026	
/agde-gilles-dettore-repond-a-lappel-au-secours-du-centre-ville/	post	contenu 2026	
/le-long-du-fresquel/	post	contenu 2026	
/vias-operation-dabattage-des-platanes-du-canal-du-midi-a-partir-du-15-fevrier-2018/	post	contenu 2026	
/voies-navigables-de-france-en-quete-declusiers-saisonniers/	post	contenu 2026	
/nouvelle-exposition-au-musee-du-verre-expos-a-soreze/	post	contenu 2026	
/conference-sur-les-relations-du-canal-du-midi-et-du-fresquel/	post	contenu 2026	
/la-cie-merversible-sinstalle-a-la-minoterie-de-naurouze/	post	contenu 2026	
/le-chateau-de-lunesco-a-stephane-bern/	post	contenu 2026	
/toulouse-tour-occitanie-a-matabiau-des-hauts-et-debat/	post	contenu 2026	
/les-pontons-en-cours-de-pose-sur-la-rive-nord-du-grand-bassin-de-castelnaudary/	post	contenu 2026	
/nouvelle-museographie/	post	contenu 2026	texto corto (30 car.)
/le-tournage-du-film-sur-riquet-debute-en-avril/	post	contenu 2026	
/carcassonne-le-label-vignobles-et-decouvertes-en-2018/	post	contenu 2026	
/canal-du-midi-vite-planter-des-arbres-pour-les-generations-futures/	post	contenu 2026	
/renneville-laqueduc-des-voutes-cherche-ses-mecenes/	post	contenu 2026	
/projet-matabiau-nouvelle-jeunesse-pour-le-canal-du-midi/	post	contenu 2026	
/et-vogue-2017-pour-le-bateau-loccitania/	post	contenu 2026	
/le-chateau-de-bonrepos-riquet-lance-un-appel-a-laide-a-lanimateur-stephane-bern/	post	contenu 2026	
/noel-au-moulin-du-vivier/	post	contenu 2026	
/actualites-beziers-mediterranee-reouverture-de-la-maison-du-site-des-9-ecluses-sur-le-canal-du-midi/	post	contenu 2026	
/film-documentaire-la-fabuleuse-histoire-de-monsieur-riquet/	post	contenu 2026	texto corto (101 car.)
/le-developpement-du-territoire-se-poursuit-gra%cc%82ce-a-leurope/	post	contenu 2026	
/un-film-sur-riquet/	post	contenu 2026	
/trebes-11-les-peintres-amateurs-remercies/	post	contenu 2026	
/belle-innovation-chez-nicols-le-sixto-green-un-bateau-a-propulsion-electrique/	post	contenu 2026	
/le-chateau-de-puicheric-est-encore-a-lhonneur/	post	contenu 2026	
/les-feeries-de-noel-a-narbonne/	post	contenu 2026	
/un-canal-sans-platanes/	post	contenu 2026	
/developper-leco-tourisme-pour-le-canal-du-midi/	post	contenu 2026	
/site-web-en-maintenance/	page	SIN 2026	excluida a propósito
/chateau-grand-moulin-portes-ouvertes-et-marche-de-noel-samedi-9-au-dimanche-10-decembre/	post	contenu 2026	texto corto (0 car.)
/auberge-de-la-croisade-34-soiree-des-vins-des-vignerons-des-plats-du-vendredi-15-decembre-2017-a-20h/	post	contenu 2026	
/stephane-bern-au-chevet-du-chateau-de-pierre-paul-riquet/	post	contenu 2026	
/informations-croisiere/	page	contenu 2026	
/le-village-de-noel-2017-a-marseillan/	post	contenu 2026	
/canal-du-midi-5-jours-au-fil-de-leau/	post	contenu 2026	texto corto (30 car.)
/journees-europeennes-du-patrimoine-2017/	post	contenu 2026	texto corto (30 car.)
/la-folle-histoire-du-canal-du-midi/	post	contenu 2026	texto corto (30 car.)
/le-canal-du-midi-preservons-le-lien-qui-nous-unit/	post	contenu 2026	texto corto (30 car.)
/autour-de-montpellier-pistes-cyclables-des-pointilles-a-supprimer/	post	contenu 2026	
/television-lequipe-de-tournage-de-la-serie-candice-renoir-est-a-agde-et-au-bord-du-canal-du-midi/	post	contenu 2026	
/castelnaudary-la-ville-capitale-de-la-petite-reine-le-temps-dun-week-end/	post	contenu 2026	
/toulouse-deplacements-a-pied-et-a-velo-comment-faire-mieux/	post	contenu 2026	
/minervois-l-enchantement-simple/	post	contenu 2026	
/il-y-a-10-ans-le-chateau-devenait-municipal/	post	contenu 2026	
/minervois-simplement-un-livre-enchanteur/	post	contenu 2026	
/nostalgie-petite-balade-a-carcassonne-la-cite-et-le-canal-du-midi-dans-les-annees-60-et-70/	post	contenu 2026	iframe
/tout-na-pas-encore-ete-dit-sur-le-canal-et-son-histoire/	post	contenu 2026	
/canal-passer-le-pont-en-toute-securite/	post	contenu 2026	
/oenotourisme-le-chateau-les-carrasses-initie-a-la-culture-du-vin-en-languedoc/	post	contenu 2026	
/aude-alzonne-voie-verte-du-canal-chantier-de-securisation-en-cours/	post	contenu 2026	
/le-canal-du-midi-de-long-en-large/	post	contenu 2026	
/soiree-vigneronne-a-l-auberge-de-la-croisade/	post	contenu 2026	
/les-metiers-du-canal-cecile-veille-sur-les-ecluses/	post	contenu 2026	
/medievales-de-baziege/	post	contenu 2026	
/un-bouchon-de-velos-au-bord-du-canal-du-midi-a-toulouse/	post	contenu 2026	
/le-fret-une-solution-pour-renflouer-le-canal-du-midi/	post	contenu 2026	
/patrimoine-une-journee-a-la-visite-du-monde-de-lolive-et-du-somail/	post	contenu 2026	
/voies-d-eau-sur-le-narbonnais/	post	contenu 2026	texto corto (0 car.)
/il-bat-le-record-du-monde-du-canal-du-midi-a-velo/	post	contenu 2026	iframe
/bouchon-de-velos-au-bord-du-canal-du-midi-a-toulouse/	post	contenu 2026	
/troisieme-viree-dautomne-dans-la-narbonnaise-a-ne-pas-rater-aujourdhui/	post	contenu 2026	texto corto (199 car.)
/de-montsegur-au-canal-du-midi-par-la-voie-verte-societe/	post	contenu 2026	
/le-canal-du-midi-classe-mais-en-danger/	post	contenu 2026	shortcodes: Voies
/canal-du-midi-les-editions-privat-remettent-2740-euros-a-vnf/	post	contenu 2026	
/les-lumieres-douces-des-ecluses-de-fonseranes/	post	contenu 2026	
/canal-du-midi-lubuesque-sacrifice-de-700-peupliers-tout-juste-plantes/	post	contenu 2026	
/la-voie-verte-sur-de-bons-rails-salleles-daude/	post	contenu 2026	
/villeneuve-les-beziers-travaux-abattage-de-platanes/	post	contenu 2026	
/47-me-de-dons-pour-la-sauvegarde-du-canal-du-midi/	post	contenu 2026	
/le-tourisme-audois-un-atout-a-un-milliard-deuros-qui-doit-se-reinventer/	post	contenu 2026	
/soiree-vigneronne-a-lauberge-de-la-croisade/	post	contenu 2026	
/toulouse-au-fil-de-lo-propose-de-privatiser-une-partie-de-la-gestion-du-canal-du-midi/	post	contenu 2026	shortcodes: dont
/unesco-les-paysages-du-canal-du-midi-enfin-classes-de-toulouse-a-la-mediterranee/	post	contenu 2026	
/protection-des-paysages-du-canal-du-midi/	post	contenu 2026	
/canal-du-midi-le-chancre-colore-fait-son-nid-aux-portes-de-toulouse-des-arbres-vont-etre-abattus/	post	contenu 2026	
/le-canal-du-midi-a-desormais-ses-paysages-classes/	post	contenu 2026	
/tour-doccitanie-parvis-devant-la-gare-matabiau-les-dernieres-infos-sur-ces-projets/	post	contenu 2026	
/canal-du-midi-un-patrimoine-occitan-menace/	post	contenu 2026	
/la-culture-comme-lien-de-loccitanie/	post	contenu 2026	
/nettoyons-le-canal-du-midi-a-carcassonne/	post	contenu 2026	
/toulouse-velo-pourquoi-ca-ne-roule-pas-plus/	post	contenu 2026	
/0-09-17-aude-narbonne-construction-dune-salle-multimodale-la-phase-de-concertationpresentation/	post	contenu 2026	
/les-laureats-du-prix-patrimoine-mondial-en-occitanie/	post	contenu 2026	
/secheresse-restrictions-deau-a-venir-dans-laude/	post	contenu 2026	
/revel-deux-jours-de-visites-gratuites-journees-du-patrimoine-34e-journees-du-patrimoine/	post	contenu 2026	
/le-canal-du-midi-un-parcours-en-velo-au-fil-de-leau/	post	contenu 2026	
/le-canal-du-centre-partenaire-du-canal-du-midi/	post	contenu 2026	
/3-de-bordeaux-a-sete-780-km-sur-les-rives-des-canaux-de-lentre-deux-mers/	post	contenu 2026	
/haute-garonne-journees-du-patrimoine-mission-mecenat-vnf/	post	contenu 2026	
/agenda-de-septembre/	post	contenu 2026	
/chloe-arnaud-eliott-et-helky-leur-aventure-familiale-depuis-grabels/	post	contenu 2026	
/revel-le-tournage-du-film-sur-la-creation-du-canal-du-midi-le-songe-de-naurouze-est-reporte/	post	contenu 2026	
/trois-generations-au-sifflet-du-petit-train-de-toulouse/	post	contenu 2026	
/le-downtown-factory-un-nouveau-lieu-qui-veut-casser-les-codes-de-la-fete-au-centre-ville-de-toulouse/	post	contenu 2026	
/vols-au-dessus-du-biterrois/	post	contenu 2026	
/le-canal-du-midi-au-fil-de-leau-un-voyage-pas-si-paisible/	post	contenu 2026	
/le-canal-du-midi-souvre-aussi-a-levangelisation/	post	contenu 2026	
/le-temps-dun-week-end-aigues-mortes-vit-a-lepoque-medievale/	post	contenu 2026	
/vacances-en-balades-contees-beziers-se-presente-et-se-visite/	post	contenu 2026	
/capestang-le-canal-du-midi-daujourdhui/	post	contenu 2026	
/debut-de-saison-difficile-a-cause-de-la-meteo-une-embellie-attendue-en-aout/	post	contenu 2026	
/canal-en-scene-avec-elastic/	post	contenu 2026	
/la-guinguette-recoit-le-groupe-twins-cats-pour-un-repas-concert-rock-annee-50-60/	post	contenu 2026	
/inauguration-de-lantenne-trebeenne-de-loffice-de-tourisme-grand-carcassonne/	post	contenu 2026	
/on-a-teste-pour-vous-le-lac-de-saint-ferreol-a-velo-depuis-toulouse-via-le-canal-du-midi/	post	contenu 2026	
/actualites-vias-17eme-edition-du-challenge-de-joutes-nautiques-maurice-navarette-en-nocturne/	post	contenu 2026	
/eclusier-sur-le-canal-du-midi/	post	contenu 2026	
/jeff-senegas-au-restaurant-la-guinguette/	post	contenu 2026	texto corto (256 car.)
/lecture-au-trouve-tout-du-livre-le-somail/	post	contenu 2026	texto corto (38 car.)
/toulouse-pourquoi-les-arbres-qui-bordent-le-canal-du-midi-ont-ils-tous-un-numero/	post	contenu 2026	
/a-la-decouverte-du-canal-du-midi/	post	contenu 2026	
/un-camping-ecologique-ephemere-installe-pendant-lete-pres-de-toulouse/	post	contenu 2026	
/un-roi-a-la-place-de-riquet-pourquoi-la-statue-des-allees-jean-jaures-a-bien-failli-ne-jamais-exister/	post	contenu 2026	
/concerts-entre-occitanie-et-etats-unis-avec-convivencia/	post	contenu 2026	
/montgeard-animations-estivales-de-loffice-de-tourisme/	post	contenu 2026	
/toulouse-les-soirees-endiablees-de-la-peniche-le-samsara/	post	contenu 2026	
/aayguesvives-le-festival-convivencia-a-repasse-lecluse/	post	contenu 2026	
/tete-daffiche-et-mix-electro-les-jardins-sonores-vont-enflammer-le-port-de-lembouchure-a-toulouse/	post	contenu 2026	
/trebes-chasses-au-tresor-et-visites-guidees/	post	contenu 2026	
/a-toulouse-un-marche-au-jardin/	post	contenu 2026	
/domaine-de-riquet-retour-au-xviie-siecle/	post	contenu 2026	
/canal-du-midi-en-monocycle-une-experience-inoubliable/	post	contenu 2026	texto corto (107 car.)
/revel-un-14-juillet-tres-anime/	post	contenu 2026	
/vernissage-de-debut-de-vacances/	post	contenu 2026	
/agde-une-premiere-reussie-pour-la-fete-du-fleuve/	post	contenu 2026	
/herault-beziers-les-9-ecluses-de-fonseranes-font-peau-neuve/	post	contenu 2026	
/a-velo-le-long-du-canal-des-deux-mers-entre-royan-et-sete/	post	contenu 2026	
/beziers-la-renaissance-des-ecluses-de-fonseranes-pour-le-public/	post	contenu 2026	
/theatre-le-22-juillet-a-la-marie-therese-plus-vieille-peniche-deurope-ventenac-minervois/	post	contenu 2026	
/exposition-lhistoire-du-canal-du-midi-en-trente-photos/	post	contenu 2026	
/castanet-tolosan-convivencia-est-de-retour/	post	contenu 2026	
/brax-la-voie-verte-traverse-la-commune/	post	contenu 2026	
/toulouse-approuve-le-trace-de-sa-3e-ligne-de-metro-prevue-pour-2024/	post	contenu 2026	shortcodes: caption
/biterrois-louis-xiv-flotte-sur-le-canal/	post	contenu 2026	
/des-visites-contees-de-saint-ferreol-avec-aime-phiores/	post	contenu 2026	shortcodes: caption
/narbonne-le-canal-du-midi-en-dehors-des-cliches/	post	contenu 2026	
/un-nouveau-dessein-pour-le-site-de-fonseranes-reouverture-du-site-samedi-1er-juillet/	post	contenu 2026	
/fonseranes-festival-de-leau-evenement-inaugural-samedi-8-juillet-2017-10h-minuit/	post	contenu 2026	texto corto (286 car.)
/repas-concert-a-la-guinguette-2/	post	contenu 2026	texto corto (288 car.)
/en-balade-sur-le-canal-du-midi/	post	contenu 2026	
/expo-lillustrateur-pierre-samson-dynamite-lhistoire-du-canal-du-midi/	post	contenu 2026	
/villeneuve-les-beziers-lire-oc-canal-point-lecture-au-bord-du-canal-du-midi/	post	contenu 2026	
/le-club-des-entreprises-mecenes-selargit/	post	contenu 2026	
/toulouse-le-projet-de-couverture-du-canal-du-midi-devant-la-gare-matabiau-est-a-larret/	post	contenu 2026	
/moi-jean-pigasse-ouvrier-du-canal-2/	post	contenu 2026	
/canal-du-midi-les-ecluses-de-fonseranes-en-liberte/	post	contenu 2026	
/decouvrez-le-canal-du-midi-en-louant-un-bateau-avec-clickboat/	post	contenu 2026	
/montferrand-ouverture-exceptionnelle-de-la-minoterie-de-naurouze/	post	contenu 2026	
/le-musee-du-canal-du-midi-va-changer-de-nom/	post	contenu 2026	
/le-canal-du-midi-en-peniche/	post	contenu 2026	iframe
/le-canal-du-midi-menace/	post	contenu 2026	iframe
/une-course-au-bord-du-canal-du-midi-est-organisee-entre-gardouch-et-renneville/	post	contenu 2026	
/revel-une-folle-histoire-du-canal-du-midi-qui-deboussole-au-musee/	post	contenu 2026	
/montgiscard-patrimoine-la-commune-lance-un-club-des-mecenes/	post	contenu 2026	
/cet-ete-on-ne-manquera-pas-deau-dans-le-lauragais/	post	contenu 2026	
/8104-2/	post	contenu 2026	
/escale-de-la-passejada/	post	contenu 2026	
/canal-du-midi-2500-replantations-en-vue-pour-le-prochain-hiver/	post	contenu 2026	
/castelnaudary-grand-bassin-une-renovation-qui-invite-a-la-promenade/	post	contenu 2026	
/europall-organise-la-cinquieme-edition-de-sa-velauragaise-a-gardouch/	post	contenu 2026	
/halte-fluviale-ponts-eclaires-proprete-ce-sont-les-projets-a-venir-sur-le-canal-du-midi-a-toulouse/	post	contenu 2026	
/convivencia-nuits-magiques-au-bord-de-leau/	post	contenu 2026	
/la-guinguette-fete-l-ete-le-23-juin/	post	contenu 2026	texto corto (295 car.)
/le-restaurant-le-9-a-ouvert-aux-9-ecluses-de-beziers/	post	contenu 2026	texto corto (240 car.)
/marseillette-decouvrez-les-dernieres-rizieres-audoises/	post	contenu 2026	
/revel-incroyable-revelation-du-musee-canal-du-midi-expos-du-17062017-au-31082017/	post	contenu 2026	
/labege-premieres-rencontres-pour-doper-le-tourisme/	post	contenu 2026	
/beziers-apres-deux-ans-de-renovation-fonseranes-revit-avec-eclats/	post	contenu 2026	
/castelnaudary-coup-de-coeur-pour-la-minoterie-de-naurouze/	post	contenu 2026	
/la-peche-en-fete-au-canal/	post	contenu 2026	
/un-diner-et-une-journee-chez-riquet/	post	contenu 2026	
/le-samsara-et-son-equipe-organisent-six-croisieres-avec-concert-entre-le-pont-des-demoiselles-et-le-port-technique-de-ramonville/	post	contenu 2026	
/le-canal-du-midi-devie-de-toulouse/	post	contenu 2026	
/moi-jean-pigasse-ouvrier-du-canal/	post	contenu 2026	
/trebes-la-ciutat-presente-sa-biere-ladies-au-domaine-des-peres/	post	contenu 2026	
/biterrois-le-canal-du-midi-au-fil-des-pages-et-des-photos/	post	contenu 2026	
/castelnaudary-silence-on-tourne/	post	contenu 2026	
/le-paddle-sur-le-canal-du-midi/	post	contenu 2026	
/les-musees-se-visiteront-de-nuit-13e-edition-nuit-europeenne-des-musees/	post	contenu 2026	
/xxxvi-eme-rallye-du-canal-du-midi-en-aviron-du-lundi-14-aout-au-samedi-19-aout-2017/	post	contenu 2026	
/musees-de-beziers-et-des-environs/	post	contenu 2026	texto corto (65 car.)
/il-est-une-fois-la-domitienne/	post	contenu 2026	texto corto (65 car.)
/beziers-ecluses-de-fonseranes-quels-sont-les-grands-changements/	post	contenu 2026	texto corto (65 car.)
/toulouse-la-course-solidaire-pour-sauver-les-platanes-du-canal-du-midi/	post	contenu 2026	
/beziers-les-ecluses-de-fonseranes-mises-a-lhonneur/	post	contenu 2026	
/portiragnes-festival-canalisiimo-portiragnes-34-du-29-juin-au-2-juillet/	post	contenu 2026	texto corto (66 car.)
/beziers-l-ile-des-eclusiers-a-fonserane/	post	contenu 2026	texto corto (36 car.)
/123-canal-courez-solidaire/	post	contenu 2026	
/le-songe-de-naurouze-le-cine-get-fait-le-plein-de-candidats-figurants-a-revel/	post	contenu 2026	
/aude-le-songe-de-naurouze-un-film-consacre-a-riquet-createur-du-canal-du-midi/	post	contenu 2026	
/courir-pour-les-arbres-du-canal-du-midi-1-2-3-canal/	post	contenu 2026	
/castelnaudary-grand-bassin-un-fabuleux-ecrin-pour-le-joyau-chaurien/	post	contenu 2026	
/location-de-bateaux-gites/	page	301 → /categorie/location-bateau/	
/marseillan-la-maison-noilly-fait-peau-neuve/	post	contenu 2026	
/balades-et-randonnees-en-lauragais/	post	contenu 2026	
/situe-au-coeur-du-village-des-marques-de-nailloux-loffice-de-tourisme-est-le-lieu-ideal-pour-inventer-vos-sejours-en-lauragais/	post	contenu 2026	
/nouveau-a-capestang-location-de-bateaux-gites/	post	contenu 2026	texto corto (171 car.)
/le-somail-la-compagnie-de-bateaux-nicol-s-ouvre-ses-portes/	post	contenu 2026	texto corto (38 car.)
/le-somail-paques-au-bord-de-l-eau-avec-de-l-art-et-des-mots/	post	contenu 2026	texto corto (38 car.)
/ag-des-gites-de-france-de-l-aude-au-domaine-de-l-herbe-sainte/	post	contenu 2026	texto corto (38 car.)
/le-canal-du-midi-vu-par-les-ecrivains-et-les-voyageurs/	post	contenu 2026	texto corto (38 car.)
/toulouse-une-nouvelle-liaison-routiere-pour-relier-le-quartier-de-montaudran-au-canal-du-midi/	post	contenu 2026	
/actualites-beziers-croisiere-vins-tapas-sur-le-canal-du-midi/	post	contenu 2026	
/rapport-activite-vnf/	post	contenu 2026	texto corto (23 car.)
/courons-ensemble-pour-les-arbres-du-canal-du-midi-2/	post	contenu 2026	texto corto (0 car.)
/flourens-31-une-soiree-pour-comprendre-lorigine-du-canal/	post	contenu 2026	
/caux-les-canaux-du-midi-vus-du-ciel-avec-andre-auhtier/	post	contenu 2026	
/la-course-solidaire-123-canal-est-de-retour-parlez-en-autour-de-vous/	post	contenu 2026	
/projet-marie-therese/	post	contenu 2026	
/le-lac-de-saint-ferreol-symbole-de-lunion-regionale/	post	contenu 2026	
/reouverture-du-restaurant-l-ile-aux-oiseaux-a-bram/	post	contenu 2026	
/port-la-nouvelle-sainte-lucie-le-domaine-devrait-accueillir-des-gites-de-groupe/	post	contenu 2026	texto corto (34 car.)
/un-nouveau-restaurant-au-somail/	post	contenu 2026	texto corto (35 car.)
/colombiers-34-un-jeune-couple-se-jette-a-l-eau/	post	contenu 2026	texto corto (35 car.)
/foire-de-printemps-du-grand-narbonne/	post	contenu 2026	
/canal-du-midi-bernard-le-coq-evoque-son-futur-role-de-pierre-paul-riquet/	post	contenu 2026	
/neuf-ponts-vont-etre-remis-en-lumiere-en-mai-sur-le-canal-du-midi-a-toulouse/	post	contenu 2026	
/toulouse-occitanie-tolosa-ou-nougaro/	post	contenu 2026	
/debut-de-labattage-des-pins-de-lavenue-semard-a-carcassonne/	post	contenu 2026	
/gardouch-enquete-mais-combien-de-bateaux-y-a-t-il-au-fond-du-canal-du-midi/	post	contenu 2026	
/emploi-la-mairie-dayguesvives-recrute/	post	contenu 2026	
/lecluse-de-montesquieu-lauragais-recrute/	post	contenu 2026	
/animations-aigues-mortes-d-avril-a-aigues-mortes/	post	contenu 2026	texto corto (24 car.)
/colombiers-34440-le-nouveau-visage-du-coeur-de-ville-se-dessine-peu-a-peu/	post	contenu 2026	texto corto (34 car.)
/toulouse-les-esquisses-qui-ont-dessine-la-future-tour-doccitanie/	post	contenu 2026	
/carcassonne-un-chantier-a-la-hauteur-de-la-basilique-saint-nazaire-a-la-cite/	post	contenu 2026	texto corto (38 car.)
/auberge-de-la-croisade-a-cruzy-34310-soiree-des-vins-des-vignerons-des-plats-2/	post	contenu 2026	
/le-parc-de-pierre-paul-riquet-se-fait-une-beaute/	post	contenu 2026	
/la-barque-de-poste-le-bateau-du-canal-du-midi/	post	contenu 2026	
/toulouse-bayard-apres-le-debroussaillage-la-chasse-aux-detritus/	post	contenu 2026	
/actualites-agglo-sete-bassin-de-thau-lagglo-souhaite-veiller-sur-le-canal-du-mid/	post	contenu 2026	
/pour-sa-sauvegarde-le-canal-du-midi-soffre-une-nouvelle-operation-de-mecenat/	post	contenu 2026	
/toulouse-velos-pietons-pas-toujours-simple-de-se-croiser/	post	contenu 2026	
/pierre-paul-riquet-retour-sur-la-vie-du-batisseur-du-canal-du-midi/	post	contenu 2026	
/une-operation-de-crowdfunding-pour-financer-les-nouveaux-arbres-du-canal-du-midi-biodiversite-pour-financer-la-replantation-darbres-sur-le-canal-du-midi-et-eviter-de-voir-son-classement-une/	post	contenu 2026	
/lezignan-11200-une-vitrine-des-vins-du-sud-avec-le-caveau-du-clos/	post	contenu 2026	texto corto (38 car.)
/exposition-de-lespace-culturel-le-chai-a-capendu/	post	contenu 2026	
/le-somail-decouvrez-la-maison-bonnal/	post	contenu 2026	
/carcassonne-une-utopie-du-xixe-siecle-le-canal-maritime/	post	contenu 2026	
/toulouse-avant-le-reamenagement-de-matabiau-on-debroussaille/	post	contenu 2026	shortcodes: caption
/des-amenagements-pour-rendre-le-canal-du-midi-plus-agreable-devant-la-gare-matabiau-a-toulouse/	post	contenu 2026	
/le-canal-du-midi-au-xixe-siecle/	post	contenu 2026	
/portiragnes-le-canal-du-midi-objet-de-toutes-les-attentions/	post	contenu 2026	
/narbonne-170-platanes-vont-etre-abattus-sur-la-robine/	post	contenu 2026	texto corto (38 car.)
/des-chenes-chevelus-pour-reverdir-le-canal/	post	contenu 2026	texto corto (38 car.)
/33-millions-pour-les-platanes-malades-du-canal-du-midi/	post	contenu 2026	
/narbonnais-369-chenes-plantes-le-long-du-canal-du-midi/	post	contenu 2026	
/7313-2/	post	contenu 2026	
/narbonne-un-chantier-tres-technique-rue-du-pont-des-marchands/	post	contenu 2026	
/du-canal-royal-au-canal-du-midi-xviie-xixe-s-culture-histoire-les-dimanches-dans-lhistoire/	post	contenu 2026	
/bram-voie-verte-le-dossier-denquete-publique-consultable-en-mairie/	post	contenu 2026	
/vers-un-retour-possible-des-peniches-sur-le-canal-lateral/	post	contenu 2026	
/thomas-pesquet-immortalise-beziers-et-le-canal-du-midi-depuis-lespace/	post	contenu 2026	
/salleles-d-aude-les-travaux-a-venir-en-ville/	post	contenu 2026	texto corto (37 car.)
/beziers-ville-et-agglo-sur-la-piste-du-deplacement-doux-jusqua-fonseranes/	post	contenu 2026	
/revel-sur-les-traces-de-pierre-paul-riquet-tourisme-industriel-saint-ferreol/	post	contenu 2026	
/beziers-sur-le-canal-du-midi-les-9-ecluses-de-fonseranes-font-peau-neuve-13-millions-deuros-pour-18-mois-de-travaux-de-restauration/	post	contenu 2026	
/saint-felix-lauragais-les-pecheurs-obliges-de-quitter-le-lac-de-lenclas/	post	contenu 2026	
/33-millions-recueillis-pour-remplacer-les-platanes-du-canal-du-midi/	post	contenu 2026	
/location-de-peniches-fluviales-sans-permis-avec-filovent/	post	contenu 2026	
/salleles-d-aude-abattage-de-platanes/	post	contenu 2026	texto corto (0 car.)
/operation-sauvetage-du-canal-du-midi/	post	contenu 2026	
/label-accueil-velo-un-accueil-specialise/	post	contenu 2026	
/castelnaudary-le-label-accueil-velo-sinstalle-en-ville-et-en-pays-lauragais/	post	contenu 2026	
/lac-de-saint-ferreol-pres-de-toulouse-derniere-ligne-droite-avant-le-remplissage/	post	contenu 2026	shortcodes: En
/toulouse-meteo-france-lannonce-a-toulouse-le-mois-de-janvier-a-ete-lun-des-plus-froids-de-ces-25-dernieres-annees-seul-le-mois-de-janvier-2012-avait-ete-plus-glacial/	post	contenu 2026	
/intergeneration-le-canal-du-midi/	post	contenu 2026	
/foire-aux-question-faq-canal-du-midi/	page	contenu 2026	
/castanet-tolosan-canal-le-realisateur-est-venu-presenter-son-film/	post	contenu 2026	
/portiragnes-34420-l-ecluse-a-pris-un-coup-de-neuf/	post	contenu 2026	texto corto (34 car.)
/la-prefecture-recense-les-ports-du-canal-du-midi/	post	contenu 2026	
/transport-de-bagages/	page	301 → /categorie/transfert-de-bagages/	
/carcassonne-le-velo-prendra-bientot-toute-sa-place-entre-bastide-et-cite/	post	contenu 2026	texto corto (38 car.)
/narbonne-le-mecenat-se-renforce-pour-soutenir-le-canal-du-midi/	post	contenu 2026	
/bonrepos-riquet-le-chateau-bientot-au-patrimoine-mondial-de-lunesco/	post	contenu 2026	
/la-commune-de-salleles-au-generique-du-prochain-film-sur-pierre-paul-riquet/	post	contenu 2026	
/revel-barrage-de-saint-ferreol-un-chantier-titanesque-grands-chantiers-amenagement/	post	contenu 2026	
/les-agents-de-vnf-se-mobilisent-pour-sauver-le-canal-des-deux-mers/	post	contenu 2026	
/aude-le-departement-mise-plus-que-jamais-sur-le-tourisme/	post	contenu 2026	texto corto (38 car.)
/nissan-lez-enserune-nargue-l-oppidum/	post	contenu 2026	texto corto (53 car.)
/chateau-de-paraza-a-decouvrir/	post	contenu 2026	
/agen-le-canal-est-mis-en-chomage-technique-jusquen-mars/	post	contenu 2026	
/soiree-vigneronne-a-l-auberge-de-la-croisade-a-cruzy/	post	contenu 2026	
/auberge-de-la-croisade-a-cruzy-34310-nouveaux-menus/	post	contenu 2026	
/toulouse-on-manque-dargent-pour-replanter-les-platanes-du-canal/	post	contenu 2026	
/aude-canal-du-midi-des-assises-pour-garder-le-label-unesco/	post	contenu 2026	
/operation-grand-site-pour-le-canal-du-midi/	post	contenu 2026	texto corto (35 car.)
/un-nouveau-film-sur-la-cite-sur-you-tube-a-partir-du-27-janvier/	post	contenu 2026	texto corto (38 car.)
/classement-des-abords-du-canal-du-midi%e2%80%89-la-colere-darnaud-lafon/	post	contenu 2026	
/narbonne-la-qualite-tourisme-a-loffice-de-tourisme/	post	contenu 2026	
/occitanie-des-fonds-pour-les-routes-les-trains-le-tourisme/	post	contenu 2026	
/officiels-agglo-beziers-beziers-herault-lancement-de-loperation-grand-site-du-canal-du-midi-du-malpas-a-fonseranes/	post	contenu 2026	
/azille-11-fetes-de-noel-au-domaine-la-parra/	post	contenu 2026	
/architecture-du-centre-d-interpretation-pp-riquet-a-st-ferreol/	post	contenu 2026	
/portiragnes-canalissimo-soutient-la-carabosse/	post	contenu 2026	texto corto (35 car.)
/beziers-riquet-sinvite-a-la-maison-de-region/	post	contenu 2026	texto corto (35 car.)
/aude-une-enquete-pour-mettre-la-voie-verte-sur-les-rails/	post	contenu 2026	texto corto (38 car.)
/a-fleur-de-peau-a-l-office-de-tourisme/	post	contenu 2026	texto corto (38 car.)
/marseillan-le-village-de-noel-a-ouvert-ses-portes/	post	contenu 2026	texto corto (0 car.)
/le-canal-du-midi-depuis-le-pont-matabiau-comme-vous-ne-lavez-peut-etre-jamais-vu/	post	contenu 2026	
/lexpo-virtuelle-le-canal-du-midi-a-la-decouverte-des-collections-toulousaines/	post	contenu 2026	
/noel-au-chateau-les-carrasses-34/	post	contenu 2026	
/la-statue-du-createur-du-canal-du-midi-devoilee-au-jardin-des-plantes-de-toulouse/	post	contenu 2026	
/toulouse-une-journee-avec-riquet-7-decembre-2016/	post	contenu 2026	
/repas-de-fete-chez-l-eclusier-colombiers-34440/	post	contenu 2026	
/labarthe-sur-leze-31-conference-dun-passionne-sur-le-canal-du-midi/	post	contenu 2026	
/narbonne-la-passerelle-sur-le-canal-est-a-nouveau-ouverte/	post	contenu 2026	
/le-canal-du-midi-chef-doeuvre-en-peril/	post	contenu 2026	
/auberge-de-la-croisade-a-cruzy-34310-soiree-des-vins-des-vignerons-des-plats/	post	contenu 2026	
/ledition-2016-du-cahier-des-patrimoines-est-sortie/	post	contenu 2026	
/actualites-beziers-beziers-si-riquet-metait-conte-mercredi-14-decembre-2016-a-la-maison-de-region-a-beziers/	post	contenu 2026	
/animations-aigues-mortes-decembre/	post	contenu 2026	texto corto (169 car.)
/accueil-plus-que-chaleureux-a-castelnaudary/	post	contenu 2026	
/francois-hollande-au-chevet-du-canal-du-midi-a-castelnaudary/	post	contenu 2026	
/toulouse-dessine-moi-le-nom-des-stations-du-metro/	post	contenu 2026	
/samedi-conference-les-eaux-de-la-montagne-noire-colloques-et-conferences-canal-du-midi/	post	contenu 2026	
/francois-hollande-prendra-la-parole-a-ayguesvives-lors-de-sa-visite-dans-le-lauragais/	post	contenu 2026	shortcodes: VISITE
/rieux-minervois-le-canal-du-midi-vu-du-ciel/	post	contenu 2026	texto corto (38 car.)
/le-club-d-aviron-de-carcassonne-s-est-installe-au-bord-du-canal-du-midi/	post	contenu 2026	texto corto (38 car.)
/canal-du-midi-francois-hollande-dans-laude-samedi/	post	contenu 2026	
/le-chomage-du-canal-interdit-la-peche-sur-certains-biefs/	post	contenu 2026	
/busquets-le-futur-doit-etre-fait-avec-le-passe/	post	contenu 2026	
/saurez-vous-reconnaitre-ce-lieu-de-toulouse-decouvrez-grace-aux-archives-municipales-de-toulouse-des-lieux-ou-vous-passez-peut-etre-tous-les-jours-mais-que-vous-ne-reconnaitriez-pas-sur-des-photos/	post	contenu 2026	
/canal-du-midi-georges-meric-et-les-elus-au-ministere/	post	contenu 2026	
/region-un-plan-de-developpement-de-230-me-pour-le-canal-du-midi/	post	contenu 2026	
/3eme-edition-de-gruissan-joue-aux-playmobil/	post	contenu 2026	texto corto (156 car.)
/le-canal-du-midi-est-merveilleux-quand-lautomne-sen-mele/	post	contenu 2026	
/saint-pons-de-thomieres-conference-autour-de-la-construction-du-canal-du-midi/	post	contenu 2026	
/villefranche-de-lauragais-un-calendrier-glamour-pour-redorer-limage-du-monde-rural/	post	contenu 2026	
/grace-a-vauban-la-rigole-a-pu-alimenter-le-canal-du-midi/	post	contenu 2026	
/muret-noel-avant-lheure-pour-les-pecheurs/	post	contenu 2026	
/castelnaudary-deux-anciens-militaires-pagaient-pour-la-bonne-cause/	post	contenu 2026	
/bonrepos-riquet-septieme-edition-des-journees-des-plantes/	post	contenu 2026	
/revel-louis-xiv-createur-du-canal-du-midi-colloques-et-conferences/	post	contenu 2026	
/le-patrimoine-de-nos-villes-est-un-atout-tourisme-toulouse-carcassonne-auch-cahors/	post	contenu 2026	
/toulouse-joan-busquets-et-la-tour-de-matabiau-il-faut-un-batiment-beau-et-durable/	post	contenu 2026	
/languedoc-roussillon-une-campagne-de-crowdfunding-pour-continuer-a-faire-naviguer-une-peniche-sur-le-canal-du-midi/	post	contenu 2026	
/piste-cyclable-du-canal-du-midi-travaux-de-renovation/	post	contenu 2026	
/retour-sur-le-voyage-extraordinaire-de-bruno-sananes-laventurier-du-quotidien/	post	contenu 2026	
/montferrand-canalathlon-ils-lont-fait/	post	contenu 2026	
/6925-2/	post	contenu 2026	
/canal-du-midi-canal-du-midi-rss-debut-de-la-peche-miraculeuse-au-lac-de-saint-ferreol-en-cours-de-vidange/	post	contenu 2026	
/colombier-exposition-a-la-cave-du-chateau/	post	contenu 2026	texto corto (35 car.)
/le-toulouse-des-capitouls-veut-seduire-lunesco/	post	contenu 2026	
/ramonville-un-dimanche-tres-nature/	post	contenu 2026	
/revel-le-pont-dem-bosc-soffre-une-nouvelle-vie/	post	contenu 2026	
/escalquens-un-conseil-municipal-sous-haute-tension-classement-du-canal-du-midi/	post	contenu 2026	
/ramonville-un-peu-de-norvege-sur-le-canal/	post	contenu 2026	
/avignonet-lauragais-le-village-de-canalathlon-prend-vie/	post	contenu 2026	
/narbonne-a-la-decouverte-du-quartier-de-bourg/	post	contenu 2026	
/ramonville-la-piste-cyclable-du-canal-du-midi-renovee/	post	contenu 2026	
/ramonville-un-pas-de-plus-vers-un-port-sud-attractif/	post	contenu 2026	
/castres-canal-du-midi-le-coup-de-genie-de-riquet/	post	contenu 2026	
/il-y-a-350-ans/	post	contenu 2026	
/message-de-v-n-f/	post	contenu 2026	
/larc-en-ciel-color-me-rad-a-illumine-toulouse/	post	contenu 2026	
/jeudi-8-decembre-diner-de-gala-des-entreprises-mecenes-pour-le-canal-du-midi/	post	contenu 2026	
/auberge-de-la-croisade-soiree-des-vins-des-vignerons-des-plats-du-vendredi-21-octobre-2016-a-20h/	post	contenu 2026	
/bonrepos-riquet-des-benevoles-au-service-du-parc-du-chateau-de-riquet/	post	contenu 2026	
/a-lecart-du-tumulte-le-peuple-du-canal-du-midi-perpetue-350-ans-de-vie-sur-leau/	post	contenu 2026	
/2eme-nuit-du-gospel-de-capestang-34310-avec-tonya-baker-usa/	post	contenu 2026	texto corto (44 car.)
/le-canal-du-midi-a-lemission-des-racines-et-des-ailes-et-exposition/	post	contenu 2026	iframe
/trebes-le-jumelage-en-croisiere-sur-le-canal/	post	contenu 2026	
/le-lac-de-saint-ferreol-sera-bientot-vide-un-spectacle-impressionnant/	post	contenu 2026	
/le-manuscrit-signe-par-louis-xiv-expose-a-toulouse/	post	contenu 2026	
/castelnaudary-canalathlon-1re-edition-dun-evenement-sportif/	post	contenu 2026	
/le-lac-de-saint-ferreol-sera-bientot-vide/	post	contenu 2026	
/6836-2/	post	contenu 2026	
/deux-toulousains-passent-14-heures-sur-un-velo-pour-relier-les-extremites-du-canal-du-midi-des-ponts-jumeaux-a-toulouse-au-phare-des-onglous-a-marseillan-ces-deux-athletes-ont-etabli-ce-week-end-un/	post	contenu 2026	
/le-lac-de-saint-ferreol-reservoir-du-canal-du-midi-en-cours-de-vidange-pres-de-revel-le-lac-qui-alimente-le-canal-du-midi-est-en-cours-de-vidange-lassurance-de-decouvrir-des-paysages-rares/	post	contenu 2026	
/castres-la-societe-culturelle-lance-sa-saison-cet-apres-midi/	post	contenu 2026	
/le-chancre-colore-extrait-jusqua-la-racine-tout-au-long-du-canal/	post	contenu 2026	
/du-long-stationnement-a-la-casse-les-bateaux-aussi/	post	contenu 2026	
/saint-ferreol-les-14-tonnes-de-poissons-du-lac-de-saint-ferreol-vont-etre-au-regime-sec/	post	contenu 2026	
/demande-lots-affiches/	post	contenu 2026	
/carcassonne-office-de-tourisme-la-ville-va-batailler-pour-le-garder/	post	contenu 2026	
/carcassonne-le-restaurant-quick-du-pont-rouge-ferme-aujourdhui-le-temps-de-se-transformer-en-burger-king/	post	contenu 2026	
/les-aines-de-valergues-sur-le-canal-du-midi/	post	contenu 2026	
/caunes-minervois-randonnee-pique-nique-et-patrimoine/	post	contenu 2026	
/voici-le-nouveau-parcours-du-marathon-de-toulouse-qui-fete-son-dixieme-anniversaire/	post	contenu 2026	
/apres-avoir-remonte-le-canal-du-midi-la-peniche-tourmente-arrive-a-bordeaux/	post	contenu 2026	
/meteo-lete-joue-les-prolongations-sur-le-canal-du-midi/	post	contenu 2026	
/6797-2/	post	contenu 2026	
/la-fete-des-vendanges-degustations-et-spectacle/	post	contenu 2026	
/lecho-de-la-robine-a-fait-lunanimite/	post	contenu 2026	
/les-sites-incontournables-autour-de-toulouse/	post	contenu 2026	
/carcassonne-la-ville-telle-que-vous-la-verrez-a-partir-de-2020/	post	contenu 2026	
/des-journees-du-patrimoine-tres-appreciees/	post	contenu 2026	
/audeherault-sur-les-berges-du-canal-du-midi-abattages-avant-future-replantation/	post	contenu 2026	
/decouvrez-le-canal-du-midi-ce-week-end/	post	contenu 2026	
/menu-d-automne-a-l-auberge-de-la-croisade-a-cruzy/	post	contenu 2026	
/restaurant-chez-leclusier-a-colombiers/	post	contenu 2026	
/le-domaine-de-riquet-devoile-des-secrets/	post	contenu 2026	
/tourisme-le-port-de-capestang-fete-les-350-ans-du-canal-du-midi-dimanche/	post	contenu 2026	
/carcassonne-un-trail-pour-gouter-aux-plaisirs-de-lultra/	post	contenu 2026	
/le-lac-de-saint-ferreol-va-etre-entierement-vide/	post	contenu 2026	
/carcassonne-sigma-la-keynote-de-chavernac-fabrique-des-arts/	post	contenu 2026	
/bram-lhistoire-du-canal-du-midi-pour-celebrer-les-350-ans-de-sa-creation/	post	contenu 2026	
/le-canal-du-midi-est-en-fete-ce-week-end-le-programme-des-festivites/	post	contenu 2026	
/salleles-d-aude-a-la-table-de-marcellin-albert/	post	contenu 2026	
/rencontre-autour-du-canal-avec-une-startup/	post	contenu 2026	
/julot-sur-le-canal-du-midi-un-voyage-illustre-pour-tous/	post	contenu 2026	
/journee-porte-ouverte-a-la-cargolade-a-argeliers/	post	contenu 2026	
/le-canal-du-midi-chef-doeuvre-du-genie-humain-le-12-sep-2016-les-americains-labellisent-lun-des-ouvrages-les-plus-remarquables-de-la-planete-cocorico/	post	contenu 2026	
/belesta-une-sympathique-journee-au-fil-du-canal-du-midi/	post	contenu 2026	
/weekend-velo-et-vins-dans-les-corbieres/	post	contenu 2026	
/un-nouvel-ecrin-vert-pour-le-canal-du-midi/	post	contenu 2026	
/le-canal-du-midi-classe-au-patrimoine-mondial-du-genie/	post	contenu 2026	
/la-balaguere-sur-tf1-samedi-10-septembre/	post	contenu 2026	
/portiragnes-un-rendez-vous-extraordinaire-avec-pierre-paul-riquet/	post	contenu 2026	
/ventenac-cabardes-invitation-diaporama-les-canaux-du-midi-vus-du-ciel/	post	contenu 2026	
/lagenda-n4-des-animations-de-gruissan-de-septembre-a-decembre/	post	contenu 2026	
/forum-des-associations-a-gruissan/	post	contenu 2026	
/la-tourmente-fait-escale-a-carcassonne/	post	contenu 2026	
/beziers-poissons-morts-le-canal-ne-sera-pas-remis-en-eau-nature-u-la-secheresse-trop-importante-qui-sevit-cette-annee-est-a-lorigine-de-cette-catastrophe-naturelle/	post	contenu 2026	
/la-crise-viticole-revisitee-par-un-spectacle-sur-fond-musical/	post	contenu 2026	
/12-visages-du-canal-du-midi-a-toulouse/	post	contenu 2026	
/ramonville-saint-agne-le-bmx-sinstalle-de-long-du-canal/	post	contenu 2026	
/revel-le-lac-de-saint-ferreol-va-etre-vide-cet-automne-a-partir-du-mois-doctobre-2016-le-lac-de-saint-ferreol-va-etre-vide-pour-cause-de-travaux-un-evenement-qui-narrive-quune-fois-tous-les-di/	post	contenu 2026	
/team-gazelles-pompignacaises/	post	contenu 2026	
/le-minervois-a-rencard-a-homps/	post	contenu 2026	
/castelnaudary-cine-et-expo-autour-des-350-ans-du-canal-du-midi/	post	contenu 2026	
/une-charte-pour-le-canal-du-midi/	post	contenu 2026	
/bateau-le-colombier/	post	contenu 2026	texto corto (41 car.)
/la-domitienne-operation-grand-site/	post	contenu 2026	texto corto (41 car.)
/nissan-34-le-site-archeologique-d-enserune/	post	contenu 2026	texto corto (196 car.)
/colombiers-34-agenda-septembre/	post	contenu 2026	
/tourisme-un-bilan-estival-plutot-bon-en-haute-garonne/	post	contenu 2026	
/bram-350-ans-du-canal-du-midi-cine-et-expo-week-end/	post	contenu 2026	
/forum-des-associations-a-revel-le-03-09-2016/	post	contenu 2026	
/marseillan-une-arrivee-au-gout-sale/	post	contenu 2026	
/xxxv-eme-rallye-du-canal-du-midi-en-aviron-du-lundi-15-aout-au-samedi-20-aout-2016/	post	contenu 2026	
/animations-aigues-mortes-aout-2016/	post	contenu 2026	
/toulouse-peniches-retour-du-tenace-et-de-la-belle-chaurienne/	post	contenu 2026	
/6601-2/	post	contenu 2026	
/toulouse-comment-les-abords-du-canal-du-midi-pourraient-etre-classes/	post	contenu 2026	
/le-menu-d-ete-de-l-auberge-de-la-croisade-a-cruzy-34/	post	contenu 2026	
/aude-lharmonie-des-transports-le-dossier-du-siecle/	post	contenu 2026	
/les-randonnees-cyclistes-le-long-du-canal-du-midi/	post	contenu 2026	
/sous-legide-de-mlle-le-maire-maud-faceira-encadres-par-leur-professeur-dhistoire-geographie-m-seyaret-m-joubert-cpe-et-elodie-schaab-assistante-deducation-les-eleves-du-conseil-intermun/	post	contenu 2026	
/castelsarrasin-renforce-son-tourisme-fluvial/	post	contenu 2026	
/narbonne-sieste-musicale-mercredi-27-juillet-au-jardin-du-moulin-du-gua/	post	contenu 2026	
/label-unesco-toulouse-mise-sur-leclairage/	post	contenu 2026	
/ramonville-la-randonnee-a-velo-a-le-vent-en-poupe/	post	contenu 2026	
/chronique-xiii-le-canal-du-midi-ou-le-songe-dune-flanerie-en-montagne-noire/	post	contenu 2026	
/leau-verte-du-canal-du-midi-plutot-trouble-inquiete-les-scientifiques/	post	contenu 2026	
/350-ans-pour-le-canal-du-midi-ca-se-fete-argeliers-le-village-du-minervois-celebre-son-createur/	post	contenu 2026	
/location-bateaux-profitez-des-offres-de-derniere-minute/	post	contenu 2026	texto corto (211 car.)
/conference-et-expo-au-musee-du-canal/	post	contenu 2026	
/canal-du-rhone-a-sete-les-travaux-de-modernisation-se-poursuivent/	post	contenu 2026	
/lezignan-corbieres-les-producteurs-ont-leur-marche-en-ville-pendant-tout-lete/	post	contenu 2026	
/port-la-nouvelle-festivites-pour-la-deuxieme-quinzaine-de-juillet/	post	contenu 2026	
/port-la-nouvelle-vendredi-22-juillet-a-18heures-se-tiendra-place-leon-blum-une-rencontre-dauteurs-ou-six-ecrivains-et-dessinateurs-viendront-presenter-leurs-oeuvres/	post	contenu 2026	
/festival-musique-et-vin-a-assignan/	post	contenu 2026	
/6548-2/	post	contenu 2026	texto corto (138 car.)
/fanjeaux-ete-anime-au-coeur-des-collines-cathares/	post	contenu 2026	
/toulouse-canal-du-midi-vnf-veut-construire-de-nouveaux-chalets/	post	contenu 2026	
/un-comite-de-scientifiques-planche-sur-lavenir-du-canal-du-midi-et-ses-enjeux-alors-que-la-region-occitanie-a-lance-un-comite-de-bien-pour-le-canal-du-midi-des-scientifiques-se-regroupent-pour-echa/	post	contenu 2026	
/mika-et-son-extravagante-pop-de-retour-a-la-cite/	post	contenu 2026	
/ingrid-superwoman/	post	contenu 2026	
/un-terroir-et-des-hommes/	post	contenu 2026	
/bloc-notes-rtl2-littoral-du-11-au-17-juillet-35eme-edition-de-la-fete-de-la-mer-au-cap-dagde-exposition-3636-a-gruissan-et-le-bal-des-pompiers-a-la-caserne-dagde/	post	contenu 2026	
/le-festival-convivencia-en-etape-au-sanglier-festival-convivencia/	post	contenu 2026	
/marseillan-vins-et-produits-du-terroir-les-estivales-sont-lancees-quarante-huit-prestataires-se-sont-engages-cette-annee/	post	contenu 2026	
/carcassonne-circulation-et-stationnement-les-contraintes-du-tour/	post	contenu 2026	
/le-tour-de-france-va-sillonner-l-ouest-herault/	post	contenu 2026	
/embarquez-en-eau-douce/	post	contenu 2026	
/lodg-terres-du-midi-va-voir-le-jour/	post	contenu 2026	
/castanet-tolosan-maison-eclusiere-le-reve-se-concretise/	post	contenu 2026	
/samedi-cest-la-course-solidaire-pour-soum/	post	contenu 2026	
/concerts-animations-le-canal-du-midi-en-fete-cet-ete-pour-ses-350-ans/	post	contenu 2026	
/notre-objectif-donner-une-image-a-ce-departement-tourisme-interview-didier-cujives-conseiller-departemental-president-du-comite-departemental-du-tourisme-cdt/	post	contenu 2026	
/6496-2/	post	contenu 2026	
/france-3-languedoc-roussillon-sinstalle-chaque-jour-de-lete-au-bord-du-canal-du-midi/	post	contenu 2026	
/le-festival-convivencia-fete-ses-20-ans/	post	contenu 2026	
/trebes-ingrid-superwoman/	post	contenu 2026	
/toulouse-le-projet-de-tour-de-voies-navigables-de-france-fait-polemique/	post	contenu 2026	
/la-guinguette-d-argens-vendredi-08-juillet-repas-concert-avec-les-chats-doc-chanson-francaise-revisitee/	post	contenu 2026	
/le-1307-la-caravane-du-tour-de-france-passe-par-azillanet-34210/	post	contenu 2026	
/decouvrir-la-perle-noire-et-ses-tresors-a-velo-agde-u-34-km-de-pistes-cyclables-et-plusieurs-balades-en-vue/	post	contenu 2026	
/aude-600-km-en-paddle-sur-le-canal-du-midi-pour-une-ex-femme-battue/	post	contenu 2026	
/une-classe-de-pujaut-au-fil-de-leau-sur-le-canal-du-midi/	post	contenu 2026	
/marais-du-narbonnais-les-reseaux-hydrauliques-viennent-detre-restaures/	post	contenu 2026	
/villefranche-de-lauragais-la-3e-course-a-pied-citoyenne-samedi/	post	contenu 2026	
/plus-de-la-moitie-des-platanes-abattus-restent-a-replanter/	post	contenu 2026	
/le-canal-atout-majeur-du-departement/	post	contenu 2026	
/le-languedoc-roussillon-terre-daccueil-de-tournages-cinema-u-des-progres-consequents-depuis-dix-ans-49-oeuvres-differentes-ont-ete-filmees-sur-les-cinq-departements-en-2015/	post	contenu 2026	
/animations-juin-et-juillet-a-aigues-mortes/	post	contenu 2026	
/repas-concert-a-l-auberge-du-somail-avec-dandy/	post	contenu 2026	texto corto (172 car.)
/sur-le-canal-du-midi-dans-lherault/	post	contenu 2026	
/toulouse-veut-developper-des-autoroutes-dediees-aux-velos/	post	contenu 2026	
/fresque-du-canal-du-midi/	post	contenu 2026	
/aude-230-millions-deuros-pour-le-canal-du-midi/	post	contenu 2026	
/tchatches-gourmandes-au-vignoble-organisee-le-jeudi-30-juin-2016-a-19h30-a-la-cave-du-chateau-de-colombiers-sur-le-port-fluvial-du-canal-du-midi/	post	contenu 2026	
/le-canal-patrimoine-historique-exceptionnel/	post	contenu 2026	texto corto (39 car.)
/colombiers-34-des-rives-du-canal-a-l-etang-de-montady/	post	contenu 2026	texto corto (38 car.)
/le-canal-fete-ses-350-ans/	post	contenu 2026	texto corto (39 car.)
/gardouch-un-nouveau-bistrot-sinstalle-dans-la-maison-eclusiere/	post	contenu 2026	
/toulouse-randonnez-a-velo-sur-le-canal-du-midi/	post	contenu 2026	
/sauvegarde-du-canal-du-midi-nouvelle-campagne-le-lien-qui-nous-unit/	post	contenu 2026	
/villesequelande-presentation-du-projet-de-film-le-songe-de-naurouze/	post	contenu 2026	
/apero-concert-le-dimanche-26-juin-a-argens-minervois-organise-par-comargens-association-de-vignerons-commercants-et-artisans-dargens/	post	contenu 2026	
/defile-de-mode-a-marseillan-34/	post	contenu 2026	
/colombiers-le-canal-du-midi-ce-joli-fil-conducteur/	post	contenu 2026	
/6403-2/	post	contenu 2026	
/a-350-ans-le-canal-du-midi-entre-deux-eaux/	post	contenu 2026	
/tourisme-la-renaissance-du-canal-du-midi/	post	contenu 2026	
/nissan-34-insolite-a-loppidum-propose-du-25-juin-au-18-septembre-un-parcours-ou-les-oeuvres-de-lartiste-biterrois-lionel-laussedat-rencontrent-les-vestiges-pour-mieux-apprehend/	post	contenu 2026	
/actualites-portiragnes-portiragnes/	post	contenu 2026	
/6387-2/	post	contenu 2026	
/plantation-de-platanes-badet-clement-en-soutien-du-canal-du-midi/	post	contenu 2026	
/officiels-agglo-beziers-agglo-beziers-cabm-canal-du-midi-du-malpas-a-fonseranes-frederic-lacas-presente-loperation-grand-site-de-france-aux-professionnels-agglo-beziers-cabm-canal-du/	post	contenu 2026	
/gardouch-le-bar-decluse-lestanquet-a-ouvert-ses-portes/	post	contenu 2026	
/edit-royal-expose-au-musee-jardins-du-canal-du-midi/	post	contenu 2026	
/le-somail-michel-alquier-et-jocelyne-bonzom-exposent-a-loffice-du-tourisme/	post	contenu 2026	
/narbonne-st-pierre-la-mer-premiere-plage-non-fumeur-de-la-region/	post	contenu 2026	
/beziers-et-environs-agenda-du-jour-et-du-week-end-a-venir/	post	contenu 2026	
/beziers-balades-sur-les-flots-de-lorb/	post	contenu 2026	
/tour-de-france-a-velo-en-famille/	post	contenu 2026	
/bravo-emmy/	post	contenu 2026	
/tous-pour-riquet-et-son-songe-de-naurouze-le-cinema-pres-de-chez-vous-cine-club/	post	contenu 2026	
/vendredi-conference-sur-les-canaux-du-midi-vus-du-ciel/	post	contenu 2026	
/nettoyage-des-berges-du-canal-du-midi/	post	contenu 2026	texto corto (275 car.)
/jeu-concours-les-350-ans-du-canal-du-midi/	post	contenu 2026	
/les-ecles-a-la-decouverte-du-canal-du-midi/	post	contenu 2026	
/pezenas-au-programme-de-la-mirondela-dels-arts/	post	contenu 2026	
/le-canal-du-midi-fete-sa-naissance/	post	contenu 2026	
/toulouse-un-ballet-nautique-pour-les-350-ans-du-canal-du-midi/	post	contenu 2026	
/robert-menard-fait-escale-a-narbonne-pour-la-fete-de-leau/	post	contenu 2026	
/midi-pyrenees-haute-garonne-toulouse-une-petition-reclame-larret-de-labattage-des-platanes-du-canal-du-midi/	post	contenu 2026	
/narbonne-fete-de-l-eau-samedi-4-juin-sur-les-berges-de-la-robine/	post	contenu 2026	texto corto (243 car.)
/les-350-ans-du-canal-du-midi/	post	contenu 2026	
/toulouse-spectacle-de-lembouchure-on-recherche-des-figurants/	post	contenu 2026	
/emission-speciale-anniversaire-du-canal-du-midi-et-finale-de-pro-d2-ce-week-end-sur-france-3-midi-pyrenees/	post	contenu 2026	
/photos-du-canal-entre-colombiers-et-beziers/	post	contenu 2026	texto corto (0 car.) · iframe
/carcassonne-ce-trace-2016-ressemble-davantage-a-celui-dun-marathon-athletisme-gerard-laterrasse-president-de-lasc-athletisme-interview/	post	contenu 2026	
/saint-marcel-sur-aude-festival-des-classiques-de-saint-marcel/	post	contenu 2026	
/le-somail-philippe-calas-presente-son-dernier-livre/	post	contenu 2026	
/echos-de-lassociation-darts-plastiques-garonne-et-canal/	post	contenu 2026	
/total-festum-2016-en-alaric/	post	contenu 2026	
/beziers-le-cafe-citoyen-lavenir-du-canal/	post	contenu 2026	
/toulouse-proprete-pour-un-plan-canal-du-midi/	post	contenu 2026	
/canal-du-midi-et-mobilitepatrimoine-historique-du-31-mai-au-2-juin/	post	contenu 2026	
/les-benevoles-du-chateau-preparent-les-festivites/	post	contenu 2026	
/bientot-un-fret-fluvial-a-toulouse-sur-le-canal-du-midi-une-etude-est-lancee-tisseo-a-approuve-mercredi-25-mai-la-mise-en-place-dune-etude-de-faisabilite-pour-la-creation-dun-fret-fluvial-sur-le/	post	contenu 2026	
/animations-de-juin-a-aigues-mortes/	post	contenu 2026	
/castanet-tolosan-quel-avenir-pour-la-maison-eclusiere/	post	contenu 2026	
/vnf-operation-berges-saines/	post	contenu 2026	texto corto (34 car.)
/la-creation-du-lac-de-marciac-le-long-voyage-de-la-peniche/	post	contenu 2026	
/6282-2/	post	contenu 2026	
/6279-2/	post	contenu 2026	
/le-canal-son-passe-et-son-avenir/	post	contenu 2026	
/nettoyage-des-berges-de-garonne-et-des-canaux-environnement/	post	contenu 2026	
/anniversaire-sous-les-cameras-des-racines-et-des-ailes/	post	contenu 2026	
/beziers-problemes-actuels-et-avenir-du-canal-du-midi-au-cafe-citoyen-de-beziers/	post	contenu 2026	
/beziers-et-les-350-ans-du-canal-du-midi/	post	contenu 2026	
/6263-2/	post	contenu 2026	
/les-21-et-22-mai-les-moulins-du-lauragais-ouvrent-leurs-portes-les-21-et-22%e2%80%afmai-les-moulins-ouvrent-leurs-portes-a-loccasion-des-journees-europeennes-des-moulins-et-du-patrimoine-me/	post	contenu 2026	
/sons-et-lumieres-a-saint-ferreol/	post	contenu 2026	
/carcassonne-canal-du-midi-un-pique-nique-pour-replanter-les-arbres/	post	contenu 2026	
/les-musees-du-lauragais-ouvrent-leurs-portes-de-nuit-les-musees-lauragais-ouvrent-leurs-portes-lors-dune-nocturne-a-loccasion-de-la-nuit-europeenne-des-musees/	post	contenu 2026	
/toulouse-matabiau-le-projet-de-couverture-du-canal-du-midi-fait-debat/	post	contenu 2026	
/la-maison-du-malpas-obtient-le-label-tourisme-handicap/	post	contenu 2026	texto corto (49 car.)
/a-pied-a-velo-sur-les-chemins-de-rando/	post	contenu 2026	texto corto (49 car.)
/sur-la-route-sete-philippe-meynard-au-pays-de-brassens/	post	contenu 2026	
/marie-therese-delaunay-sous-prefete-pour-le-canal-du-midi/	post	contenu 2026	
/operation-grand-site-de-france-l-association-s-ouvre-a-de-nouveaux-membres/	post	contenu 2026	texto corto (46 car.)
/le-projet-urbain-autour-de-la-gare-de-toulouse-est-entre-en-phase-de-concertation/	post	contenu 2026	
/revel-des-racines-et-des-ailes-en-tournage-a-saint-ferreol/	post	contenu 2026	
/sur-la-route-sete-philippe-meynard-est-a-beziers-avant-derniere-etape-bouclee-pour-lancien-maire-de-barsac-arrive-a-beziers-ce-lundi-demain-il-sera-a-sete/	post	contenu 2026	
/toulouse-nouveau-quartier-matabiau-la-rue-bayard-livree-mi-2017-le-nouveau-parvis-en-2019/	post	contenu 2026	
/6211-2/	post	contenu 2026	
/toulouse-transforme-les-allees-jean-jaures-en-rambla/	post	contenu 2026	
/toulouse-le-canal-du-midi-350-ans-au-fil-de-leau/	post	contenu 2026	
/region-un-nom-et-des-questions-nouvelle-grande-region-consultation-populaire/	post	contenu 2026	
/le-pont-canal-sauve-des-eaux-grands-chantiers/	post	contenu 2026	
/6192-2/	post	contenu 2026	
/la-mediatheque-de-florensac-fete-les-350-ans-du-canal-du-midi/	post	contenu 2026	
/la-metamorphose-du-marathon-de-toulouse-metropole-marathon-de-toulouse-course-a-pied/	post	contenu 2026	
/laude-squatte-france-television-a-laide-de-spots-publicitaires/	post	contenu 2026	
/programme-festivites-aigues-mortes-du-4-au-8-mai-2016/	post	contenu 2026	texto corto (178 car.)
/trois-villes-narbonne-carcassonne-et-beziers-sassocient-pour-un-canal/	post	contenu 2026	
/vias-operation-seduction-pour-vias-mediterranee/	post	contenu 2026	
/la-redorte-soiree-cine-debat-autour-de-pierre-paul-riquet/	post	contenu 2026	
/cp-les-chemins-du-midi-a-bicyclette/	post	contenu 2026	
/la-mairie-communique-alerte-travaux-routiers-a-trebes/	post	contenu 2026	
/agglo-beziers-cabm-vingt-journalistes-issus-de-la-presse-nationale-decouvrent-la-rehabilitation-de-fonseranes/	post	contenu 2026	
/colombiers-reynelle-et-arnaud-retournent-a-leurs-premieres-amours/	post	contenu 2026	
/sorreze-une-centaine-de-personnes-pour-la-bourse-dechanges-touristiques/	post	contenu 2026	
/revel-35-tricyclecars-vont-sillonner-le-lauragais-pendant-4-jours/	post	contenu 2026	
/beziers-le-saint-patron-fete-aux-beaux-jours-du-printemps/	post	contenu 2026	
/agen-un-nouveau-film-sur-le-createur-du-canal-en-preparation/	post	contenu 2026	
/beziers-fete-de-saint-aphrodise/	post	contenu 2026	
/cent-vues-de-narbonne-dans-un-livre-de-laurent-bonneau/	post	contenu 2026	
/sur-les-nouveaux-sentiers-de-randonnee-de-la-haute-garonne/	post	contenu 2026	
/projet-de-tournage-sur-le-canal-du-midi-le-songe-de-paul-riquet/	post	contenu 2026	
/beziers-longer-les-neuf-ecluses-a-pied-nest-plus-possible/	post	contenu 2026	
/beziers-longer-les-neuf-ecluses-a-pied-n-est-plus-possible/	post	contenu 2026	texto corto (43 car.)
/programme-musee-amphoralis-salleles-d-aude/	post	contenu 2026	
/en-paddle-de-locean-a-la-mediterranee/	post	contenu 2026	
/toulouse-vingt-six-ans-de-canal-pour-loccitania/	post	contenu 2026	
/vias-randonnee-vttvtc-entre-canal-du-midi-et-vignobles-autour-dun-rallye-decouverte/	post	contenu 2026	
/carcassonne-une-peniche-a-contre-courant/	post	contenu 2026	
/le-velo-axe-fort-du-developpement-touristique-dans-le-departement-haute-garonne/	post	contenu 2026	shortcodes: caption
/reouverture-de-la-guinguette-a-argens/	post	contenu 2026	texto corto (284 car.)
/actualites-agglo-beziers-beziers-ot-beziers-mediterranee-visites-guidees-du-dimanche-17-avril-2016-pour-les-350-ans-du-canal-du-midi/	post	contenu 2026	
/la-fete-du-malpas/	post	contenu 2026	
/vernissage-au-chateau-de-ventenac/	post	contenu 2026	texto corto (0 car.)
/expositions-a-olonzac/	post	contenu 2026	
/le-chancre-colore-du-platane/	post	contenu 2026	
/voie-verte-du-lido/	post	contenu 2026	
/revel-prets-pour-la-nouvelle-saison-touristique-tourisme-musee-et-jardins-du-canal-du-midi/	post	contenu 2026	
/beziers-pierre-paul-riquet-vous-raconte-son-canal/	post	contenu 2026	
/un-monde-de-delicatesse-a-la-biennale-internationale-daquarelle/	post	contenu 2026	
/ramonville-les-recreatives-en-balade-sur-le-canal/	post	contenu 2026	
/entre-atlantique-et-mediterranee-zoom-sur-une-piste-cyclable-de-800-km-qui-traverse-toulouse/	post	contenu 2026	
/12-3-canal/	post	contenu 2026	
/bassan-une-conference-sur-deux-hommes-dexception-paul-riquet-et-vauban-deux-hommes-et-un-canal/	post	contenu 2026	
/debroussaillage-du-canal-du-midi/	post	contenu 2026	texto corto (28 car.)
/6042-2/	post	contenu 2026	
/montbrun-lauragais-metro-le-plb-rejoindra-le-moulin-une-source-proche-du-maire-de-toulouse-nous-a-revele-travailler-sur-un-projet-de-desserte-de-montbrun-lauragais-par-le-prolongement-de-la-ligne-b/	post	contenu 2026	
/toulouse-cest-reparti-pour-la-course-solidaire-du-canal-du-midi/	post	contenu 2026	shortcodes: caption
/bientot-du-canoe-et-du-stand-up-paddle-a-port-lauragais-a-port-lauragais-on-pourra-bientot-faire-du-canoe-ou-en-stand-up-paddle-presentation-de-ce-nouveau-service-avec-les-acteurs-du-tourisme-autour/	post	contenu 2026	
/agde-anniversaire-un-spectacle-son-et-lumiere-pour-les-350-ans-du-canal-du-midi/	post	contenu 2026	
/beziers-ot-beziers-mediterranee-visite-guidee-speciale-350-ans-du-canal-du-midi/	post	contenu 2026	
/agenda-activites-autour-de-capestang-34310/	post	contenu 2026	
/grande-braderie-de-livres-a-carcassonne/	post	contenu 2026	
/programme-du-festival-convivencia-2016/	post	contenu 2026	texto corto (45 car.)
/ca-tourne-au-chateau/	post	contenu 2026	
/trois-idees-pour-se-balader-a-velo-a-toulouse-et-alentours-en-velo-a-toulouse-le-week-end-quelle-direction-prendre-pour-soffrir-un-peu-de-campagne-et-de-nature%e2%80%89-voici-quelques-piste/	post	contenu 2026	
/toulouse-larchitecte-star-dominique-perrault-redessine-un-quartier-oublie/	post	contenu 2026	
/narbonne-marie-therese-sur-la-robine-tourisme-fluvial/	post	contenu 2026	
/programme-festivites-aigues-mortes/	post	contenu 2026	
/narbonne-le-chemin-de-halage-du-canal-est-ferme-jusquau-31-mai/	post	contenu 2026	
/les-adieux-des-narbonnais-a-la-marie-therese-amarree-jeudi-sur-les-barques-2/	post	contenu 2026	
/les-adieux-des-narbonnais-a-la-marie-therese-amarree-jeudi-sur-les-barques/	post	contenu 2026	
/escale-a-sete-fete-les-350-ans-du-port/	post	contenu 2026	
/27-03-16-cap-dagde-le-cap-dagde-celebre-les-350-ans-du-canal-du-midi/	post	contenu 2026	
/2016-annee-canal-du-midi/	post	contenu 2026	
/revel-la-bastide-a-la-television-ce-lundi-21-mars/	post	contenu 2026	
/et-si-vous-deveniez-coproducteur-de-film/	post	contenu 2026	
/le-somail-ouverture-de-l-auberge-du-somail/	post	contenu 2026	
/les-nouvelles-offres-du-chateau-les-carrasses/	post	contenu 2026	
/les-anglais-et-le-canal-du-midi-une-longue-histoire-damour/	post	contenu 2026	
/bonne-nouvelle-la-navigation-libre-sur-le-canal-du-midi-reprend-le-17-mars/	post	contenu 2026	texto corto (49 car.)
/pour-feter-ses-350-ans-le-canal-du-midi-soffre-un-film-avec-bernard-le-coq/	post	contenu 2026	
/le-canal-du-midi-sera-classe-monument-historique-pour-rassurer-lunesco/	post	contenu 2026	
/les-350-ans-du-canal-du-midi-en-quelques-dates-le-canal-du-midi-fete-cette-annee-ses-350-ans-retour-en-quelques-dates-sur-louvrage-de-pierre-paul-riquet-et-sur-une-longue-histoire-de-navigation-en/	post	contenu 2026	
/campagne-de-mecenat-pour-sauver-les-platanes-du-canal-du-midi/	post	contenu 2026	shortcodes: CARENEWS
/beziers-sur-le-canal-du-midi-le-site-des-neuf-ecluses-va-subir-un-important-lifting-tourisme-elles-sont-le-3e-site-le-plus-visite-du-languedoc-roussillon-avec-450-000-visiteurs-par-an/	post	contenu 2026	
/france-3-fete-les-350-ans-du-canal-du-midi-jeudi-17-mars/	post	contenu 2026	iframe
/toulouse-aller-voir-de-vieux-bateaux-a-bord-dun-vieux-train/	post	contenu 2026	
/les-benevoles-preparent-le-domaine-de-riquet/	post	contenu 2026	
/cap-dagde-il-celebre-les-350-ans-du-canal-du-midi-avec-le-reve-de-riquet-le-27-mars-2016/	post	contenu 2026	
/20-03-16-agde-association-sud-equi-libre-animation-pour-les-enfants-le-carnaval-du-printemps-le-dimanche-20-mars-2016-de-14h-a-17h/	post	contenu 2026	
/agde-la-restauration-du-fort-brescou-se-fera-avec-vous-patrimoine-u-une-souscription-populaire-est-desormais-ouverte-particuliers-et-entrepreneurs-sont-invites-a-participer/	post	contenu 2026	
/beziers-des-travaux-pour-valoriser-les-neuf-ecluses-de-fonseranes/	post	contenu 2026	
/le-role-de-leclusier/	post	contenu 2026	
/5872-2/	post	contenu 2026	
/beziers-sur-le-canal-du-midi-le-site-des-neuf-ecluses-va-subir-un-important-lifting/	post	contenu 2026	
/narbonne-leau-ce-patrimoine-precieux-sexpose-a-la-mediatheque/	post	contenu 2026	
/si-le-canal-du-midi-metait-conte/	post	contenu 2026	
/sollicites-depuis-lundi-sur-ce-dossier-ni-le-president-de-tisseo-jean-michel-lattes-ni-celui-de-toulouse-metropole-nont-accepte-de-repondre-a-la-depeche-hier-en-fin-dapres-midi-toulouse-metro/	post	contenu 2026	
/pays-lauragais-les-projets-du-petr-pour-2016/	post	contenu 2026	
/carcassonne-au-centre-de-laviron/	post	contenu 2026	
/beziers-ecluses-de-fonseranes-lancement-des-travaux-le-4-mars/	post	contenu 2026	
/350-ans-du-canal-du-midi-spectacle-le-reve-de-riquet/	post	contenu 2026	
/dessine-moi-le-canal-du-midi-les-enfants-invites-a-croquer-ce-cours-deau/	post	contenu 2026	
/cycleau-midi-metait-conte-se-lance-dans-laventure/	post	contenu 2026	
/agde-bientot-un-nouveau-visage-pour-le-canal-du-midi/	post	contenu 2026	
/promeneurs-et-particuliers-prenez-garde-a-la-chenilleprocessionnaire%e2%80%ac/	post	contenu 2026	
/larret-de-labattage-et-la-mise-en-place-dun-traitement-100-naturel-qui-a-fait-ses-preuves-concernant-les-platanes-du-canal-du-midi/	post	contenu 2026	
/navicanal-croisiere-sur-le-canal-du-midi-et-des-deux-mers-canaldumid/	post	contenu 2026	iframe
/aude-le-monde-paysan-deborde-par-la-norme/	post	contenu 2026	
/350-ans-du-canal-du-midi-balade-photo-au-fil-de-leau-et-des-ecluses/	post	contenu 2026	texto corto (286 car.)
/carcassonne-trois-maires-reunis-pour-sauver-le-canal-du-midi/	post	contenu 2026	
/herault-pour-le-secret-delise-tf1-a-mise-sur-marseillan/	post	contenu 2026	
/canal-de-la-robine/	page	contenu 2026	Elementor
/canal-du-midi-18-million-deuros-pour-les-platanes/	post	contenu 2026	
/toulouse-inscrit-au-patrimoine-mondial-le-canal-du-midi-dit-merci-a-ses-mecenes/	post	contenu 2026	
/bram-canal-du-midi-les-tilleuls-remplacent-les-platanes/	post	contenu 2026	
/offre-d-emploi-beziers-bord-du-canal-du-midi/	post	contenu 2026	
/jean-marc-sabathe-mon-rapport-sur-le-canal-du-midi-est-decoiffant/	post	contenu 2026	
/sos-platanes-sur-le-canal-du-midi/	post	contenu 2026	
/canal-du-midi-5800-arbres-replantes-dici-lhiver-prochain/	post	contenu 2026	
/le-canal-du-midi-se-soigne/	post	contenu 2026	
/toulouse-marathon-le-nouveau-trace-sera-100-toulousain/	post	contenu 2026	
/de-la-plage-a-la-dune-un-defi-a-relever-du-17-au-23-juillet/	post	contenu 2026	
/lere-du-biocontrole-est-arrivee/	post	contenu 2026	
/naissance-du-cassoulet-selon-la-grande-confrerie-du-cassoulet/	post	contenu 2026	
/toulouse-7-et-8-fevrier-fete-de-la-violette/	post	contenu 2026	
/offre-d-emploi-sur-le-canal/	post	contenu 2026	
/castelnaudary-le-senateur-courteau-soutient-le-combat-saint-martinois/	post	contenu 2026	
/le-tour-du-seuil-de-naurouze/	post	contenu 2026	
/sports-beziers-beziers-la-frappadingue-arrive-a-beziers-le-27-mars-2016/	post	contenu 2026	
/saint-martin-lalande-touchez-pas-a-nos-platanes/	post	contenu 2026	
/france-3-en-tournage-a-narbonne/	post	contenu 2026	
/la-notoriete-de-carcassonne-na-pas-de-limites/	post	contenu 2026	shortcodes: Dh35,Dh41,Dh49,Dh25
/limoux-un-sandre-de-72-kg-a-ete-peche-samedi-dans-le-canal-du-midi/	post	contenu 2026	
/aude-visitez-la-marie-therese-a-lecluse-de-mandirac/	post	contenu 2026	
/un-traitement-preventif-pour-vaincre-le-chancre-colore/	post	contenu 2026	
/vnf-recrute-des-eclusiers-saisonniers/	post	contenu 2026	
/narbonne-le-pont-des-marchands-sur-la-robine/	post	contenu 2026	
/platanes-au-bord-du-canal-du-midi-experimentation-lancee/	post	contenu 2026	
/trebes-derniere-annee-pour-loffice-de-tourisme-sous-regime-associatif/	post	contenu 2026	
/sete-chancre-colore-sete-abat-ses-platanes-contamines/	post	contenu 2026	
/canal-du-midi-la-lueur-despoir-pour-la-sauvegarde-des-platanes-confirmee-au-senat/	post	contenu 2026	
/hotel-barge-clair-de-lune-will-cruise-a-new-route/	post	contenu 2026	
/canal-de-la-robine-rdv-a-la-chaussee-de-mandirac/	post	contenu 2026	
/languedoc-roussillon-aude-narbonne-narbonne-la-ville-nettoie-le-canal-de-la-robine-pour-lui-redonner-tout-son-eclat/	post	contenu 2026	
/il-y-a-350-ans-la-source-du-canal/	post	contenu 2026	
/sete-sale-temps-pour-les-platanes-de-lesplanade/	post	contenu 2026	
/narbonne-un-prix-special-jeune-photographe/	post	contenu 2026	
/les-berges-du-canal-du-midi-enneigees/	post	contenu 2026	texto corto (75 car.)
/le-tourisme-fluvial-a-sa-convention-daffaires/	post	contenu 2026	
/fete-de-la-cocagne-2016/	post	contenu 2026	
/bonrepos-riquet-quel-avenir-pour-lorangerie/	post	contenu 2026	
/il-a-neige-aussi-sur-gruissan/	post	contenu 2026	texto corto (39 car.)
/decouverte-du-parc-naturel-region-de-la-narbonnaise-en-mediterranee/	post	contenu 2026	
/dans-la-presse-italienne/	post	contenu 2026	
/neige-dans-laude-et-lherault-toutes-les-images/	post	contenu 2026	texto corto (218 car.)
/le-canal-de-la-robine-sous-la-neige/	post	contenu 2026	texto corto (63 car.)
/le-canal-du-midi-aujourdhui-sous-la-neige-ici-le-port-de-carcassonne/	post	contenu 2026	texto corto (46 car.)
/castelnaudary-le-canal-a-nouveau-navigable/	post	contenu 2026	
/a-%e2%80%aa%e2%80%ac-gruissan-aude-couche-de-soleil-sur-des-capechades-filets-et-nasses-traditionnelles-qui-sont-posees-dans-letang-pour-la-peche-a-languille/	post	contenu 2026	
/revel-cherche-artistes-pour-vagabonder-en-lauragais/	post	contenu 2026	
/castanet-tolosan-davantage-de-brochets-seront-laches-dans-le-canal/	post	contenu 2026	
/5157-2/	post	contenu 2026	
/meilleurs-voeux-2016-a-nos-tous-nos-visiteurs/	post	contenu 2026	texto corto (30 car.)
/toulouse-parvis-matabiau-canal-souterrain-esplanade-pietonne-et-tour-de-verre/	post	contenu 2026	
/agenda-auterive-31190/	post	contenu 2026	
/transport-fluvial-le-fret-bientot-de-retour-sur-le-canal-lateral/	post	contenu 2026	
/innovation-des-projets-de-beach-park-a-saint-pierre-la-mer-gruissan-et-leucate/	post	contenu 2026	
/herault-a-sete-reprise-explosive-pour-le-tournage-de-la-serie-candice-renoir/	post	contenu 2026	
/carcassonne-le-club-daviron-a-fait-ses-debuts-au-lac-de-la-cavayere/	post	contenu 2026	
/platanes-malades-du-canal-du-midi-un-remede-a-lessai/	post	contenu 2026	
/canal-du-midi-a-agde-les-berges-ont-besoin-detre-consolidees/	post	contenu 2026	
/des-platanes-contamines-sur-la-route-de-goyrans/	post	contenu 2026	
/narbonne-une-ville-en-chantier-pour-anticiper-demain/	post	contenu 2026	
/rramonville-saint-agne-port-technique-la-peniche-sera-rallongee-de-10-metres/	post	contenu 2026	
/la-varangue-le-canal-du-midi-raconte-autrement/	post	contenu 2026	
/les-evenements-qui-vous-attendent-en-2016-en-haute-garonne/	post	contenu 2026	
/ramonville-saint-agne-le-chancre-colore-nest-pas-une-fatalite/	post	contenu 2026	
/narbonne-nettoyage-du-canal-de-la-robine-2/	post	contenu 2026	
/feeries-de-narbonne-11/	post	contenu 2026	
/patrick-clerc-artiste-nouvellement-installe-a-paraza-11/	post	contenu 2026	
/narbonne-nettoyage-du-canal-de-la-robine/	post	contenu 2026	
/vias-la-magie-de-noel-sinstalle-et-fait-scintiller-la-commune-les-animations-debutent-ce-vendredi-18-decembre-au-soir/	post	contenu 2026	texto corto (0 car.)
/co-produisez-un-film-sur-pierre-paul-riquet/	post	contenu 2026	
/agde-les-souches-des-platanes-du-canal-du-midi-ont-ete-arrachees/	post	contenu 2026	
/castelnaudary-qui-va-debarrasser-le-canal-en-chomage-de-ses-dechets/	post	contenu 2026	
/les-feeries-de-l-oulibo/	post	contenu 2026	texto corto (266 car.)
/vic-fezensac-causerie-sur-le-canal-du-midi/	post	contenu 2026	
/marche-de-noel-aux-caves-richemer-a-marseillan/	post	contenu 2026	texto corto (280 car.)
/offrir-une-balade-au-bord-du-canal-pour-les-fetes/	post	contenu 2026	texto corto (113 car.)
/lezignan-corbieres-le-marche-de-noel-revient-enchanter-le-grand-moulin/	post	contenu 2026	
/mirepeisset-11-frelons-asiatiques-en-bord-de-rigole/	post	contenu 2026	
/la-nuit-du-gospel-avec-craig-adams-a-capestang-34310/	post	contenu 2026	
/plus-de-1213-me-pour-45-projets/	post	contenu 2026	
/nouvelle-region-tous-les-atouts-dans-son-jeu/	post	contenu 2026	
/dans-un-coing-de-la-memoire/	post	contenu 2026	
/capestang-les-aquarelles-de-daniel-fraisse-exposees-a-la-mediatheque/	post	contenu 2026	
/actualites-festivites-aigues-mortes/	post	contenu 2026	
/canal-du-midi-les-groupes-constitues-au-fil-de-leau-les-peniches-peuvent-accueillir-jusqua-38-passagers/	post	contenu 2026	
/a-beziers-linventeur-du-canal-du-midi/	post	contenu 2026	
/narbonne-au-chantier-dinsertion-du-pnr-lesperance-revit/	post	contenu 2026	
/castelnaudary-il-se-fait-voler-son-velo-et-le-retrouve-en-vente-sur-internet-entre-juin-et-septembre-plusieurs-vols-de-velo-avaient-ete-commis-quai-du-port-a-castelnaudary-lune-des-victimes-a/	post	contenu 2026	
/castelnaudary-petits-travaux-au-canal-du-midi-pendant-le-chomage/	post	contenu 2026	
/beziers-un-telepherique-entre-canal-du-midi-et-centre-ville-devrait-voir-le-jour/	post	contenu 2026	
/chez-l-eclusier-a-colombiers-34-soiree-musicale-le-20-11-2015/	post	contenu 2026	
/revel-la-frequentation-en-forte-hausse/	post	contenu 2026	
/bram-canal-du-midi-des-tilleuls-a-la-place-des-platanes/	post	contenu 2026	
/en-2015-115-me-verses-par-la-region-a-lagglo-beziers-mediterranee/	post	contenu 2026	
/expo-a-la-mediatheque-sur-le-canal-du-midi-a-belberaud-31-du-11112015-au-25112015/	post	contenu 2026	
/capestang-balades-vigneronnes-le-domaine-moulin-gimie-joue-les-prolongations/	post	contenu 2026	
/les-laureats-de-notre-concours-instagram-dans-la-depeche-fr/	post	contenu 2026	texto corto (30 car.)
/rustiques-11-un-nouveau-gite-a-ouvert/	post	contenu 2026	
/quatre-mois-de-travaux-au-bassin-de-lampy-les-cammazes-81/	post	contenu 2026	
/nuit-des-territoires-2015-pour-une-pertinence-des-amenagements/	post	contenu 2026	
/des-cypres-pour-remplacer-les-platanes/	post	contenu 2026	
/castelnaudary-en-marche-pour-un-tour-du-grand-bassin-a-pied/	post	contenu 2026	
/dates-de-fermetures-du-canal/	post	contenu 2026	texto corto (62 car.)
/puicheric-11-chomage-du-canal-du-midi/	post	contenu 2026	
/recommande-sur-tripadvisor/	post	contenu 2026	texto corto (30 car.)
/narbonne-le-street-fishing-appate-40-pecheurs/	post	contenu 2026	
/grande-region-un-nouveau-courant-pour-le-canal-du-midi/	post	contenu 2026	
/midi-pyrenees-languedoc-roussillon-leconomie-touristique-attend-son-business-model/	post	contenu 2026	
/toulouse-matabiau-les-jeunes-du-cfa-ont-nettoye-les-berges-du-canal-du-midi/	post	contenu 2026	
/pompertuzat-un-vrombissement-insolite/	post	contenu 2026	
/au-somail-renouveau-pour-la-maison-bonnal/	post	contenu 2026	
/toulouse-guilhemery-des-droles-de-jupes-pour-les-platanes-du-canal/	post	contenu 2026	
/canal-trouver-des-solutions-pour-soigner-sans-empoisonner/	post	contenu 2026	
/sport-une-course-nautique-et-des-balades-en-canoe-sur-le-canal-du-midi-samedi-17-octobre/	post	contenu 2026	
/vaccin-du-chancre-colore-le-cetev-ne-jette-pas-leponge/	post	contenu 2026	texto corto (208 car.)
/la-lucques-nouvelle-en-fete-a-loulibo-a-bize-minervois/	post	contenu 2026	
/bernard-le-coq-joue-pierre-paul-riquet-si-je-navais-pas-ete-acteur-jaurais-ete-dans-le-batiment/	post	contenu 2026	
/le-somail-le-trouve-tout-du-livre-a-accueilli-bernard-lecoq/	post	contenu 2026	
/narbonne-septembre-un-bon-mois-pour-loffice-de-tourisme/	post	contenu 2026	
/haute-garonne-bernard-le-coq-va-incarner-pierre-paul-riquet-tournage-un-film-va-retracer-la-vie-de-linventeur-du-canal-du-midi-avec-bernard-le-coq-dans-le-role-titre/	post	contenu 2026	
/canal-du-midi-le-film-sur-pierre-paul-riquet-entre-dans-sa-phase-decisive/	post	contenu 2026	
/marseillan-les-hippocampes-de-la-lagune-bientot-sur-tf1-vendredi-dernier-une-equipe-a-tourne-sur-le-bassin-de-thau/	post	contenu 2026	
/vnf-mot-du-jour-tirant-deau/	post	contenu 2026	texto corto (248 car.)
/les-traitements-de-la-maladie-des-platanes-abandonnes/	post	contenu 2026	
/premiere-course-nautique-sur-le-canal-du-midi/	post	contenu 2026	
/une-croisiere-sur-le-canal-du-midi/	post	contenu 2026	
/narbonnais-le-comedien-bernard-le-coq-sera-au-somail-samedi-10-octobre/	post	contenu 2026	
/plus-que-10-jours-pour-le-concours-instagram/	post	contenu 2026	texto corto (30 car.)
/narbonne-la-cci-etudie-limpact-du-canal-du-midi-sur-le-tourisme/	post	contenu 2026	
/reservez-votre-soiree-du-10-octobre-la-fabuleuse-histoire-de-monsieur-riquet-au-port-du-somail-en-plein-air-avec-la-presence-de-jean-perisse-realisateur-et-du-comedien-bernard-le-coq/	post	contenu 2026	texto corto (0 car.)
/canal-un-potentiel-economique-majeur/	post	contenu 2026	
/colombiers-concert-au-barrio-latino/	post	contenu 2026	
/rencontres-du-film-darcheologie-du-grand-narbonne/	post	contenu 2026	
/les-platanes-du-canal-du-midi-remplaces-par-des-chenes-seules-deux-varietes-de-chene-ont-finalement-ete-retenues-pour-remplacer-les-platanes-malades-qui-bordent-le-canal-historique-reliant-toulouse-a/	post	contenu 2026	
/essayez-gratuitement-vos-vacances-2016/	post	contenu 2026	texto corto (78 car.)
/salleles-d-aude-musee-amphoralis/	post	contenu 2026	
/vivre-le-canal-le-3-octobre-prochain/	post	contenu 2026	
/fete-de-la-gastronomie-2015-chez-l-eclusier/	post	contenu 2026	
/salleles-d-aude-musee-des-potiers-damphoralis-frequentation-record-aux-journees-du-patrimoine/	post	contenu 2026	
/classement-des-abords-du-canal-la-commission-dit-non/	post	contenu 2026	
/canal-du-midi-les-platanes-malades-remplaces-par-des-chene/	post	contenu 2026	
/longeur-largeur-des-ecluses-tirant-deau-tirant-dair-sur-le-canal-du-midi/	page	contenu 2026	
/dimanche-prochain-on-nettoie-les-berges-du-canal/	post	contenu 2026	
/le-canal-a-lere-numerique/	post	contenu 2026	
/carcassonne-presentation-officielle-dune-application-mobile-sur-le-canal-du-midi/	post	contenu 2026	
/des-chenes-pour-remplacer-les-platanes-malades-du-canal-du-midi/	post	contenu 2026	
/information-du-musee/	post	contenu 2026	texto corto (30 car.)
/une-base-de-canoe-a-ouvert-ses-portes-sur-le-canal-du-midi/	post	contenu 2026	
/pour-gagner-un-sejour-au-chateau-les-carrasses/	post	contenu 2026	
/journee-de-ferme-en-ferme-dans-la-montagne-noire-le-dimanche-4-octobre-toute-la-journee/	post	contenu 2026	
/jacquerie-sur-le-canal-du-midi/	post	contenu 2026	
/memoire-de-guerres-au-chateau-de-riquet/	post	contenu 2026	
/nissan-34440-2eme-rando-vtt-nocturne-en-faveur-du-telethon-le-20-septembre/	post	contenu 2026	texto corto (7 car.)
/revel-deux-jours-pour-lavenir-du-patrimoine/	post	contenu 2026	
/vias-au-programme-des-journees-europeennes-du-patrimoine/	post	contenu 2026	
/du-4-au-20-septembre-le-canal-du-midi-est-en-fete/	post	contenu 2026	
/toulouse-la-piste-cyclable-eclairee/	post	contenu 2026	
/journees-europeennes-du-patrimoine-19-20-septembre/	post	contenu 2026	texto corto (30 car.)
/castanet-tolosan-comite-de-pilotage-pour-le-canal-du-midi/	post	contenu 2026	
/canal-du-midi-et-lon-rediscute-de-son-avenir/	post	contenu 2026	
/concours-photo/	post	contenu 2026	
/canal-du-midi-et-si-les-peniches-redevenaient-des-moyens-de-transport/	post	contenu 2026	
/quel-avenir-pour-le-canal-du-midi/	post	contenu 2026	
/abords-du-canal-du-midi-au-prefet-de-trouver-une-solution/	post	contenu 2026	
/robert-mornet-la-barque-de-poste-etait-lancetre-du-ter/	post	contenu 2026	
/vingt-volontaires-pour-nettoyer-le-canal-du-midi/	post	contenu 2026	
/2-artistes-des-arts-vagabonds-au-musee-ce-week-end/	post	contenu 2026	texto corto (30 car.)
/2-artistes-des-arts-vagabonds-au-musee-ce-week-end/	post	contenu 2026	texto corto (30 car.)
/castanet-tolosan-balades-sur-le-canal-du-midi/	post	contenu 2026	
/avis-defavorable-pour-le-projet-de-classement-des-abords-du-canal-du-midi/	post	contenu 2026	
/camping-a-la-ferme/	page	301 → /categorie/camping/	
/18-09-15-marseillan-rencontres-genealogiques-du-18-au-21-septembre-2015-avec-marseillan-dhier-et-daujourdhui/	post	contenu 2026	
/toulouse-canal-en-fete-embarquez-sur-une-barque-de-poste/	post	contenu 2026	
/toulouse-fete-le-canal-du-midi/	post	contenu 2026	
/la-domitienne-invitations-trois-scenes-pour-un-festival-a-maraussan-colombiers-puis-cazouls-ce-week-end/	post	contenu 2026	
/le-classement-des-abords-du-canal-en-suspens/	post	contenu 2026	
/c-est-la-rentree-chez-l-eclusier-a-colombiers/	post	contenu 2026	texto corto (0 car.)
/aigues-mortes-programme-festivites-de-septembre/	post	contenu 2026	texto corto (34 car.)
/colombiers-invitations-un-festival-sur-le-port-florent-heau-et-emmanuel-rossfelder-deux-solistes-dexception-seront-presents-samedi/	post	contenu 2026	
/narbonne-la-mediatheque-du-grand-narbonne-presente-lexposition-de-gabriel-vitaux-aude-maritime-entre-mediterranee-et-via-domitia/	post	contenu 2026	
/toulouse-la-maison-eclusiere-de-saint-pierre-enfin-un-lieu-culturel/	post	contenu 2026	
/revel-concours-de-photos-deau/	post	contenu 2026	
/castanet-tolosan-des-promenades-en-canoe/	post	contenu 2026	
/tourisme-quont-pense-les-vacanciers-de-leur-sejour-dans-le-lauragais/	post	contenu 2026	
/canal-du-midi-apres-labattage-on-replante/	post	contenu 2026	
/exposition-sur-le-canal-du-midi/	post	contenu 2026	
/tous-unis-pour-sauver-le-canal-du-midi/	post	contenu 2026	
/exposition-le-canal-du-midi-ligne-de-vie/	post	contenu 2026	
/au-lac-de-saint-ferreol-livres-de-photographies/	post	contenu 2026	texto corto (30 car.)
/concours-photo-instagram/	post	contenu 2026	texto corto (30 car.)
/la-recette-du-cassoulet-specialite-de-castelnaudary/	post	contenu 2026	texto corto (38 car.)
/un-concours-photo-pour-le-canal-du-midi/	post	contenu 2026	texto corto (35 car.)
/ayguesvives-kader-arif-monte-au-creneau-pour-le-canal/	post	contenu 2026	
/trebes-cyclos-les-ecolos-des-canaux/	post	contenu 2026	
/350e-anniversaire-de-la-rigole-dessai-de-pierre-paul-riquet/	post	contenu 2026	texto corto (30 car.)
/meme-en-vacances-portiragnes-se-bat-pour-le-canal-du-midi/	post	contenu 2026	
/la-domitienne-festival-invitations-toute-la-saveur-de-la-huitieme-edition-du-22-aout-au-13-septembre-de-nombreux-spectacles-prevus/	post	contenu 2026	
/concert-a-l-auberge-du-somail/	post	contenu 2026	texto corto (172 car.)
/4685/	post	contenu 2026	
/revel-la-plage-des-toulousains-fait-le-plein/	post	contenu 2026	
/la-redorte-riquet-a-eu-du-mal-a-joindre-les-deux-bouts/	post	contenu 2026	
/riquet-au-fil-de-leau-chacun-sa-route-34-u-le-canal-du-midi-classe-par-lunesco-au-patrimoine-mondial-de-lhumanite-est-loeuvre-dune-vie-et-dun-h/	post	contenu 2026	
/beziers-decouverte-du-vin-a-fonseranes-terroir-et-degustations-tous-les-mardis-a-loffice-du-tourisme/	post	contenu 2026	
/revel-une-seance-de-cinema-en-plein-air-avec-pierre-paul-riquet-a-saint-ferreol/	post	contenu 2026	
/capestang-du-canal-du-midi-au-vignoble-le-port-sanime/	post	contenu 2026	
/riquet-et-son-canal-a-l-honneur/	post	contenu 2026	
/balades-contees-a-saint-fe-avec-aime/	post	contenu 2026	
/des-dons-pour-sauver-le-canal-du-midi/	post	contenu 2026	
/renneville-on-a-teste-pour-vous-la-balade-en-rosalie-sur-le-canal-du-midi/	post	contenu 2026	
/au-somail-le-canal-du-midi-fait-une-escale/	post	contenu 2026	
/82340-%c2%80-recoltes-par-canalissimo-pour-replanter-le-canal-du-midi/	post	contenu 2026	
/ramonville-cinq-jours-le-long-du-canal-du-midi/	post	contenu 2026	
/trebes-une-british-apprend-a-cuisiner-frenchie/	post	contenu 2026	
/la-fresque-des-enfants-sur-le-canal-du-midi/	post	contenu 2026	
/azimut-aventures-un-parc-pour-vivre-pleinement-la-nature-portiragnes-u-tyroliennes-ponts-de-singe-voies-descalade-grimpe-avec-piolets-tour-infernale-sensations-garanties/	post	contenu 2026	
/au-fil-de-leau-croisiere-sur-le-canal-du-midi/	post	contenu 2026	
/concert-du-stone-cold-quartet-au-musee/	post	contenu 2026	texto corto (30 car.)
/le-somail-le-paradis-du-livre-se-trouve-au-bord-du-canal-du-midi/	post	contenu 2026	texto corto (38 car.)
/festivites-estivales-a-frontignan/	post	contenu 2026	
/meteocanicule-fortes-chaleurs-vnf-rappelle-que-la-baignade-est-interdite-dans-les-canaux-et-rivieres-domaniales/	post	contenu 2026	
/castelnaudary-tout-le-monde-a-a-a-la-queue-leu-leu/	post	contenu 2026	
/vias-les-ouvrages-du-libron-se-visitent/	post	contenu 2026	texto corto (35 car.)
/4610/	post	contenu 2026	
/mesdames-les-capitaines-veillent-sur-les-ports/	post	contenu 2026	
/la-barque-de-poste-de-robert-transporte-aussi-des-idees-en-savoir-plus-sur-httpwww-ladepeche-frarticle201507192146337-la-barque-de-poste-de-robert-transporte-aussi-des-idees-html3s707usuuqpuc/	post	contenu 2026	
/repas-concert-a-la-guinguette-jeudi-23-juillet/	post	contenu 2026	texto corto (178 car.)
/concert-de-txalaparta-au-musee-avec-le-festival-convivencia/	post	contenu 2026	texto corto (30 car.)
/marseillan-nouveaute-les-dejeuners-dete-de-la-maison-noilly-prat/	post	contenu 2026	
/fetes-et-festivals-salleles-daude/	post	contenu 2026	
/toulouse-sam-veut-relancer-le-transport-de-marchandises-sur-le-canal-du-midi/	post	contenu 2026	
/bize-minervois-lolivier-en-fete-du-matin-au-soir/	post	contenu 2026	
/il-est-le-chaudronnier-des-bateaux-depuis-sa-rencontre-avec-le-stella/	post	contenu 2026	
/kader-arif-et-au-fil-de-lo-veulent-assurer-lavenir-du-canal-du-midi/	post	contenu 2026	
/castelnaudary-fete-du-cassoulet-du-16-au-23-aout/	post	contenu 2026	
/portiragnes-le-bilan-tres-positif-du-festival-canalissimo-edition-2015/	post	contenu 2026	
/etang-canal-tunnel-oppidum-des-tresors/	post	contenu 2026	
/canal-du-midi-et-le-tour-de-france/	post	contenu 2026	texto corto (248 car.)
/actualite-aigues-mortes/	post	contenu 2026	texto corto (33 car.)
/villefranche-de-lauragais-rosalie-et-canoe-sur-le-canal-du-midi/	post	contenu 2026	
/castelnaudary-lhotel-du-canal-parie-sur-lavenir-economique/	post	contenu 2026	
/toulouse-le-saint-louis-la-peniche-aux-multiples-facettes/	post	contenu 2026	
/exposition-au-chateau-grand-moulin/	post	contenu 2026	texto corto (0 car.)
/revel-ateliers-creatifs-au-musee-et-jardins-du-canal-du-midi/	post	contenu 2026	
/bram-partir-voir-l-embrasement-de-la-cite-en-train/	post	contenu 2026	texto corto (24 car.)
/la-redorte-premier-vernissage-a-la-maison-du-port/	post	contenu 2026	
/516-millions-deuros-pour-un-parc-historique-aux-portes-de-carcassonne/	post	contenu 2026	
/a-vias-le-samedi-11-juillet-place-du-11-novembre-projection-en-plein-air-la-fabuleuse-histoire-de-monsieur-riquet/	post	contenu 2026	
/castelnaudary-la-tete-a-lenvers-le-canal-se-reflete-au-presidial/	post	contenu 2026	texto corto (38 car.)
/la-redorte-en-piste-pour-le-premier-jeudi-dete/	post	contenu 2026	
/marseillan-34-des-aquarelles-dediees-a-la-lagune-de-thau-les-oeuvres-de-nicole-rogerie-sont-a-voir-a-la-mediatheque/	post	contenu 2026	
/faites-la-science-pas-la-guerre/	post	contenu 2026	texto corto (30 car.)
/castelnaudary-le-canal-vedette-de-lexposition-de-lete/	post	contenu 2026	
/aude-les-marches/	post	contenu 2026	texto corto (24 car.)
/aude-naviguez-a-la-fraiche-sur-le-canal-du-midi/	post	contenu 2026	texto corto (0 car.)
/lete-dans-les-vignes-dimanche-a-laure-minervois-alaure-minervois-et-sur-le-territoire-de-gres-qui-lentoure-les-vignes-produisent-un-vin-de-soleil-et-de-garrigue-que-les-hommes-qui-l/	post	contenu 2026	
/dans-les-remparts-de-lacropole-biterroise-patrimoine-u-au-pied-de-la-cathedrale-saint-nazaire-le-visiteur-admire-la-muraille-qui-reprend-le-trace-medieval-de-la-ville/	post	contenu 2026	
/concert-a-la-guinguette-jeudi-9-juillet/	post	contenu 2026	texto corto (173 car.)
/le-chateau-de-riquet-est-ouvert-tous-les-jours/	post	contenu 2026	
/colombiers-34-chez-l-eclusier-soiree-speciale-le-11-juillet/	post	contenu 2026	
/villefranche-de-lauragais-31-ateliers-et-expositions-a-la-bibliotheque/	post	contenu 2026	
/les-festivites-de-juillet-a-aigues-mortes/	post	contenu 2026	
/le-canal-de-la-robine-sera-t-il-le-monument-prefere-des-francais/	post	contenu 2026	
/luc-atge-sattaque-a-lintegrale-de-riquet/	post	contenu 2026	shortcodes: Zoomer
/balade-en-bateau-sur-le-canal-de-la-robine/	post	contenu 2026	
/castelnaudary-la-ville-et-le-lauragais-prets-pour-la-saison-estivale/	post	contenu 2026	
/vnf-rappelle-les-bonnes-pratiques-en-periode-estivale-sur-lensemble-du-domaine-public-fluvial/	post	contenu 2026	
/tresors-dalaric-1er-marche-de-producteurs-de-pays-de-lete/	post	contenu 2026	
/inscrivez-vous-a-nos-ateliers-de-lete/	post	contenu 2026	texto corto (30 car.)
/festivites-de-juillet/	post	contenu 2026	
/repas-concert-a-l-auberge-du-somail/	post	contenu 2026	texto corto (191 car.)
/villefranche-de-lauragais-une-course-a-pied-citoyenne/	post	contenu 2026	
/les-jeudis-a-grand-moulin-2/	post	contenu 2026	texto corto (172 car.)
/au-coeur-du-languedoc-les-territoires-sautent-les-frontieres/	post	contenu 2026	
/minerve-les-eclusiers-vus-par-robert-goldberg/	post	contenu 2026	
/colombiers-34-la-lapiniere-une-affaire-de-famille-mais-aussi-une-histoire-de-gouts/	post	contenu 2026	
/plein-sud-plein-air-plein-temps-vias/	post	contenu 2026	
/la-domitienne-le-label-qui-booste-la-destination-oenotouristique-la-demarche-vignobles-et-decouvertes-a-abouti-avec-succes/	post	contenu 2026	
/carcassonne-le-maire-gerad-larrat-recu-en-juillet-a-lelysee-pour-le-dossier-operation-grand-site/	post	contenu 2026	
/castelnaudary-port-de-plaisance-sur-le-canal-du-midi/	post	contenu 2026	
/nouveaute-aux-velos-de-portiragnes/	post	contenu 2026	
/revel-les-elus-disent-non-au-classement-du-canal/	post	contenu 2026	
/marseillan-lectures-et-musique-sur-le-parvis-de-la-mediatheque/	post	contenu 2026	
/vias-lete-au-rythme-des-planetes-avec-les-soirees-dobservation-des-etoiles/	post	contenu 2026	
/canal-lirou-saint-chinianais-une-journee-dacteurs-du-patrimoine-au-service-educatif-canal-du-midi/	post	contenu 2026	
/marseillan-escale-entre-terre-et-mer/	post	contenu 2026	texto corto (0 car.)
/carcassonne-la-cite-se-dote-enfin-dun-espace-daccueil-des-touristes/	post	contenu 2026	
/bernard-verdagueur-eclusier-de-pere-en-fils-sur-le-canal/	post	contenu 2026	
/les-agriculteurs-contre-le-classement-du-canal-du-midi/	post	contenu 2026	
/vias-un-marche-des-producteurs-de-pays-tous-les-lundis-matins-ce-nouveau-rendez-vous-sera-inaugure-la-semaine-prochaine/	post	contenu 2026	
/trois-jours-de-fete-a-nissan-lez-enserune-festivites-les-19-20-et-21-juin/	post	contenu 2026	
/vias-croisiere-musicale-sur-le-canal-du-midi-avec-loffice-de-tourisme/	post	contenu 2026	
/marseillan-aux-midi-pyreneens-bienvenue-chez-vous/	post	contenu 2026	
/eaux-sources-du-canal-du-midi-au-musee-du-bois/	post	contenu 2026	
/a-voir-egalement-au-musee-du-bois-et-de-la-marqueterie/	post	contenu 2026	texto corto (30 car.)
/la-guinguette-fete-la-musique-samedi-20-juin/	post	contenu 2026	texto corto (295 car.)
/toulouse-hommage-au-createur-du-canal/	post	contenu 2026	
/salleles-d-aude-des-pistes-pour-valoriser-leconomie-autour-du-canal/	post	contenu 2026	
/revel-expo-dete-au-musee-du-canal-du-midi/	post	contenu 2026	
/lexposition-eaux-sources-du-canal-du-midi-a-ouvert-ses-portes/	post	contenu 2026	texto corto (30 car.)
/capestang-un-concert-un-voyage/	post	contenu 2026	
/colombiers-34-des-expositions-originales-et-inattendues-a-la-maison-du-tourisme/	post	contenu 2026	
/votre-croisiere-au-soleil-en-juin-juillet-et-aout/	post	contenu 2026	
/narbonne-un-drone-va-filmer-le-canal-de-la-robine/	post	contenu 2026	
/carcassonne-fin-des-travaux-de-refection-au-port-du-canal/	post	contenu 2026	
/detente-en-dragon-boat-sur-le-canal-du-midi/	post	contenu 2026	
/louez-votre-bateau-offres-dernieres-minutes-super-promo/	post	contenu 2026	texto corto (241 car.)
/au-somail-les-concerts-de-l-auberge-du-somail-argens-les-concerts-de-la-guinguette/	post	contenu 2026	
/marathon-de-carcassonne-un-label-touristique-et-sportif/	post	contenu 2026	
/carcassonne-10-e-offerts-a-la-pataterie/	post	contenu 2026	texto corto (47 car.)
/linnovation-au-service-de-tous-a-marseillan-les-caves-richmer-produisent-leurs-propres-levures/	post	contenu 2026	
/gruissan-11-une-13eme-edition-du-festival-hace-calor/	post	contenu 2026	
/au-barrio-latino-sur-le-port-de-colombiers-34/	post	contenu 2026	texto corto (298 car.)
/la-redorte-des-porte-velos-installes-dans-le-village/	post	contenu 2026	
/carcassonne-premier-marathon-cest-un-veritable-succes/	post	contenu 2026	
/il-y-a-350-ans-riquet-testait-la-rigole/	post	contenu 2026	shortcodes: Zoomer
/lagenda-de-vos-sorties-dans-nos-villages-juin-2015/	post	contenu 2026	
/salleles-d-aude-le-conseil-municipal-dit-non-au-classement-des-abords-du-canal/	post	contenu 2026	
/exposition-sur-le-canal-jusquau-5-juin-au-port-saint-sauveur/	post	contenu 2026	
/narbonnais-le-documentaire-sur-pierre-paul-riquet-sort-en-dvd/	post	contenu 2026	
/capendu-marie-coumes-de-la-mal-coiffee-passe-au-conte/	post	contenu 2026	
/la-success-story-du-marche-flottant/	post	contenu 2026	shortcodes: Zoomer
/du-14-juin-au-6-aout-2015-19e-festival-convivencia-festival-navigant-de-musiques-du-monde/	post	contenu 2026	
/canal-du-midi-petit-guide-pour-un-grand-ouvrage/	post	contenu 2026	texto corto (38 car.)
/une-voie-verte-semee-d-embuches/	post	contenu 2026	texto corto (38 car.)
/le-port-du-canal-du-midi-point-de-rencontre-de-toutes-les-nationalites/	post	contenu 2026	
/la-librairie-du-somail-pantheonisee-par-la-television/	post	contenu 2026	
/marseillan-le-bassin-de-thau-vu-den-haut/	post	contenu 2026	
/des-festivals-le-long-du-canal/	post	contenu 2026	
/revel-eaux-sources-du-canal-du-midi-a-voir-des-le-9-juin/	post	contenu 2026	
/le-projet-de-classement-au-titre-des-sites/	post	contenu 2026	
/le-canal-du-midi-devait-etre-un-atout-il-devient-un-handicap/	post	contenu 2026	
/portiragnes-le-festival-canalissimo-a-devoile-sa-programmation-pendant-quatre-jours-levenement-promet-de-belles/	post	contenu 2026	
/colombiers-34440-une-flotte-restauree-sur-le-canal-du-midi/	post	contenu 2026	
/expo-ateliers-et-balades-en-bateau-cinq-jours-danimations-sur-le-port-saint-sauveur-du-samedi-30-mai-au-vendredi-5-juin-2015-le-port-de-plaisance-ouvre-ses-portes-aux-toulousains-au-programme/	post	contenu 2026	
/toulouse-la-strategie-de-la-ville-pour-etre-classee-au-patrimoine-mondial/	post	contenu 2026	
/le-canal-du-midi-sur-france-3/	post	contenu 2026	texto corto (30 car.)
/toulouse-le-port-saint-sauveur-pavillon-bleu-pour-la-2e-annee/	post	contenu 2026	
/toulouse-mue-la-garonne-et-le-canal-du-midi-en-voies-de-transport/	post	contenu 2026	
/salleles-d-aude-retour-sur-la-nuit-europeenne-des-musees-a-amphoralis/	post	contenu 2026	
/portiragnes-une-soiree-de-presentation-du-festival-canalissimo/	post	contenu 2026	
/toulouse-bientot-des-navettes-sur-la-garonne-et-le-canal-du-midi-marches-flottants-sur-la-garonne-navettes-sur-le-canal-du-midi-ou-le-canal-de-brienne-pour-se-rendre-au-stade-bateaux-de-fret-po/	post	contenu 2026	
/de-jeunes-artistes-en-herbe-sur-les-berges-du-canal-du-midi/	post	contenu 2026	
/portiragnes-canalissimo/	post	contenu 2026	
/vias-les-croisieres-musicales-sur-le-canal-du-midi-ont-repris/	post	contenu 2026	
/colombiers-34-une-exposition-reussie-pour-la-premiere-foire-dart-actuel/	post	contenu 2026	
/festivites-aigues-mortes-mai-juin-2015/	post	contenu 2026	
/les-elus-contre-le-projet-de-classement-du-canal-du-midi/	post	contenu 2026	
/la-domitienne-un-concours-photo-ouvert-a-tous/	post	contenu 2026	
/auterive-31-agenda-des-manifestations-du-15-au-31-mai/	post	contenu 2026	
/des-animations-au-musee-du-canal-du-midi-a-saint-ferreol/	post	contenu 2026	
/marseillan-le-promenoir-un-autre-regard-sur-le-bord-de-mer-la-rehabilitation-de-ce-cordon-pietonnier-a-ete-inauguree/	post	contenu 2026	
/classement-grogne-contre-le-projet-de-letat/	post	contenu 2026	
/j-p-quaglieri-soucieux-des-consequences-du-nouveau-zonage-du-canal-du-midi/	post	contenu 2026	
/le-canal-du-midi-classe-au-patrimoine-mondial-cadeau-empoisonne-pour-les-riverains/	post	contenu 2026	
/carcassonne-decouvrez-lepanchoir-de-foucaud-maison-eclusiere/	post	contenu 2026	
/rappel-pour-la-nuit-des-musees-le-16-mai/	post	contenu 2026	texto corto (30 car.)
/colombiers-il-etait-une-fois-le-malpas-fete-incontournable-la-nouvelle-edition-de-cette-manifestation-aura-lieu-le-14-mai/	post	contenu 2026	
/une-enquete-publique-pour-conserver-ce-patrimoine/	post	contenu 2026	
/les-festivites-de-riquet-cest-pour-bientot/	post	contenu 2026	
/le-16-mai-rendez-vous-pour-la-nuit-europeenne-des-musees/	post	contenu 2026	texto corto (30 car.)
/la-grande-librairie-en-direct-du-somail-le-trouve-tout-du-livre/	post	contenu 2026	texto corto (137 car.)
/castelnaudary-le-festymaginaire-entre-local-et-international/	post	contenu 2026	
/toulouse-le-capitole-devoile-son-plan-lumiere/	post	contenu 2026	
/la-domitienne-front-commun-pour-sublimer-lensemble-patrimonial-loperation-grand-site-en-est-a-lheure-du-diagnostic-avancee/	post	contenu 2026	shortcodes: IDI
/colombiers-une-multitude-de-sculpteurs-et-peintres-a-la-cave-du-chateau/	post	contenu 2026	
/plusieurs-artistes-marocains-exposeront-tres-bientot-a-bessan/	post	contenu 2026	
/capestang-les-bons-bilans-de-office-du-tourisme-lan-passe-la-frequentation-a-augmente-de-1927/	post	contenu 2026	
/cest-beau-toulouse-un-dimanche-a-velo/	post	contenu 2026	
/a-toulouse-200-volontaires-vont-nettoyer-les-berges-de-la-garonne-et-du-canal-du-midi-a-linitiative-de-la-mairie-de-toulouse-des-benevoles-de-tous-les-quartiers-toulousains-traverses-par-la-garon/	post	contenu 2026	
/revel-cette-exposition-devoile-le-canal-du-midi-a-360-grace-a-votre-smartphone/	post	contenu 2026	
/festivites-du-mois-de-mai-communaute-de-communes-canalliroust-chinianais/	post	contenu 2026	texto corto (58 car.)
/beziers-la-future-gare-tgv-au-centre-des-debats/	post	contenu 2026	
/colombiers-trois-artistes-exposent-a-la-cave-du-chateau/	post	contenu 2026	
/lezignan-corbieres-exposition-espace-gibert/	post	contenu 2026	
/sete-navettes-fluviales-sur-le-canal/	post	contenu 2026	
/auterive-31-programme-des-festivites-du-294-au-55/	post	contenu 2026	
/beziers-le-port-neuf-reprend-vie/	post	contenu 2026	
/trebes-mille-et-une-choses-a-savoir-sur-le-ruban-vert/	post	contenu 2026	
/ramonville-les-boucles-du-midi-annoncees-en-juin/	post	contenu 2026	
/ramonville-que-serait-le-canal-sans-ses-platanes/	post	contenu 2026	
/a-la-recherche-de-la-rigole-dessai-de-pierre-pol-riquet-dans-la-montagne-noire/	post	contenu 2026	texto corto (30 car.)
/chaimoi-la-nouvelle-adresse-bistronomique-a-carcassonne/	post	contenu 2026	
/olonzac-jorge-aguilar-agon-expose-a-narbonne/	post	contenu 2026	
/a-la-rechercher-de-la-rigole-dessai-de-pierre-pol-riquet-dans-la-montagne-noire/	post	contenu 2026	
/puicheric-11-eaurizon-activites-de-pleine-nature/	post	contenu 2026	texto corto (19 car.)
/comment-faire-revivre-les-berges-du-canal-du-midi/	post	contenu 2026	
/revel-enigmes-au-musee-du-canal-du-midi/	post	contenu 2026	
/trebes-le-restaurant-le-moulin-de-trebes-rouvre-ses-portes/	post	contenu 2026	texto corto (289 car.)
/trebes-le-ruban-vert-petille-de-couleurs/	post	contenu 2026	
/canal-du-midi-enquete-publique-ouverte/	post	contenu 2026	
/castelnaudary-le-polar-de-christelle-rousseau-se-deroule-en-grande-partie-sur-les-bords-du-canal-du-midi/	post	contenu 2026	
/beziers-sous-le-pont-canal-lhomme-se-veut-immortel/	post	contenu 2026	
/poissons-et-fruits-de-mer-a-la-maison-eclusiere-de-bram/	post	contenu 2026	
/le-canal-du-midi-attend-son-heure/	post	contenu 2026	
/trebes-peindre-en-randonnant/	post	contenu 2026	
/canal-du-midi-240-km-a-360-2/	post	contenu 2026	texto corto (30 car.)
/le-musee-dom-robert-de-soreze-a-ete-inaugure/	post	contenu 2026	
/les-platanes-patrimoine-paysager-du-grand-sud/	post	contenu 2026	
/80-platanes-abattus-le-long-du-canal-de-la-robine/	post	contenu 2026	
/trebes-le-canal-encore-et-toujours/	post	contenu 2026	
/vias-redemarrage-des-croisieres-musicales-sur-le-canal-du-midi/	post	contenu 2026	
/canal-du-midi-le-chancre-colore-met-le-cap-sur-toulouse/	post	contenu 2026	
/argens-ouverture-de-la-guinguette/	post	contenu 2026	texto corto (295 car.)
/trebes-ombres-et-lumieres-en-hommage-au-canal-du-midi/	post	contenu 2026	shortcodes: Zoomer
/premiere-course-solidaire-pour-remplacer-les-platanes-du-canal-du-midi/	post	contenu 2026	
/puicheric-11-retrouvez-lactualite-deaurizon/	post	contenu 2026	
/aude-les-abords-du-canal-du-midi-vont-a-leur-tour-etre-proteges/	post	contenu 2026	
/labattage-des-platanes-du-canal-du-midi-a-commence-a-castanet-tolosan/	post	contenu 2026	
/vias-les-marches-de-la-saison-2015-se-preparent/	post	contenu 2026	
/une-course-pour-les-arbres-du-canal-du-midi/	post	contenu 2026	
/trois-bonnes-raisons-de-participer-a-la-course-solidaire-pour-le-canal-du-midi/	post	contenu 2026	
/marseillan-les-vins-richemer-ont-ete-medailles-au-concours-de-la-cooperation/	post	contenu 2026	
/carcassonne-itineraire-autour-du-livre-d-artiste/	post	contenu 2026	
/carcassonne-nouvelle-carte-a-la-pataterie/	post	contenu 2026	texto corto (104 car.)
/capestang-exposition-canal-du-midi/	post	contenu 2026	
/pour-le-week-end-de-paques-chez-castel-naturique/	post	contenu 2026	texto corto (282 car.)
/carcassonne-chai-moi/	post	contenu 2026	
/auterive-programme-festivites-avril-2015/	post	contenu 2026	
/la-domitienne-accessibilite-la-maison-du-malpas-se-met-en-conformite/	post	contenu 2026	
/courons-ensemble-pour-les-arbres-du-canal-du-midi/	post	contenu 2026	
/le-canal-du-midi-un-trait-d-union-tres-touristique/	post	contenu 2026	texto corto (39 car.)
/beziers-les-neuf-ecluses-mises-en-valeur/	post	contenu 2026	texto corto (42 car.)
/carcassonne-le-gisc-a-nettoye-les-berges/	post	contenu 2026	
/agde-journee-randonnee-decouverte-canal-du-midi-samedi-4-avril-2015/	post	contenu 2026	
/les-meilleurs-lieux-pour-courir-a-toulouse/	post	contenu 2026	
/evenement-festif-et-gratuit-et-ouvert-a-tous-venez-nombreux/	post	contenu 2026	texto corto (276 car.)
/villeneuve-de-riviere-31-le-transbordeur-chez-les-aines/	post	contenu 2026	
/a-toulouse-on-fait-desormais-son-marche-sur-leau/	post	contenu 2026	
/colombiers-34-la-fete-du-malpas/	post	contenu 2026	
/bize-minervois-loulibo-lodyssee-de-lolivier/	post	contenu 2026	
/colombiers-le-malpas-son-site-ses-fouilles/	post	contenu 2026	
/carcassonne-un-teleski-nautique-pour-glisser-a-la-cavayere/	post	contenu 2026	texto corto (38 car.)
/idee-cadeau-originale/	post	contenu 2026	
/programme-insolite-pays-cathare/	post	contenu 2026	texto corto (34 car.)
/le-somail-le-9e-salon-de-peintures-et-de-sculptures-a-ouvert-ses-portes/	post	contenu 2026	
/bize-minervois-un-projet-ambitieux-pour-mettre-en-valeur-le-village/	post	contenu 2026	
/vernissage-de-peintures-et-ceramiques-a-la-caunette/	post	contenu 2026	texto corto (166 car.)
/toulouse-une-vingtaine-de-platanes-abattue-le-long-du-canal-du-midi/	post	contenu 2026	
/canal-lirou-saint-chinianais-le-defi-de-loenotourisme-hedwige-sola-soccupe-du-dossier/	post	contenu 2026	
/9eme-edition-des-journees-tourisme-et-handicap/	post	contenu 2026	texto corto (30 car.)
/belle-entree-en-matiere-pour-le-tcc/	post	contenu 2026	
/neuf-platanes-seront-abattus-sur-les-berges-du-canal/	post	contenu 2026	
/la-cinquieme-randonnee-sur-stand-up-paddle-organisee-par-med4play-est-partie-de-fonserannes/	post	contenu 2026	
/l-auberge-du-somail-a-ouvert-ses-portes/	post	contenu 2026	
/agde-le-canal-du-midi-apres-le-passage-de-la-tronconneuse/	post	contenu 2026	
/beziers-operation-nettoyage-du-canal-du-midi/	post	contenu 2026	
/du-bleu-au-dessus-des-toits/	post	contenu 2026	
/actualite-de-la-pataterie/	post	contenu 2026	texto corto (91 car.)
/revel-le-canal-du-midi-attire-la-foule/	post	contenu 2026	
/actuellement-scenes-denfance-bat-son-plein-a-lespace-culturel-le-chai-a-capendu/	post	contenu 2026	
/activites-de-pleine-nature-a-puicheric-eaurizon-et-axat/	post	contenu 2026	texto corto (227 car.)
/castel-nautique-a-bram-nouveaute-2015-aller-simple-bramcapestang/	post	contenu 2026	texto corto (94 car.)
/castelnaudary-deux-grands-artistes-medailles/	post	contenu 2026	texto corto (38 car.)
/villeneuve-minervois-si-pierre-paul-riquet-metait-conte/	post	contenu 2026	
/la-gorge-fraiche-pour-le-meilleur-et-pour-le-pire-contactez-nous-pour-decouvrir-nos-prestations-de-mariage-reservez-des-maintenant/	post	contenu 2026	texto corto (247 car.)
/beziers-signature-officielle-dune-convention-de-partenariat-entre-beziers-mediterranee-et-erdf-pour-lamenagement-du-site-des-neuf-ecluses-de-fonseranes/	post	contenu 2026	
/la-cour-des-arts-d-olonzac/	post	contenu 2026	
/nettoyage-de-printemps-pour-le-canal-du-midi/	post	contenu 2026	
/carcassonne-premiere-foire-nocturne-de-producteurs-ce-soir-place-carnot/	post	contenu 2026	
/demain-des-laube-feu-vert-pour-la-peche-a-la-truite/	post	contenu 2026	
/la-randonnee-nouvel-eldorado-touristique-pour-laude/	post	contenu 2026	
/flourens-31-claire-cros-un-2e-roman/	post	contenu 2026	shortcodes: Zoomer
/nouvelle-carte-a-l-auberge-de-la-croisade-a-cruzy-34-2/	post	contenu 2026	
/colombiers-34440-soiree-speciale-au-barrio-latino/	post	contenu 2026	
/aigues-mortes-festivites-de-printemps/	post	contenu 2026	
/carcassonne-platanes-du-canal-du-midi-premiers-soins-debut-juin/	post	contenu 2026	
/leconomie-du-canal-du-midi-au-coeur-de-la-conference-de-florent-bastoul/	post	contenu 2026	
/la-vie-de-max-est-un-long-canal-tranquille/	post	contenu 2026	
/transporteur-d-images/	post	contenu 2026	
/officiels-beziers-operation-berges-propres-sur-le-canal-du-midi/	post	contenu 2026	
/castanet-tolosan-avec-eux-vous-naurez-plus-peur-de-leau/	post	contenu 2026	
/toulouse-les-marches-flottants-a-labordage-du-canal-du-midi-et-de-la-garonne/	post	contenu 2026	
/trebes-le-domaine-des-peres-se-met-en-quatre-pour-la-journee-de-la-femme/	post	contenu 2026	
/restaurant-l-eclusier-a-colombiers-34-premiere-musicale/	post	contenu 2026	
/launac-31-la-section-aviron-inaugure-ses-nouveaux-pontons/	post	contenu 2026	
/bessan-le-moulin-bladier-a-fait-lobjet-dune-etude-architecturale/	post	contenu 2026	
/beziers-balade-au-canal-du-midi-le-samedi-7-mars/	post	contenu 2026	
/polygone-beziers-la-semaine-de-la-femme/	post	contenu 2026	
/longages-31-conference-le-canal-riquet-la-gabelle/	post	contenu 2026	
/marseillette-quelle-evolution-pour-le-canal-du-midi/	post	contenu 2026	
/auterive-programme-festivites-du-mois-de-mars/	post	contenu 2026	
/beziers-narbonne-menard-et-mouly-gardent-une-porte-ouverte/	post	contenu 2026	
/quillan-stephane-kowalczyk-au-familia/	post	contenu 2026	
/marseillan-margotine-bientot-la/	post	contenu 2026	texto corto (35 car.)
/beziers-nos-ancetres-les-gaulois-se-racontent-au-musee-culture-u-la-cite-des-sciences-et-de-lindustrie-a-cree-cette-exposition-visible-au-musee-du-biterrois-jusquen-aout/	post	contenu 2026	
/portiragnes-rencontre-et-degustation-de-vins/	post	contenu 2026	
/herault-tribune-agde-agde-video-ces-arbres-que-lon-abat-la-video-de-michel-sabatery/	post	contenu 2026	
/vnf-renforce-la-mobilisation-citoyenne-pour-sauver-le-canal-du-midi/	post	contenu 2026	
/canal-du-midi-deja-530-000-euros-collectes/	post	contenu 2026	
/narbonne-quels-changements-pour-la-robine-en-coeur-de-ville/	post	contenu 2026	
/chance-colore-arif-interpelle-le-foll/	post	contenu 2026	
/flourens-31-expo-sauver-le-canal-du-midi/	post	contenu 2026	
/portiragnes-40-platanes-condamnes/	post	contenu 2026	
/programme-espace-culturel-le-chai-capendu/	post	contenu 2026	
/transfert-de-l-office-de-tourisme-de-beziers/	post	contenu 2026	
/il-sait-tout-sur-pierre-paul-riquet/	post	contenu 2026	
/canal-du-midi-marin-d-eau-douce/	post	contenu 2026	
/la-fete-du-malpas-le-jeudi-14-mai/	post	contenu 2026	texto corto (40 car.)
/platanes-le-long-du-canal-du-midi-abattages-et-plantations-nouvelles/	post	contenu 2026	
/canal-du-midi-44-platanes-vont-etre-abattus/	post	contenu 2026	
/platanes-arretons-le-massacre/	post	contenu 2026	
/un-millier-d-arbres-replantes-a-fin-mars/	post	contenu 2026	
/theatre-le-282-a-argens-minervois/	post	contenu 2026	
/les-premiers-abattages-de-platanes-en-haute-garonne-sont-prevus-en-mars/	post	contenu 2026	
/canal-du-midi-530-000-euros-recueillis-pour-sauver-les-platanes/	post	contenu 2026	
/mini-croisiere-a-partir-de-280-e/	post	contenu 2026	
/journee-decouverte-fluviale/	post	contenu 2026	
/le-musee-evolue-pour-mieux-vous-accueillir/	post	contenu 2026	texto corto (30 car.)
/carcassonne-feu-vert-pour-tester-le-vaccin-et-stopper-le-massacre-des-platanes/	post	contenu 2026	
/canal-du-midi-labattage-de-platanes-pres-de-toulouse-inquiete-les-professionnels-du-tourisme/	post	contenu 2026	
/canal-du-midi-un-demi-million-deuros-recueillis-pour-sauver-les-platanes/	post	contenu 2026	
/haute-garonne-les-premiers-platanes-du-canal-touches-par-le-chancre-seront-abattus-en-mars/	post	contenu 2026	
/22-platanes-abattus-a-gardouch/	post	contenu 2026	
/braderie-d-hiver-au-polygone-a-beziers/	post	contenu 2026	
/le-chancre-colore-infecte-le-lauragais/	post	contenu 2026	
/lezignan-corbieres-exposition-de-peintures/	post	contenu 2026	
/les-chiffres-impressionnants-du-gruissan-phoebus-trail/	post	contenu 2026	
/laude-en-aquarelles-vue-par-remi-gavaldon-lartiste-expose-ses-oeuvres-a-la-maison-de-la-region/	post	contenu 2026	
/programme-d-animation-au-musee-amhoralis-a-salleles-d-aude/	post	contenu 2026	
/didier-garcia-aquarelles-sur-le-canal-du-midi-suite/	post	contenu 2026	texto corto (62 car.)
/didier-garcia-un-artiste-inspire-par-le-canal-du-midi/	post	contenu 2026	texto corto (62 car.)
/les-acteur-du-canal-du-midi/	post	contenu 2026	texto corto (30 car.)
/platanes-le-senateur-courteau-voit-rouge/	post	contenu 2026	
/chancre-colore-44-platanes-du-canal-du-midi-vont-etre-abattus/	post	contenu 2026	
/bram-bilan-tres-fructueux-pour-les-amis-des-essarts/	post	contenu 2026	
/marseillette-des-peupliers-blancs-sur-les-berges/	post	contenu 2026	
/agel-un-sentier-pedestre-sera-bientot-inaugure/	post	contenu 2026	texto corto (0 car.)
/auterive-agenda-des-festivites-pour-fevrier-2015/	post	contenu 2026	
/agde-de-blanc-vetue-pendant-un-instant/	post	contenu 2026	texto corto (35 car.)
/la-domitienne-des-voeux-de-rigueur-pour-mieux-investir-la-promesse-a-ete-faite-de-redistribuer-10-millions-deuros/	post	contenu 2026	
/visiter-cap-dagde/	page	contenu 2026	
/visiter-marseillan/	page	contenu 2026	Elementor
/visiter-sete/	page	contenu 2026	Elementor
/visiter-beziers/	page	contenu 2026	Elementor
/visiter-narbonne/	page	contenu 2026	Elementor
/visiter-carcassonne/	page	contenu 2026	Elementor
/visiter-castelnaudary/	page	contenu 2026	Elementor
/visiter-toulouse/	page	contenu 2026	Elementor · shortcodes: caption
/lezignan-un-film-humoristique-a-laccent-local-vendredi-soir-au-palace/	post	contenu 2026	
/castelnaudary-entre-cascade-art-martial-et-comedie/	post	contenu 2026	
/capestang-le-cid/	post	contenu 2026	
/manifestations-et-fetes-canal-du-midi/	page	contenu 2026	Elementor
/carcassonne-une-pizza-au-cassoulet/	post	contenu 2026	
/boutique-canal-du-midi/	page	contenu 2026	texto corto (0 car.) · shortcodes: table · formulario/plugin
/platanes-du-canal-courteau-interpellera-le-ministre/	post	contenu 2026	
/a-bize-ils-ont-couru-en-rafales/	post	contenu 2026	
/voie-verte-et-veloroute/	page	contenu 2026	shortcodes: caption
/balade-a-velo-sur-le-canal-du-midi/	page	contenu 2026	
/conference-sur-pierre-paul-riquet/	post	contenu 2026	
/agde-45-km-de-voies-douces-dans-la-cite-et-apres/	post	contenu 2026	texto corto (35 car.)
/capestang-nouveau-regard-sur-letang-menace-de-disparition/	post	contenu 2026	
/du-cetev-a-linsa-des-solutions-en-stand-by/	post	contenu 2026	texto corto (38 car.)
/je-moppose-aux-abattages-dans-la-traversee-de-la-commune-yves-bastie-maire-de-salleles-daude/	post	contenu 2026	texto corto (38 car.)
/1-000-arbres-a-replanter-pour-2015/	post	contenu 2026	texto corto (38 car.)
/4000-platanes-de-plus-sacrifies-sur-le-canal-en-2015/	post	contenu 2026	texto corto (38 car.)
/vendres-myriam-morard-signe-un-deuxieme-roman-historique/	post	contenu 2026	
/se-restaurer/bateau-restaurant/	page	301 → /categorie/bateau-restaurant/	
/bize-minervois-rendez-vous-des-amis/	post	contenu 2026	texto corto (38 car.)
/carcassonne-dame-carcas-bientot-restauree-grace-aux-dons/	post	contenu 2026	texto corto (36 car.)
/festivites-aigues-mortes/	post	contenu 2026	texto corto (21 car.)
/gastronomie-canal-du-midi/	page	contenu 2026	shortcodes: caption
/carcassonne-les-remparts-ouest-accessibles/	post	contenu 2026	texto corto (38 car.)
/carcassonne-travaux-au-chateau/	post	contenu 2026	texto corto (38 car.)
/carcassonne-mini-revolution-a-la-cite-ce-qui-va-changer-en-2015/	post	contenu 2026	
/colombiers-34-plus-darbres-pour-plus-de-vie-au-bord-du-canal-environnement-u-les-cp-et-ce2-de-colombiers-ont-mis-en-terre-des-plantes-vivaces/	post	contenu 2026	
/balade-a-pied-randonnee/	page	contenu 2026	
/balade-en-roller-2/	page	contenu 2026	shortcodes: caption
/alimentation-en-eau-du-canal/	page	contenu 2026	shortcodes: caption
/piemont-dalaric-une-voie-verte-de-8-km-le-long-du-canal-du-midi/	post	contenu 2026	
/azille-vernissage-de-l-exposition-nus/	post	contenu 2026	texto corto (38 car.)
/ville-de-narbonne-concours-photo/	post	contenu 2026	
/narbonne-spectacle-le-conservatoire-en-fete/	post	contenu 2026	
/exposition-capendu-11700/	post	contenu 2026	texto corto (4 car.)
/vias-le-comite-des-fetes-planche-sur-tous-les-rendez-vous-de-2015-animations-carnaval-spectacle-vide-greniers-ils-ont-tout-cale/	post	contenu 2026	
/a-la-decouverte-du-restaurant-le-foudre-a-homps/	post	contenu 2026	texto corto (0 car.)
/mirepeisset-changement-de-gerant-a-lepicerie/	post	contenu 2026	
/capestang-une-poetesse-a-l-honneur/	post	contenu 2026	texto corto (33 car.)
/caux-de-tokyo-a-montarnaud-a-velo/	post	contenu 2026	
/ventenac-cabardes-le-chef-doeuvre-de-riquet-sur-grand-ecran/	post	contenu 2026	
/port-la-nouvelle-barbara-beus-artiste-peintre-eprise-de-grands-espaces/	post	contenu 2026	texto corto (38 car.)
/cours-de-cuisine/	page	301 → /explorer/	
/montgiscard-31-le-113-devient-la-brasserie-de-lecluse/	post	contenu 2026	
/port-la-nouvelle-marie-demunter-fixe-l-itinerance/	post	contenu 2026	texto corto (38 car.)
/bessan-champion-daquarelle-arts-andre-fernandez-participe-a-un-concours-mondial/	post	contenu 2026	
/lezignan-des-artistes-et-une-expo-sur-les-vendanges/	post	contenu 2026	texto corto (38 car.)
/ventenac-cabardes-la-fabuleuse-histoire-de-monsieur-riquet/	post	contenu 2026	
/l-oenologue-arditi-enquete-en-corbieres/	post	contenu 2026	texto corto (38 car.)
/gruissan-nouveautes-a-l-espace-balneo-de-gruissan/	post	contenu 2026	
/candidatures-pour-miss-aude-a-castelnaudary/	post	contenu 2026	
/castelnaudary-vivre-en-complementarite-avec-toulouse/	post	contenu 2026	texto corto (38 car.)
/carcassonne-aura-son-marathon-en-2015/	post	contenu 2026	
/auterive-31-programme-festivites-janvier-2015/	post	contenu 2026	
/port-la-nouvelle-11-la-foret-enchantee-fait-fureur/	post	contenu 2026	
/le-canal-du-midi-attend-ses-mecenes/	post	contenu 2026	
/des-dons-contre-une-image/	post	contenu 2026	
/chateau-de-riquet-2015-lannee-des-grands-espoirs/	post	contenu 2026	
/haute-garonne-la-menace-du-chancre-colore/	post	contenu 2026	
/narbonne-un-bassin-pour-l-aquagym-a-l-espace-de-liberte/	post	contenu 2026	
/pennautier-11-le-magicien-des-couleurs-bariole-petits-et-grands/	post	contenu 2026	
/cinema-le-docu-sur-riquet-eligible-a-lacademie-des-cesars-cest-une-aventure/	post	contenu 2026	
/trebes-demi-tarif-ce-mercredi-sur-le-champ-de-foire/	post	contenu 2026	
/agde-feerie-de-noel-en-centre-ville/	post	contenu 2026	texto corto (35 car.)
/capestang-bientot-une-carte-oenotouristique/	post	contenu 2026	texto corto (35 car.)
/chateau-les-carrasses-vos-reservations-pour-l-ete-2015-en-exclusivite/	post	contenu 2026	texto corto (0 car.)
/carcassonne-deux-villes-plutot-quune-miss-au-point-pour-seance-photos-a-la-cite-le-samedi-6-decembre-camille-cerf-a-ete-elue-miss-france-2015-une-election-suivie-par-des-million/	post	contenu 2026	
/pour-sauver-le-canal/	post	contenu 2026	texto corto (0 car.)
/colombiers-34-menu-de-noel-au-restaurant-l-eclusier/	post	contenu 2026	texto corto (0 car.)
/port-la-nouvelle-que-les-fetes-commencent/	post	contenu 2026	
/argeliers-au-pays-de-marcelin-albert/	post	contenu 2026	
/oubliez-la-grisaille-et-le-froid/	post	contenu 2026	
/beziers-un-eclairage-de-noel-plus-colore-cette-annee-fete-aux-443-motifs-de-decoration-dans-la-ville/	post	contenu 2026	
/bram-avant-le-traineau-le-pere-noel-voyage-en-train/	post	contenu 2026	
/conques-sur-orbiel-reveillon-de-lan-neuf-en-costume-du-moyen-age/	post	contenu 2026	
/carcassonne-projection-du-film-documentaire-il-est-minuit-paris-seveille/	post	contenu 2026	texto corto (0 car.)
/saint-nazaire-d-aude-et-argeliers/	post	contenu 2026	texto corto (33 car.)
/le-grand-celier-pensez-a-vos-cadeaux-de-noel/	post	contenu 2026	texto corto (0 car.)
/le-somail-menu-de-fin-d-annee-a-l-o-a-la-bouche/	post	contenu 2026	texto corto (0 car.)
/castelnaudary-la-ville-sanime-pour-les-fetes/	post	contenu 2026	
/vias-un-programme-de-noel-charge-des-vendredi-des-animations-programmees-pour-petits-et-grands/	post	contenu 2026	
/la-domitienne-loreille-attentive-du-sous-prefet-au-site-du-malpas-nicolas-lerner-a-decouvert-le-territoire-et-les-grands-projets/	post	contenu 2026	
/marseillan-le-village-de-noel/	post	contenu 2026	texto corto (0 car.)
/castelnaudary-exposition-et-bonheur-double-pour-l-amateur/	post	contenu 2026	texto corto (38 car.)
/mailhac-les-illuminations-de-noel-sont-de-retour/	post	contenu 2026	texto corto (38 car.)
/chateau-les-carrasses/	post	contenu 2026	texto corto (99 car.)
/8-idees-de-sorties-pour-votre-week-end-loisirs-u-gourmandises-theatre-concerts-litteraturenarbonne-sorties-poesie-exposition-voici-la-selection-proposee-par-midi-libre/	post	contenu 2026	
/journee-decouverte-au-domaine-de-l-herbe-saintea-mirepeisset-11120/	post	contenu 2026	texto corto (0 car.)
/actualite-de-l-office-de-tourisme-intercommunal-du-haut-minervois/	post	contenu 2026	
/carcassonne-alice-in-china-au-pays-des-acrobaties-et-des-reves/	post	contenu 2026	
/trebes-le-grand-soir-du-music-show/	post	contenu 2026	texto corto (38 car.)
/trebes-un-important-chantier-sur-les-berges-du-canal/	post	contenu 2026	
/narbonne-un-concours-photo-sur-la-terre-doc/	post	contenu 2026	
/ginestas-achetez-un-livre-pour-aider-la-lutte-contre-le-cancer/	post	contenu 2026	
/bize-minervois-11-vendredi-tous-au-marche-de-noel-des-enfants-dabord/	post	contenu 2026	
/olonzac-une-exposition-retrospective-au-coin-d-art/	post	contenu 2026	texto corto (32 car.)
/ventenac-en-minervois-11-la-commune-revet-ses-habits-de-noel/	post	contenu 2026	texto corto (42 car.)
/17-communes-audoises-primees-au-concours-villes-et-villages-fleuris-distinction-u-le-palmares-2014-a-ete-officiellement-devoile-lundi/	post	contenu 2026	
/capendu-11-un-obus-dans-le-coeur-theatre-par-le-collectif-eudaimonia-ce-vendredi-au-chai-a-21h/	post	contenu 2026	
/menu-de-noel-au-restaurant-l-eclusier-a-colombiers-34/	post	contenu 2026	
/toulouse-l-occitania-un-lieu-unique/	post	contenu 2026	
/portiragnes-catherine-bernard-drole-de-paysanne-rencontre-avec-une-vigneronne-proche-de-sa-terre/	post	contenu 2026	
/capestang-une-nouvelle-annee-de-spectacle-lancee/	post	contenu 2026	texto corto (32 car.)
/beziers-les-allees-aux-couleurs-des-fetes-de-noel/	post	contenu 2026	
/narbonne-succes-de-l-exposition-daquarelles/	post	contenu 2026	texto corto (38 car.)
/carcassonne-un-photographe-sur-les-pas-de-louis-barthas/	post	contenu 2026	
/port-la-nouvelle-11/	post	contenu 2026	texto corto (32 car.)
/ouveillan-programme-de-noel/	post	contenu 2026	texto corto (39 car.)
/narbonne-le-decor-des-feeries-sera-acheve-mardi-festivites-u-ladjointe-evelyne-rapinat-sexplique/	post	contenu 2026	
/noel-au-chateau-grand-moulin-a-lezignan-11/	post	contenu 2026	texto corto (0 car.)
/aigues-mortes-festivites-decembre-2014/	post	contenu 2026	
/narbonne-cloture-du-bicentenaire-viollet-le-duc/	post	contenu 2026	
/salleles-d-aude-22eme-anniversaire-du-musee-amphoralis/	post	contenu 2026	
/roubia-alevinage-dans-les-eaux-du-canal/	post	contenu 2026	texto corto (38 car.)
/le-somail-reveillon-du-31-decembre/	post	contenu 2026	texto corto (38 car.)
/narbonne-concerts-gratuits/	post	contenu 2026	texto corto (38 car.)
/nailloux-le-village-de-marques/	post	contenu 2026	texto corto (38 car.)
/art-de-vivre-olives/	post	contenu 2026	texto corto (171 car.)
/narbonne-les-halles-ont-l-ame-bien-vivante/	post	contenu 2026	texto corto (43 car.)
/circuits-des-aresquiers-a-l-etang-de-thau/	post	contenu 2026	texto corto (43 car.)
/circuits-sur-le-canal-du-midi-de-beziers-au-somail/	post	contenu 2026	texto corto (57 car.)
/le-canal-en-heritage-2/	post	contenu 2026	texto corto (62 car.)
/capestangpoilhes/	post	contenu 2026	texto corto (35 car.)
/la-magie-de-noel-a-carcassonne/	post	contenu 2026	texto corto (0 car.)
/montreal-11-marche-de-noel/	post	contenu 2026	texto corto (38 car.)
/carcassonne-le-telethon/	post	contenu 2026	texto corto (37 car.)
/bessan-34-un-agenda-de-decembre-rempli/	post	contenu 2026	texto corto (40 car.)
/rustiques-decouvrez-les-ceramiques-de-gigi/	post	contenu 2026	texto corto (36 car.)
/carcassonne-les-arbres-du-canal/	post	contenu 2026	texto corto (36 car.)
/ou-vit-on-le-mieux-beziers-ou-narbonne/	post	contenu 2026	texto corto (38 car.)
/palaja-soirees-musicales/	post	contenu 2026	texto corto (38 car.)
/le-grand-narbonne-les-journees-du-conte/	post	contenu 2026	
/le-conservatoire-du-grand-narbonne-en-fete/	post	contenu 2026	
/le-grand-narbonne-annonce-recital-de-marc-loopuyt/	post	contenu 2026	
/trebes-le-monde-de-noel-s-invite-a-l-office-de-tourisme/	post	contenu 2026	texto corto (38 car.)
/churchill-et-la-cite/	post	contenu 2026	texto corto (38 car.)
/le-marche-des-createurs-au-fil-de-leau/	post	contenu 2026	
/castelnaudary-les-croquignous-ouvrent-leurs-grandes-oreilles/	post	contenu 2026	
/castelnaudary-une-nouvelle-boulangerie/	post	contenu 2026	texto corto (38 car.)
/marseillan-marche-de-noel/	post	contenu 2026	texto corto (35 car.)
/rustiques-exposition-de-ceramiques/	post	contenu 2026	texto corto (38 car.)
/capendu-objectif-image-11/	post	contenu 2026	texto corto (38 car.)
/palaja-11-instant-musical-dimanche/	post	contenu 2026	texto corto (38 car.)
/litterature-l-almanach-des-bonbons-made-in-carcassonne/	post	contenu 2026	texto corto (38 car.)
/noel-a-trebes-11/	post	contenu 2026	texto corto (204 car.)
/organisation-de-voyages-a-velo/	page	301 → /categorie/organisation-de-voyage-a-velo/	
/capendu-les-oiseaux-sexposent-au-cafe-de-la-terrasse/	post	contenu 2026	texto corto (38 car.)
/faire-son-marche-sur-le-canal/	post	contenu 2026	
/medaille-dor-du-mit-pour-les-etudiants-qui-veulent-sauver-le-canal-du-midi/	post	contenu 2026	
/capestang-du-theatre-pour-sascha/	post	contenu 2026	texto corto (35 car.)
/bram-visite-ministerielle-et-solidarite-internationale/	post	contenu 2026	texto corto (38 car.)
/castelnaudary-marie-claude-coste-expose-a-la-galerie-113/	post	contenu 2026	texto corto (38 car.)
/lezignan-4-artistes-a-l-espace-gibert/	post	contenu 2026	texto corto (45 car.)
/marseillan-13-epaves-sorties-des-eaux-du-canal-du-midi/	post	contenu 2026	texto corto (35 car.)
/narbonne-le-pont-de-carcassonne-est-condamne/	post	contenu 2026	texto corto (38 car.)
/castelnaudary-le-monde-etrange-de-pourquoi-le-chat-au-theatre-des-3-ponts/	post	contenu 2026	texto corto (38 car.)
/carcassonne-l-imagination-au-pouvoir-avec-les-portes-du-temps/	post	contenu 2026	texto corto (38 car.)
/carcassonne-des-arbres-abattus-pour-une-belle-vue-sur-la-cite/	post	contenu 2026	texto corto (38 car.)
/le-periple-sur-le-canal-d-un-internaute-sebastien/	post	contenu 2026	
/montolieu-libraire-passionnement/	post	contenu 2026	texto corto (38 car.)
/la-culture-c-est-elles-samedi-a-la-redorte-11/	post	contenu 2026	texto corto (38 car.)
/trebes-domaine-des-peres-le-11-a-lhonneur/	post	contenu 2026	
/soiree-degustation-au-chateau-cabezac-11/	post	contenu 2026	texto corto (38 car.)
/fleury-d-aude-l-expo-du-mois/	post	contenu 2026	texto corto (0 car.)
/herault-ou-sortir-ce-week-end/	post	contenu 2026	texto corto (75 car.)
/les-oliveraies-audoises-ravagees-a-pres-de-80-par-la-mouche/	post	contenu 2026	texto corto (77 car.)
/palaja-marche-de-noel-les-reservations-sont-ouvertes/	post	contenu 2026	texto corto (75 car.)
/aigues-mortes-festivites-de-novembredecembre/	post	contenu 2026	
/castanet-tolosan-31-le-lac-un-lieu-de-promenade-le-week-end/	post	contenu 2026	
/bessan-la-melancolie-des-mots/	post	contenu 2026	texto corto (70 car.)
/toursime-de-groupe-narbonne-capitale/	post	contenu 2026	texto corto (76 car.)
/palmares-a-narbonne-il-fait-bon-vivre-mais/	post	contenu 2026	texto corto (76 car.)
/trebes-le-canal-du-midi-par-le-centre-social/	post	contenu 2026	texto corto (75 car.)
/information-de-fermeture-de-la-voie-verte/	post	contenu 2026	
/bonrepos-riquet-ce-week-end-les-5es-journees-des-plantes/	post	contenu 2026	
/marseillette-le-riz-en-danger/	post	contenu 2026	texto corto (61 car.)
/beziers-les-nouvelles-berges-de-l-orb-se-dessinent/	post	contenu 2026	texto corto (73 car.)
/la-domitienne-sur-le-chemin-de-lobtention-du-label-grand-site-le-dossier-de-candidature-sera-prochainement-depose/	post	contenu 2026	
/alzonne-le-plein-dinfos-historiques-locales/	post	contenu 2026	
/promotions-a-ne-pas-manquer-chez-navi-canal/	post	contenu 2026	texto corto (0 car.)
/montady-les-grandes-manoeuvres-sur-letang-la-remise-en-etat-des-fosses-et-des-ouvrages-a-debute/	post	contenu 2026	
/narbonne-l-histoire-du-midi-viticole/	post	contenu 2026	
/2824/	post	contenu 2026	
/les-canalous-votre-catalogue-2015-des-vacances-au-fil-de-leau-est-arrive/	post	contenu 2026	
/passionnes-du-canal-du-midi-a-vos-chequiers/	post	contenu 2026	
/montolieu-le-cahier-des-patrimoines-du-cabardes-au-canal-du-midi/	post	contenu 2026	
/lembrasement-de-la-cite-de-carcassonne/	post	contenu 2026	
/carcassonne-esplanade-gambetta-le-retour-du-jardin/	post	contenu 2026	
/les-playmobil-vont-tenir-salon-a-gruissan/	post	contenu 2026	
/trebes-le-canal-raconte-aux-adultes-par-des-ados/	post	contenu 2026	
/castelnaudary-le-comptoir-des-saveurs/	post	contenu 2026	
/feru-de-litterature-lecrivain-carcassonnais-bernard-vaissiere-publie-un-roman-les-champs-phlegreens-il-le-presentera-a-250-invites-le-samedi-15-novembre-a-lhotel-de/	post	contenu 2026	
/lecture-la-cite-de-carcassonne-dans-tous-ses-etats/	post	contenu 2026	
/narbonne-la-mary-flore-a-besoin-dune-vague-de-solidarite/	post	contenu 2026	
/carcassonne-un-atelier-du-livre/	post	contenu 2026	
/azille-un-petit-salon-so-british/	post	contenu 2026	
/ventenac-en-minervois-une-guinguette-qui-depanne/	post	contenu 2026	texto corto (32 car.)
/canaux-garonne-berges-un-pole-pour-y-voir-plus-clair/	post	contenu 2026	
/revel-31-on-mene-lenquete-en-famille-au-musee-du-canal-du-midi/	post	contenu 2026	
/ramonville-saint-agne-a-velo-ou-a-cheval-sur-les-berges-du-canal/	post	contenu 2026	
/toulouse-660-litres-de-dechets-ramasses-sur-les-berges/	post	contenu 2026	
/ramonville-le-chancre-colore-detecte-pres-de-la-ville/	post	contenu 2026	
/trebes-les-poids-lourds-cest-fini-la-minervoise-refaite/	post	contenu 2026	
/colombiers-34-fetez-halloween-au-barrio-latino-sur-le-port/	post	contenu 2026	
/trebes-le-boat-pas-impacte-par-la-crise/	post	contenu 2026	
/marathon-de-toulouse-attention-a-la-circulation-dimanche/	post	contenu 2026	
/le-chancre-colore-attaque-les-platanes-aux-portes-de-toulouse/	post	contenu 2026	
/ramonville-saint-agne-le-festival-convivencia-a-anime-le-marche/	post	contenu 2026	
/beziers-les-neuf-ecluses-sur-le-bureau-du-ministre-de-lenvironnement/	post	contenu 2026	
/trebes-la-grosse-frayeur-dune-famille-de-plaisanciers-sur-le-canal-du-midi/	post	contenu 2026	
/le-grand-nettoyage-des-berges-a-commence/	post	contenu 2026	
/video-sur-le-canal-du-midi/	post	contenu 2026	
/aigues-mortes-programme-d-automne/	post	contenu 2026	
/mailhac-la-ville-et-le-canal-du-midi-mis-en-lumiere-par-le-photo-club/	post	contenu 2026	texto corto (46 car.)
/sainte-valiere-le-monde-en-aquarelle/	post	contenu 2026	texto corto (46 car.)
/carcassonne-la-mini-revolution-de-la-charte-des-terrasses/	post	contenu 2026	
/jeu-enquete-au-musee-jardins-du-canal-du-midi/	post	contenu 2026	texto corto (30 car.)
/cazilhac-11-marche-gourmand-et-du-terroir/	post	contenu 2026	texto corto (51 car.)
/fontfroide-a-du-choeur/	post	contenu 2026	texto corto (51 car.)
/le-vin-en-fete-a-carcassonne/	post	contenu 2026	texto corto (51 car.)
/montolieu-journee-des-metiers-dart/	post	contenu 2026	
/place-au-bal-au-bord-du-canal/	post	contenu 2026	
/pierre-paul-riquet-lhomme-du-canal/	post	contenu 2026	
/quel-avenir-pour-la-maison-de-garde-du-canal/	post	contenu 2026	
/plus-de-platanor-pour-le-canal-du-midi/	post	contenu 2026	texto corto (46 car.)
/canal-du-midi-une-nouvelle-campagne-dabattage-de-platanes-dans-lherault/	post	contenu 2026	
/des-selfies-pour-sauver-le-canal-du-midi/	post	contenu 2026	
/trail-du-cassoulet-un-bond-au-xviie-siecle/	post	contenu 2026	
/cure-dembellissement-pour-les-berges-du-canal/	post	contenu 2026	
/les-nouveaux-menus-a-lauberge-de-la-croisade-quarante/	post	contenu 2026	texto corto (65 car.)
/castelnaudary-nouvelle-equipe-nouvelle-carte-ca-bouge-a-lhostellerie-de-la-pomarede/	post	contenu 2026	
/pompertuzat-31-lart-est-dans-la-rue/	post	contenu 2026	
/scenes-de-meurtres-a-carcassonne/	post	contenu 2026	
/cinema-dautomne-festival-100-region/	post	contenu 2026	
/une-famille-belge-jusqua-istanbul-a-velo/	post	contenu 2026	
/aigues-mortes-programme-animation-sepembreoctobre/	post	contenu 2026	
/comment-busquets-va-relancer-son-projet-pour-toulouse/	post	contenu 2026	shortcodes: Zoomer
/lassociation-vivre-le-canal-et-le-tourmente-font-vivre-le-patrimoine-du-canal/	post	contenu 2026	
/toulouse-exclut-les-bateliers-de-la-fete/	post	contenu 2026	shortcodes: Zoomer
/revel-le-patrimoine-a-attire-la-foule/	post	contenu 2026	
/a-la-recherche-du-vrai-paul-riquet/	post	contenu 2026	
/toulouse-pourquoi-ne-pas-y-aller-a-pied/	post	contenu 2026	
/bonrepos-riquet-31-le-chateau-devoile-ses-plus-beaux-atours/	post	contenu 2026	
/31-musees-chateaux-eglises-a-visiter/	post	contenu 2026	shortcodes: Zoomer
/ramonville-atelier-de-peinture-au-canal/	post	contenu 2026	
/montolieu-11-journees-des-metiers-dart-samedi-209/	post	contenu 2026	shortcodes: Zoomer
/castanet-tolosan-la-grande-foule-pour-la-5e-edition/	post	contenu 2026	
/le-canal-du-midi-inspire-les-peintres-revelois/	post	contenu 2026	
/haute-garonne-cest-le-garage-des-peniches/	post	contenu 2026	
/trebes-encore-des-platanes-abattus/	post	contenu 2026	
/donadery-les-projets-avancent-a-grands-pas/	post	contenu 2026	shortcodes: Zoomer
/castelnaudary-le-canal-du-midi-au-rythme-du-pas-de-lane/	post	contenu 2026	shortcodes: Zoomer
/port-la-nouvelle-exposition-d-alice-sanchez-pastelliste/	post	contenu 2026	texto corto (52 car.)
/fete-de-la-gastronomie-a-colombiers-34440/	post	contenu 2026	
/journees-europeennes-du-patrimoine-au-musee-et-jardins-du-canal-du-midi/	post	contenu 2026	texto corto (30 car.)
/ramonville-saint-agne-aviron-sport-de-glisse-sur-le-canal-du-midi/	post	contenu 2026	
/carcassonne-huit-platanes-abattus-en-centre-ville/	post	contenu 2026	shortcodes: Zoomer
/trebes-11-le-6e-bike-and-run-se-prepare/	post	contenu 2026	shortcodes: Zoomer
/castelnaudary-les-belles-couleurs-de-timothee-givanini/	post	contenu 2026	
/passport-a-flots-parce-que-tout-commence-par-un-voyage/	post	contenu 2026	
/cine-guinguette-%e2%80%a2-courts-metrages-en-cabaret-%e2%80%a2/	post	contenu 2026	texto corto (30 car.)
/saint-martin-lalande-11-halte-chaurienne-pour-la-carabarge-deric-vialet/	post	contenu 2026	
/canal-du-midi-des-tonnes-de-vase-en-moins-toulouse/	post	contenu 2026	
/le-somail-la-porte-de-la-chapelle-relookee/	post	contenu 2026	texto corto (52 car.)
/lancement-du-livre-avec-ceux-d-argeliers-au-somail/	post	contenu 2026	texto corto (52 car.)
/la-domitienne-festival-vivez-le-patrimoine/	post	contenu 2026	texto corto (30 car.)
/biterrois-vnf-reprend-labattage-des-platanes-malades-du-canal-du-midi/	post	contenu 2026	
/residence-de-tourisme/	page	301 → /categorie/hebergement/	
/guy-perrin-immortalise-paul-riquet-dans-le-marbre/	post	contenu 2026	
/la-domitienne-programme-des-jep-2014/	post	contenu 2026	
/aigues-mortes-programme-de-septembreoctobre/	post	contenu 2026	texto corto (19 car.)
/calcul-de-distance-canal-du-midi/	page	calcul 2026	
/mirepeisset-le-nageur-alain-bernard-au-camping/	post	contenu 2026	texto corto (49 car.)
/pouzols-minervois-bouteille-originale-au-domaine-claude-guibbert/	post	contenu 2026	texto corto (49 car.)
/le-somail-les-hotesses-de-l-office-de-tourisme-a-la-fete-de-l-olivier/	post	contenu 2026	texto corto (49 car.)
/paraza-magnifique-vernissage-au-clap/	post	contenu 2026	texto corto (49 car.)
/ventenac-en-minervois-images-ventenac/	post	contenu 2026	texto corto (46 car.)
/le-somail-que-vogue-l-epicerie-sur-le-canal-du-midi/	post	contenu 2026	texto corto (46 car.)
/demande-dhebergement-le-long-du-canal-du-midi/	page	301 → /planificateur/	
/bize-minervois-l-oulibo-l-entreprise-la-plus-visitee-du-languedoc/	post	contenu 2026	texto corto (46 car.)
/saint-marcel-sur-aude-9eme-festival-country/	post	contenu 2026	texto corto (51 car.)
/salleles-d-aude-au-musee-amhoralis/	post	contenu 2026	texto corto (54 car.)
/cet-automne-presentez-les-carrasses-a-vos-amis/	post	contenu 2026	
/marches-aux-produits-du-terroir/	post	contenu 2026	texto corto (86 car.)
/salleles-d-aude-bercee-par-son-canal/	post	contenu 2026	texto corto (45 car.)
/suivez-l-actualite-du-canal-du-midi-sur-notre-page-facebook/	post	contenu 2026	texto corto (186 car.)
/trebes-11-jazz-o-canal-sur-le-port-samedi-soir/	post	contenu 2026	
/le-grand-celier-propose-des-degustations-sur-leau-le-somail/	post	contenu 2026	
/vide-greniers-et-brocantes-du-27-juillet-au-1er-aout-2014/	post	contenu 2026	
/murray-head-au-grand-test-des-terrasses-a-picarrou/	post	contenu 2026	
/des-velos-a-louer-dans-le-vieux-village-a-trebes/	post	contenu 2026	
/trebes-la-chute-dun-arbre-dans-le-canal-du-midi/	post	contenu 2026	
/in-vino-veritas-sur-la-promenade-des-barques-a-narbonne/	post	contenu 2026	texto corto (212 car.)
/fabien-veille-sur-la-plus-haute-ecluse-de-beziers/	post	contenu 2026	
/revel-31-concert-du-festival-convivencia/	post	contenu 2026	
/revel-31-itineraire-artistique-dans-les-commerces/	post	contenu 2026	
/trebes-les-vacances-a-bicyclette-de-plus-en-plus-prisees/	post	contenu 2026	
/lezignan-la-conference-sur-le-canal-du-midi/	post	contenu 2026	texto corto (46 car.)
/pezens-la-fete-du-melon/	post	contenu 2026	texto corto (51 car.)
/ferme-de-50-les-enfants-ladorent/	post	contenu 2026	
/le-musee-jardins-du-canal-du-midi-presente/	post	contenu 2026	texto corto (30 car.)
/revel-31-poetiquettes-a-saint-ferreol/	post	contenu 2026	
/en-paddle-de-toulouse-a-sete/	post	contenu 2026	
/a-la-guinguette-d-argens-jeudi-24-juillet-a-19h30-repas-concert-avec-com-lost/	post	contenu 2026	texto corto (249 car.)
/festival-convivencia-au-musee/	post	contenu 2026	texto corto (30 car.)
/platanes-du-canal-du-midi-des-abattages-en-attendant-la-solution/	post	contenu 2026	
/devenez-acteur-du-canal-du-midi-sur-internet/	post	contenu 2026	
/2331/	post	contenu 2026	
/un-espoir-de-traitement-pour-les-platanes-malades-du-canal-du-midi/	post	contenu 2026	
/visite-du-chateau-de-bonrepos-riquet/	post	contenu 2026	
/salleles-d-aude-une-belle-vitrine-sur-le-canal/	post	contenu 2026	texto corto (46 car.)
/repas-concert-a-la-guinguette/	post	contenu 2026	texto corto (264 car.)
/location-de-bateaux-profitez-des-dernieres-disponibilites-aux-prix-de-derniere-minute/	post	contenu 2026	
/programme-des-manifestations-a-aigues-mortes-pour-le-14-juillet/	post	contenu 2026	texto corto (13 car.)
/bize-minervois-8eme-grand-show-freestyle-motocross/	post	contenu 2026	texto corto (46 car.)
/salleles-d-aude-tournage-du-sang-de-la-vigne-avec-pierre-arditi/	post	contenu 2026	texto corto (240 car.)
/revel-des-visites-guidees-tout-lete/	post	contenu 2026	shortcodes: Zoomer
/aude-la-charte-dojectifs-du-canal-de-la-robine-signee-ce-mardi/	post	contenu 2026	
/beziers-le-toilettage-des-berges-de-lorb-a-commence/	post	contenu 2026	
/beziers-vers-une-nouvelle-vie-pour-le-quai-notre-dame/	post	contenu 2026	
/ouvrages-d-art/	page	contenu 2026	
/en-croisiere-a-bord-de-la-peniche-surcouf-vous-allez-decouvrir-le-vrai-canal-du-midi/	post	contenu 2026	
/300-000-euros-de-dons-pour-sauver-le-canal-du-midi/	post	contenu 2026	texto corto (202 car.)
/le-somail-colette-lencioni-a-lhonneur/	post	contenu 2026	texto corto (46 car.)
/franc-succes-de-lappel-aux-dons-pour-les-platanes-du-canal-du-midi/	post	contenu 2026	
/la-ville-rose-vue-cote-nature/	post	contenu 2026	
/convivencia-musique-a-quai-ce-soir-a-toulouse/	post	contenu 2026	
/une-belle-vie-au-bord-du-canal/	post	contenu 2026	
/auberge-de-la-croisade-nouvelle-carte-dete/	post	contenu 2026	
/les-richesses-du-minervois-audois/	post	contenu 2026	
/escapade-naturelle-en-pays-lauragais/	post	contenu 2026	
/le-cassoulet-cest-castelnaudary/	post	contenu 2026	shortcodes: Zoomer
/canal-du-midi-240-km-au-fil-de-leau/	post	contenu 2026	shortcodes: Zoomer
/le-somail-pied-a-terre-ideal/	post	contenu 2026	
/revel-son-beffroi-et-les-mille-saveurs-du-marche-de-plein-vent/	post	contenu 2026	
/lauragais-la-douce-vie-du-pays-de-cocagne/	post	contenu 2026	
/pres-de-200-km-de-pistes-cyclables/	post	contenu 2026	
/port-la-nouvelle-le-soutien-sans-faille-des-elus-locaux-a-la-motion-dandre-viola/	post	contenu 2026	
/ou-trouver-du-carburant-pres-du-canal-du-midi/	post	contenu 2026	
/laventure-tranquille-avec-les-bateaux-toulousains/	post	contenu 2026	
/toulouse-venez-feter-le-14-juillet-sur-l-occitania/	post	contenu 2026	
/ramonville-les-vedettes-du-canal/	post	contenu 2026	
/grand-etiquetage-de-nuages/	post	contenu 2026	texto corto (30 car.)
/toulouse-decouvrez-la-peniche-samsara/	post	contenu 2026	
/capestang-l-eau-de-septe-a-ete-presentee-le-long-du-canal-du-midi/	post	contenu 2026	
/trebes-la-brocante-du-canal-exemple-a-suivre/	post	contenu 2026	
/castelnaudary-courir-pour-ceux-qui-nont-plus-de-souffle/	post	contenu 2026	
/revel-animations-sur-le-marche-et-la-digue-avec-le-musee-du-canal/	post	contenu 2026	
/castelnaudary-belle-et-chaurienne-depuis-un-demi-siecle/	post	contenu 2026	
/toulouse-et-vogue-convivencia/	post	contenu 2026	
/la-grande-offrande-des-glaneuses/	post	contenu 2026	texto corto (30 car.)
/les-jeudis-a-grand-moulin/	post	contenu 2026	texto corto (0 car.)
/la-guinguette-d-argens-repas-concert/	post	contenu 2026	texto corto (208 car.)
/toulouse-embouchure-pour-une-maison-des-canaux-et-voies-deau/	post	contenu 2026	
/promenade-litteraire-le-long-du-canal-du-midi/	post	contenu 2026	
/toulouse-il-y-a-deux-cents-ans-la-bataille-oubliee/	post	contenu 2026	
/castelnaudary-peche-miraculeuse-au-canal-pour-la-saint-jean/	post	contenu 2026	
/aigues-mortes-le-programme-des-festivites-de-juillet/	post	contenu 2026	texto corto (7 car.)
/canal-du-midi-yves-bastie-fait-le-forcing-pour-le-vaccin-contre-le-chancre/	post	contenu 2026	
/revel-exposition-d-aquarelles/	post	contenu 2026	
/tous-les-chemins-menent-a-narbonne/	post	contenu 2026	
/lancement-dun-pret-a-poster-au-fil-de-leau/	post	contenu 2026	shortcodes: Zoomer
/la-maison-du-malpas-mission-centenaire-le-28062014-a-18-h30/	post	contenu 2026	
/salleles-d-aude/	post	contenu 2026	texto corto (7 car.)
/saint-marcel-sur-aude-le-caveau-est-ouvert/	post	contenu 2026	texto corto (7 car.)
/le-somail-rencontre-avec-michele-teysseyre/	post	contenu 2026	texto corto (7 car.)
/trebes-marche-gourmand-sur-les-berges-du-canal/	post	contenu 2026	
/narbonne-la-troupe-candeloro-en-avant-premiere-nationale-aujourdhui-a-la-patinoire/	post	contenu 2026	
/les-artistes-toulousains-font-la-fete-de-la-musique/	post	contenu 2026	
/bize-minervois-8e-rallye-surprise-du-comite-des-fetes/	post	contenu 2026	texto corto (7 car.)
/mailhac-total-festum/	post	contenu 2026	texto corto (7 car.)
/salleles-d-aude-canal-de-jonction-tous-a-vos-objectifs/	post	contenu 2026	texto corto (7 car.)
/puicheric-peche-au-lac-de-la-redorte/	post	contenu 2026	texto corto (7 car.)
/paraza-une-double-exposition-a-decouvrir-au-clap/	post	contenu 2026	texto corto (7 car.)
/office-de-tourisme-intercommunal-du-canal-du-midi-une-mine-dinformations-et-dimages-sur-le-canal-du-midi-et-nos-villages/	post	contenu 2026	
/narbonne-la-troupe-candeloro-a-lespace/	post	contenu 2026	
/ramonville-une-annee-de-creation-artistique-exposee/	post	contenu 2026	
/villegly-pure-passion-cap-nore/	post	contenu 2026	
/trebes-loffice-de-tourisme-repere-de-sculpteurs/	post	contenu 2026	
/mauguio-carnon-l-office-de-tourisme-fete-ses-30-ans/	post	contenu 2026	texto corto (22 car.)
/ramonville-saint-agne-blaise-assure-la-pause-vitamine-du-canal/	post	contenu 2026	
/les-concerts-d-ete-a-la-guinguette-d-argens/	post	contenu 2026	
/auberge-du-somail-les-jeudis-de-la-bodega/	post	contenu 2026	
/narbonne-scene-nationale-la-saison-2014-2015/	post	contenu 2026	shortcodes: Zoomer
/marseillan-a-langon-450-km-en-kayak-recit/	post	contenu 2026	texto corto (199 car.)
/montgiscard-premiere-promenade-litteraire-poetique-et-ludique/	post	contenu 2026	
/ramonville-saint-agne-bateaux-sur-pilotis-un-logement-insolite/	post	contenu 2026	
/bonrepos-riquet-repas-de-gala-des-festivites-riquet-il-reste-des-places/	post	contenu 2026	
/castelnaudary-laviron-lauragais-sur-le-canal-de-la-robine/	post	contenu 2026	
/les-balades-vigneronnes/	post	contenu 2026	
/viollet-le-duc-regards-croises-a-lauditorium-de-carcassonne/	post	contenu 2026	
/revel-vincent-perez-en-concert-au-musee-du-canal-du-midi/	post	contenu 2026	
/chateau-cabezac-janet-dalby-expose/	post	contenu 2026	texto corto (37 car.)
/lezignan-corbieres-promaude-du-6-au-9-juin-2014/	post	contenu 2026	texto corto (37 car.)
/lezignan-donner-de-la-voix-pour-l-audiothon-a-promaude/	post	contenu 2026	texto corto (36 car.)
/ramonville-saint-agne-joies-du-barbecue-au-bord-du-canal/	post	contenu 2026	
/midi-pyreneeslanguedoc-roussillon-ce-que-peserait-la-future-region/	post	contenu 2026	shortcodes: Zoomer
/montech-les-peintres-de-garonne-et-canal-exposent/	post	contenu 2026	
/concert-au-musee-et-jardins-du-canal-du-midi/	post	contenu 2026	texto corto (30 car.)
/narbonne-votre-preparateur-physique/	post	contenu 2026	texto corto (35 car.)
/le-somail-la-nature-reprend-ses-droits/	post	contenu 2026	texto corto (30 car.)
/castelnaudary-loffice-fluvial-decroche-le-label-pavillon-bleu/	post	contenu 2026	
/festivites-de-juin-a-aigues-mortes/	post	contenu 2026	texto corto (248 car.)
/la-redorte-journee-nationale-de-la-peche/	post	contenu 2026	
/total-festum-investit-le-minervois/	post	contenu 2026	
/journees-du-patrimoine-de-pays-et-des-moulins-la-maison-du-malpas/	post	contenu 2026	
/les-enfants-terribles-a-villeneuve-les-beziers/	post	contenu 2026	
/concert-au-bord-du-canal-du-midi/	post	contenu 2026	
/trebes-le-tour-de-france-avec-leurs-animaux/	post	contenu 2026	
/bonrepos-riquet-chateau-de-riquet-le-retour-des-visites-estivales/	post	contenu 2026	
/une-decouverte-originale-pour-les-collegiens-de-castelnaudary-qui-ont-fait-etape-a-bram/	post	contenu 2026	
/dominique-trilles-intervient-au-conseil-general/	post	contenu 2026	
/castelnaudary-tourisme-la-saison-va-commencer/	post	contenu 2026	
/toulouse-quai-de-la-daurade-le-tenace-bloque-en-attendant-la-decrue/	post	contenu 2026	
/la-redorte-la-fabuleuse-histoire-de-monsieur-riquet/	post	contenu 2026	shortcodes: Zoomer
/revel-le-musee-du-canal-du-midi-anime-le-marche-et-la-digue/	post	contenu 2026	shortcodes: Zoomer
/villefranche-de-lauragais-samedi-le-pole-jeunesse-court-au-bord-du-canal/	post	contenu 2026	shortcodes: Zoomer
/les-platanes-du-canal-du-midi/	post	contenu 2026	texto corto (47 car.)
/menu-special-fete-des-mamans-au-restaurant-l-eclusier-a-colombiers/	post	contenu 2026	texto corto (7 car.)
/il-etait-une-fois-le-malpas/	post	contenu 2026	
/la-domitienne-programme-festivites/	post	contenu 2026	texto corto (58 car.)
/ayguesvives-foire-du-fort-une-journee-tres-attendue/	post	contenu 2026	
/berges-des-canaux-a-toulouse-on-tond-bientot/	post	contenu 2026	
/revel-le-musee-du-bois-et-de-la-marqueterie-retrouve-son-second-souffle/	post	contenu 2026	
/canal-du-midi-la-region-epaule-les-maires-contre-les-abattages/	post	contenu 2026	
/trebes-les-croisieristes-immobilises-sur-le-canal/	post	contenu 2026	
/revel-demain-on-passe-la-nuit-dans-les-musees/	post	contenu 2026	
/des-chevres-pour-tondre-les-berges-du-canal-du-midi/	post	contenu 2026	
/voile-a-marseillan-le-vent-met-23-enfants-en-difficulte-sur-letang-de-thau/	post	contenu 2026	
/le-voyage-des-collegiens-a-bicyclette-jusqua-la-mer/	post	contenu 2026	
/jose-bove-plaide-pour-le-transport-sur-le-canal-du-midi/	post	contenu 2026	
/peniche-restaurant-vent-du-sud-portes-ouvertes-beziers/	post	contenu 2026	texto corto (144 car.)
/aude-un-espoir-pour-les-platanes-du-canal-du-midi-2/	post	contenu 2026	
/invitation-a-decouvrir-a-velo-les-paysages-du-canal-du-midi/	post	contenu 2026	texto corto (47 car.)
/bande-annonce-la-fabuleuse-histoire-riquet-jean-perisse/	post	contenu 2026	texto corto (17 car.) · iframe
/magazine-ballade-occitane-nouvel-album-oc/	post	contenu 2026	texto corto (0 car.) · iframe
/carcassonne-le-petit-train-de-la-cite/	post	contenu 2026	
/casting-a-gruissan-pour-la-serie-le-sang-de-la-vigne-avec-pierre-arditi/	post	contenu 2026	
/le-canal-du-midi-haut-lieu-du-skate/	post	contenu 2026	
/le-samedi-17-mai-prochain-aura-lieu-la-nuit-des-musees/	post	contenu 2026	texto corto (30 car.)
/journees-europeennes-du-patrimoine-au-musee-jardins-du-canal-du-midi/	post	contenu 2026	texto corto (30 car.)
/animation-autour-de-lexposition-canal-des-2-mers-un-trait-dunion-pour-la-nature/	post	contenu 2026	texto corto (30 car.)
/labruguiere-cinema-deux-films-suivis-de-rencontres/	post	contenu 2026	
/pavillon-bleu-toulouse-et-5-ports-de-laude-recompenses/	post	contenu 2026	shortcodes: Zoomer
/narbonne-le-documentaire-sur-riquet-franchit-les-10-000-entrees-videos/	post	contenu 2026	
/ramonville-la-peniche-spectacle-didascalie-en-cale-seche/	post	contenu 2026	
/dans-les-coulisses-des-jardins-de-toulouse/	post	contenu 2026	
/des-envies-de-nature-et-de-musique/	post	contenu 2026	
/au-port-de-bram-soiree-sous-la-plume-de-nougaro/	post	contenu 2026	
/quai-n10-un-lieu-qui-fait-du-bien-ouvert-aux-gens-de-bons-sens-et-de-bonne-volonte/	post	contenu 2026	
/engin-de-chantier-dans-le-canal/	post	contenu 2026	
/conference-sur-la-canso/	post	contenu 2026	
/lezignan-l-art-au-feminin-au-chateau-grand-moulin/	post	contenu 2026	texto corto (114 car.)
/narbonne-nouvelle-version-de-la-rando-vtt-la-domitienne/	post	contenu 2026	texto corto (46 car.)
/le-somail-exposition-a-la-librairie/	post	contenu 2026	texto corto (46 car.)
/azille-programme-de-la-feria/	post	contenu 2026	texto corto (46 car.)
/gruissan-c-est-le-printemps-des-sens/	post	contenu 2026	texto corto (46 car.)
/une-balade-pour-eveiller-les-cinq-sens-a-peyriac-de-mer/	post	contenu 2026	texto corto (43 car.)
/ramonville-saint-agne-canal-du-midi-et-velo-un-beau-mariage/	post	contenu 2026	
/bonrepos-riquet-premier-concert-pour-lorangerie-du-chateau/	post	contenu 2026	
/pour-bien-commencer-la-saison/	post	contenu 2026	texto corto (30 car.)
/votre-restaurant/	post	contenu 2026	texto corto (30 car.)
/carcassonne-tout-le-programme-du-festival-off/	post	contenu 2026	
/aucamville-rencontre-autour-de-pierre-paul-riquet/	post	contenu 2026	
/cuxac-d-aude-14e-randovignes/	post	contenu 2026	texto corto (49 car.)
/gruissan-les-visites-du-site-archeologique-reprennent/	post	contenu 2026	texto corto (49 car.)
/leucate-le-mondial-du-vent-2014/	post	contenu 2026	texto corto (49 car.)
/nissan-lez-enserune-le-1er-mai-rando-des-moulins/	post	contenu 2026	texto corto (49 car.)
/les-arts-embarquent-sur-une-peniche-le-1er-mai-a-toulouse/	post	contenu 2026	
/carcassonne-festival-2014/	post	contenu 2026	
/escalquens-decouvrez-le-jardin-pamplemousses/	post	contenu 2026	
/pour-une-halte-a-beziers-l-hotel-mercure/	post	contenu 2026	
/animation-au-musee-et-jardins-du-canal-du-midi/	post	contenu 2026	
/a-colombiers-34440-la-peniche-oz/	post	contenu 2026	
/argens-minervois-charmant-village-traverse-par-le-canal-du-midi/	post	contenu 2026	
/neotera-la-passion-du-terroir/	post	contenu 2026	
/le-clos-de-venes-vignobles-et-chambres-dhotes/	post	contenu 2026	
/paraza-belle-exposition-au-clap/	post	contenu 2026	texto corto (46 car.)
/montredon-des-nevianais-a-la-semaine-des-talents/	post	contenu 2026	texto corto (7 car.)
/villefranche-de-lauragais-cine-bor-rencontre-aujourdhui-autour-de-riquet/	post	contenu 2026	
/port-la-nouvelle-l-office-de-tourisme-fait-le-point/	post	contenu 2026	texto corto (44 car.)
/peyriac-de-mer-la-balde-des-5-sens-se-prepare/	post	contenu 2026	texto corto (52 car.)
/trebes-ouverture-dun-quai-sur-le-port/	post	contenu 2026	
/la-guinguette-d-argens-ouvre-aujourd-hui/	post	contenu 2026	
/menu-de-paques-au-restaurant-l-eclusier-a-colombiers-34440/	post	contenu 2026	texto corto (64 car.)
/toulouse-canal-de-brienne-une-boutique-ephemere-flottante/	post	contenu 2026	
/la-chasse-aux-oeufs-est-ouverte-au-chateau-des-carrasses/	post	contenu 2026	texto corto (0 car.)
/balades-audoises-224-sites-naturels-a-decouvrir/	post	contenu 2026	shortcodes: Zoomer
/ramonville-saint-agne-riquet-le-canal-du-midi-et-le-realisateur-jean-perisse-a-lautan/	post	contenu 2026	
/le-somail-5eme-manifestation-de-lart-et-des-mots-au-bord-de-leau/	post	contenu 2026	texto corto (49 car.)
/l-hotel-du-clocher-de-rodez-a-toulouse/	post	contenu 2026	
/revel-la-saison-touristique-est-lancee/	post	contenu 2026	
/nettoyage-de-printemps-pour-les-berges-du-canal/	post	contenu 2026	
/canal-du-midi-le-moratoire-de-vnf-a-lepreuve-des-experts/	post	contenu 2026	
/bio-planete-fete-ses-30-ans-passion-finesse-des-huiles-bio/	post	contenu 2026	
/la-fronde-des-maires-retarde-larrachage-des-platanes-du-canal-du-midi/	post	contenu 2026	
/lespace-culturel-georges-duret-mediatheque-de-port-la-nouvelle/	post	contenu 2026	
/les-marches-a-port-la-nouvelle/	post	contenu 2026	
/expo-a-labbaye-de-new-york-a-saint-hilaire/	post	contenu 2026	
/revel-georges-artemoff-revit-dans-la-cite/	post	contenu 2026	
/artisanat/	page	301 → /categorie/artisanat/	
/location-de-canoe-kawak/	page	301 → /categorie/location-de-canoe-kayak/	
/carcassonne-linattendu-succes-du-film-sur-riquet/	post	contenu 2026	
/chateau-des-carrasses-profitez-des-offres-speciales-paques/	post	contenu 2026	
/vias-appel-a-volontaires-pour-nettoyer-les-berges-du-canal-du-midi/	post	contenu 2026	
/des-platanes-malades-abattus-a-beziers-le-long-de-la-route-de-sauvian/	post	contenu 2026	
/canal-du-midi-les-vignerons-embarquent-a-bord/	post	contenu 2026	
/castelnaudary-un-diaporama-appele-courts-metrages-de-photos/	post	contenu 2026	
/chenilles-processionnaires-lecopiege-concu-a-bages-11/	post	contenu 2026	
/cruzy-reouverture-de-l-auberge-de-la-croisade/	post	contenu 2026	
/les-visites-guidees-du-1er-samedi-du-mois/	post	contenu 2026	texto corto (24 car.)
/loffice-de-tourisme-sur-une-gabarre/	post	contenu 2026	texto corto (24 car.)
/festival-de-la-bande-dessinee-de-serignan/	post	contenu 2026	texto corto (24 car.)
/fpp-travel-le-specialiste-du-tourisme-fluvial/	post	contenu 2026	
/muret-le-canal-du-midi-passe-par-cine-veo/	post	contenu 2026	
/c-lapero-aux-carrasses/	post	contenu 2026	texto corto (0 car.)
/services-utiles/centre-commercial/	page	301 → /categorie/commerce/	
/villegy-aude-randonnee-vtt-samedi-14-et-dimanche-15-juin-2014/	post	contenu 2026	shortcodes: Zoomer
/muret-m-riquet-au-cinema-voyage-jubilatoire/	post	contenu 2026	
/beziers-le-quartier-des-neuf-ecluses-bientot-renove/	post	contenu 2026	
/revel-contact-avec-des-racines-et-des-ailes/	post	contenu 2026	
/locavelo-pour-balades-en-tout-genre/	post	contenu 2026	
/le-role-de-leclusier-moderne-sur-le-canal-du-midi/	post	contenu 2026	
/aude-un-espoir-pour-les-platanes-du-canal-du-midi/	post	contenu 2026	
/16-mars-le-duathlon-de-castelnaudary/	post	contenu 2026	
/revel-102693-visiteurs-dans-les-points-dinfos/	post	contenu 2026	
/le-canal-de-la-robine/	post	contenu 2026	texto corto (56 car.)
/une-aquarelle-du-canal-du-midi/	post	contenu 2026	texto corto (34 car.)
/la-saint-patrick-au-chateau-les-carrasses/	post	contenu 2026	texto corto (0 car.)
/castanet-tolosan-le-cine-113-a-fait-decouvrir-le-vrai-riquet/	post	contenu 2026	shortcodes: Zoomer
/region-lezignanaise-une-motion-contre-labattage-massif-des-platanes-du-canal-du-midi/	post	contenu 2026	
/toulouse-de-canaux-en-jardins/	post	contenu 2026	
/castelnaudary-donadery-un-lieu-de-vie-et-de-partage-en-plus-du-futur-musee/	post	contenu 2026	
/canal-du-midi-labattage-des-platanes-a-debute-ce-lundi-route-minervoise/	post	contenu 2026	texto corto (266 car.)
/eaurizon-a-puicheric-11700-partez-a-la-decouverte-des-plus-beaux-sites-du-languedoc/	post	contenu 2026	
/vacances-au-fil-de-leau-avec-le-boat/	post	contenu 2026	
/la-fete-du-malpas-le-29-mai-2014/	post	contenu 2026	shortcodes: if,endif
/les-secrets-de-la-construction-du-canal-du-midi-a-decouvrir-le-5-mars/	post	contenu 2026	texto corto (43 car.)
/nous-contacter/	page	contenu 2026	
/canal-du-midi-christian-lapalu-obtient-la-sauvegarde-des-arbres-sains/	post	contenu 2026	shortcodes: caption
/carcassonne-labattage-des-arbres-va-reprendre/	post	contenu 2026	shortcodes: Zoomer
/le-somail-projet-a-la-maison-bonnal/	post	contenu 2026	texto corto (43 car.)
/services-utiles/immobilier/	page	301 → /explorer/	
/aquarelle/	post	contenu 2026	texto corto (38 car.)
/lezignan-une-programmation-riche-et-variee-en-2014-a-lespace-gibert/	post	contenu 2026	
/marseillette-le-canal-du-midi-pour-les-randonneurs/	post	contenu 2026	shortcodes: Zoomer
/agenda-des-animations-du-haut-minervois-14-fevrier-2014/	post	contenu 2026	
/beziers-les-platanors-allemands-remplacent-les-platanes-malades/	post	contenu 2026	
/canal-du-midi-c-lapalu-obtient-la-sauvegarde-des-arbres-sains/	post	contenu 2026	
/la-saint-valentin-a-l-auberge-de-la-croisade-34-cruzy/	post	contenu 2026	
/fetez-la-saint-valentin-a-l-auberge-du-somail/	post	contenu 2026	
/narbonne-sauver-les-platanes-pour-conserver-lattrait-du-canal-du-midi/	post	contenu 2026	
/castelnaudary-la-poterie-not-entreprise-du-patrimoine-vivant/	post	contenu 2026	
/la-fabuleuse-histoire-de-monsieur-riquet/	post	contenu 2026	iframe
/eric-naulleau-sera-au-comptoir-de-la-part-de-lange-a-portiragnes/	post	contenu 2026	
/canal-du-midi-nous-suspendons-labattage-preventif-des-platanes-2/	post	contenu 2026	
/entre-le-malpas-et-poilhes-34/	post	contenu 2026	texto corto (44 car.)
/quelques-tableaux-consacres-au-canal-du-midi/	post	contenu 2026	texto corto (157 car.)
/actualites-a-la-peniche-capharnarhum-a-beziers/	post	contenu 2026	
/animations-du-haut-minervois/	post	contenu 2026	
/lauberge-du-somail-nouvelle-carte-a-decouvrir/	post	contenu 2026	texto corto (165 car.)
/carcassonne-vnf-suspend-provisoirement-labattage-des-platanes/	post	contenu 2026	
/offre-st-valentin-en-bateau-habitable/	post	contenu 2026	
/bonrepos-riquet-larcheveque-en-visite-au-chateau/	post	contenu 2026	shortcodes: Zoomer
/castelmaurou-film-sur-riquet-affluence-record-pour-lavant-premiere/	post	contenu 2026	shortcodes: sur
/canal-du-midi-nous-suspendons-labattage-preventif-des-platanes/	post	contenu 2026	
/agenda-des-animations-du-haut-minervois-30-janvier-2014/	post	contenu 2026	
/le-maire-de-narbonne-soutien-christian-lapalu-pour-que-cessent-les-abattages-darbres/	post	contenu 2026	texto corto (7 car.)
/castelmaurou-a-la-decouverte-de-letonnant-monsieur-riquet/	post	contenu 2026	
/quelle-reconversion-pour-les-maisons-eclusieres/	post	contenu 2026	
/canal-du-midi-une-injection-de-fongicide-pourrait-etre-testee-sur-les-platanes/	post	contenu 2026	
/canal-seuls-40-arbres-seront-abattus-a-carcassonne/	post	contenu 2026	
/tarn-et-garonne-vnf-loue-ses-maisons-eclusieres/	post	contenu 2026	
/les-commercants-du-somail-se-mobilisent/	post	contenu 2026	
/carcassonne-platanes-arretez-le-massacre/	post	contenu 2026	
/carcassonne-jean-claude-perez-veut-interdire-labattage-des-platanes-non-touches/	post	contenu 2026	
/produits-regionaux/	page	301 → /categorie/produits-regionaux/	
/carcassonne-140-platanes-de-plus-abattus-de-la-minervoise-a-lecluse-du-fresquel/	post	contenu 2026	
/canal-du-midi-4-000-platanes-abattus-en-2014/	post	contenu 2026	
/christian-bourquin-a-loffensive/	post	contenu 2026	
/le-canal-du-midi-en-danger-il-est-urgent-de-se-mobiliser/	post	contenu 2026	
/promenade-en-bateaux/	page	301 → /categorie/croisiere-bateau/	
/meteo-du-canal-du-midi/	page	contenu 2026	
/demande-de-promenade-en-bateaux/	page	301 → /planificateur/	
/agenda-des-animations-office-de-tourisme-du-haut-minervois/	post	contenu 2026	
/riquet-sa-vie-son-oeuvre-a-revisiter-a-la-fabrique-a-toulouse/	post	contenu 2026	
/canal-du-midi-je-ne-crois-pas-au-traitement-des-platanes/	post	contenu 2026	
/castelnaudary-canal-du-midi-cinq-platanes-abattus/	post	contenu 2026	
/l-oulibo-dans-le-top-10-des-entreprises-les-plus-visitees/	post	contenu 2026	texto corto (43 car.)
/castelnaudary-un-grand-bassin-tout-neuf/	post	contenu 2026	
/bonrepos-riquet-la-glaciere-de-riquet-a-visiter/	post	contenu 2026	
/un-club-du-canal-du-midi-sur-les-fonts-baptismaux/	post	contenu 2026	
/canal-du-midi-une-union-pas-si-sacree-que-ca-pour-le-vaccin-des-platanes/	post	contenu 2026	
/pierre-paul-riquet-a-desormais-son-film-documentaire/	post	contenu 2026	
/nouvelle-carte-a-l-auberge-de-la-croisade-a-cruzy-34/	post	contenu 2026	
/canal-du-midi-avancee-serieuse-pour-la-vaccination-des-platanes/	post	contenu 2026	
/platanes-un-protocole-est-enfin-en-vue/	post	contenu 2026	
/agenda-des-animations-du-haut-minervois-2/	post	contenu 2026	
/castelnaudary-le-vaccin-des-platanes-du-canal-du-midi-etudie-en-janvier/	post	contenu 2026	
/bonrepos-riquet-ronde-des-creches-de-plus-en-plus-de-visiteurs/	post	contenu 2026	
/expos-carcassonne-des-photos-du-canal-pour-sauver-le-canal/	post	contenu 2026	
/frontignan-frontignan-des-milliers-de-personnes-pour-cette-2e-parade-de-noel-midi-libre-17122013-06-h-00-reagir-le-christmas-express-5-de-5-le-christmas-express-plusieurs-milliers-de-personne/	post	contenu 2026	
/attention-en-2014-les-horaires-douverture-et-les-tarifs-du-musee-changent/	post	contenu 2026	texto corto (30 car.)
/beziers-les-berges-de-lorb-et-le-canalet-bientot-reamaneages/	post	contenu 2026	
/agenda-des-animations-du-haut-minervois/	post	contenu 2026	
/marseillan-animation-du-marche-de-noel/	post	contenu 2026	
/vias-regine-anselme-decoree-de-la-medaille-du-tourisme/	post	contenu 2026	
/fete-un-beau-cadeau/	post	contenu 2026	texto corto (30 car.)
/invitation-a-la-dedicace/	post	contenu 2026	texto corto (30 car.)
/beziers-il-a-neige-sur-la-place-de-la-madeleine/	post	contenu 2026	
/carcassonne-le-plus-grand-train-du-pere-noel-de-france-attendu-le-22-decembre/	post	contenu 2026	
/castelnaudary-culture-helene-giral-prend-deux-engagements/	post	contenu 2026	
/canal-du-midi-letat-tarde-pour-tester-les-vaccins-contre-le-chancre-colore/	post	contenu 2026	
/les-rues-de-beziers-silluminent-pour-noel/	post	contenu 2026	
/narbonne-est-prete-a-revetir-son-blanc-manteau/	post	contenu 2026	
/trebes-les-berges-du-canal-du-midi-seffondrent-vnf-ne-nie-pas-limpact-de-labattage-des-platanes/	post	contenu 2026	
/narbonne-le-retour-de-la-patinoire-pour-les-fetes-de-noel/	post	contenu 2026	
/beziers-le-carrousel-de-noel-sur-la-place-du-forum/	post	contenu 2026	
/festival-canalissimo-ledition-2014-prend-forme/	post	contenu 2026	
/toulouse-va-scintiller-de-mille-feux/	post	contenu 2026	
/castelnaudary-le-programme-des-animations-de-noel/	post	contenu 2026	
/la-saint-sylvestre-aux-carrasses-capestang/	post	contenu 2026	texto corto (128 car.)
/nouveau-catalogue-2014-les-canalous/	post	contenu 2026	
/dimanche-15-decembre-2013-marche-de-noel-au-carrasses/	post	contenu 2026	
/vendredi-le-13-decembre-vernissage-a-partir-de-18h30-au-chateau-les-carrasses-capestang/	post	contenu 2026	shortcodes: if,endif
/trebes-vnf-travaille-a-bien-fermer-les-portes/	post	contenu 2026	
/herault-le-long-du-canal-du-midi-un-paysage-totalement-transforme/	post	contenu 2026	
/les-berges-de-garonne-mal-en-point/	post	contenu 2026	
/ramonville-les-principaux-axes-cyclables/	post	contenu 2026	
/programme-des-vide-greniersbourse-aux-jouets-et-marche-de-noel-herault-et-aude-pres-du-canal/	post	contenu 2026	
/pres-du-pont-de-guery-le-parcours-sportif-entre-poilhes-et-capestang-34/	post	contenu 2026	texto corto (0 car.)
/port-guery-entre-poilhes-et-capestang-34/	post	contenu 2026	texto corto (0 car.)
/un-nouveau-pari-touristique-autour-du-canal-du-midi/	post	contenu 2026	
/canal-du-midi-un-vaccin-pour-les-platanes-sera-teste-a-castelnaudary-et-a-salleles-daude/	post	contenu 2026	
/castelnaudary-le-boat-un-rayonnement-international/	post	contenu 2026	
/agde-le-projet-de-port-fluvial-entre-dans-sa-phase-concrete/	post	contenu 2026	
/m6-zoome-sur-le-patrimoine-de-carcassonne/	post	contenu 2026	
/castelnaudary-labattage-continue-a-lentree-de-la-ville-2/	post	contenu 2026	
/carcassonne-chomage-petits-travaux-et-plants-darbres/	post	contenu 2026	
/trebes-ca-bouge-dans-le-vieux-village/	post	contenu 2026	
/canal-du-midi-a-la-recherche-de-lessence-ideale-2/	post	contenu 2026	shortcodes: caption
/castelnaudary-historique-de-lamenagement-du-port-de-plaisance/	post	contenu 2026	shortcodes: caption
/demande-de-location-de-bateau/	page	301 → /planificateur/	
/castelnaudary-labattage-continue-a-lentree-de-la-ville/	post	contenu 2026	
/detail-halte-nautique/	page	301 → /categorie/halte-nautique/	
/canal-du-midi-a-la-recherche-de-lessence-ideale/	post	contenu 2026	
/deux-setois-sont-mobilises-pour-aider-a-la-replantation-des-arbres-le-long-du-canal-du-midi/	post	contenu 2026	
/la-peniche-nougaro-en-carenage-a-ramonville/	post	contenu 2026	
/les-vignes-pres-du-canal/	post	contenu 2026	texto corto (65 car.)
/l-oppidum-d-enserune-a-deux-pas-du-canal-du-midi-herault/	post	contenu 2026	texto corto (0 car.)
/les-circuits-vtt-de-la-communaute-d-agglomeration-herault-mediterranee/	post	contenu 2026	
/vue-sur-montady-depuis-le-canal-du-midi/	post	contenu 2026	texto corto (0 car.)
/info-puicheric-concernant-la-peche/	post	contenu 2026	shortcodes: if,endif
/castelnaudary/	post	contenu 2026	shortcodes: if,endif
/narbonnne/	post	contenu 2026	shortcodes: caption
/photos-canal-du-midi/	page	contenu 2026	Elementor · texto corto (17 car.)
/photo-du-canal-entre-poilhes-et-capestang/	post	contenu 2026	texto corto (0 car.)
/la-peniche-qui-cure-le-fond-du-canal/	post	contenu 2026	texto corto (63 car.)
/photo-du-canal-du-midi-entre-le-tunnel-du-malpas-et-colombiers/	post	contenu 2026	texto corto (6 car.)
/navigation/regles-de-navigation/	page	contenu 2026	
/canal-des-deux-mers-un-trait-dunion-pour-la-nature/	post	contenu 2026	shortcodes: caption
/conditions-dutilisation-des-chemins-de-halage-le-long-du-canal-du-midi-a-velo/	page	contenu 2026	
/les-ecluses-du-canal-du-midi/	page	301 → /les-ecluses-du-canal-du-midi-2/	
/details-ecluse/	page	301 → /categorie/ecluses/	
/resultat/	page	301 → /explorer/	
/recevoir-le-plan-du-canal-du-midi/	page	contenu 2026	
/se-restaurer/vins/	page	301 → /categorie/vente-de-vins/	
/les-ports-du-canal-du-midi/	page	301 → /categorie/ports/	
/la-faune-et-la-flore/	page	contenu 2026	shortcodes: caption
/video-de-presentation-du-canal-du-midi/	page	contenu 2026	
/details-ports/	page	301 → /categorie/ports/	
/agenda/	page	301 → /manifestations-et-fetes-canal-du-midi/	
/services-utiles/laveries/	page	301 → /explorer/	
/services-utiles/taxis/	page	301 → /explorer/	
/services-utiles/librairies/	page	301 → /categorie/librairie/	
/services-utiles/pharmacies/	page	301 → /explorer/	
/services-utiles/	page	301 → /categorie/services/	
/services-utiles/collectivites/	page	301 → /categorie/lieux-dinformations/	
/services-utiles/offices-de-tourisme/	page	301 → /categorie/lieux-dinformations/	
/loisirs/locations-de-bateaux/	page	301 → /categorie/location-bateau/	
/loisirs/locations-de-voitures/	page	301 → /explorer/	
/loisirs/locations-de-velos/	page	301 → /categorie/location-de-velo/	
/loisirs/lieux-a-voir/	page	301 → /categorie/site-et-monument/	
/loisirs/musees/	page	301 → /categorie/musees/	
/loisirs/excursions/	page	301 → /categorie/excursions/	
/loisirs/parcs-de-loisirs/	page	301 → /categorie/loisir-de-plein-air/	
/loisirs/croisieres/	page	301 → /categorie/croisiere-bateau/	
/loisirs/rechercher-des-loisirs/	page	301 → /categorie/activites-loisirs/	
/loisirs/	page	301 → /categorie/activites-loisirs/	
/se-restaurer/alimentation/	page	301 → /categorie/commerce-alimentaire/	
/se-restaurer/bars-salons-de-the/	page	301 → /categorie/bar/	
/se-restaurer/snacks/	page	301 → /categorie/brasserie-snack/	
/se-restaurer/tables-dhote/	page	301 → /categorie/table-dhote/	
/se-restaurer/rechercher-restaurants/	page	301 → /categorie/restaurant/	
/locations-saisonnieres/	page	301 → /categorie/location-saisonniere/	
/chambres-dhotes/	page	301 → /categorie/chambre-dhotes/	
/gites-ruraux/	page	301 → /categorie/gites/	
/hotellerie-de-plein-air/	page	301 → /categorie/camping/	
/hotels/	page	301 → /categorie/hotel/	
/rechercher-un-hebergement/	page	301 → /categorie/hebergement/	
/se-restaurer/	page	301 → /categorie/restauration/	
/navigation/croisieres-fluviales/	page	contenu 2026	
/details-presta/	page	301 → /explorer/	
/prestataire/	page	301 → /explorer/	
/le-canal/	page	contenu 2026	
/navigation/	page	contenu 2026	
/le-canal/histoire/	page	contenu 2026	Elementor · shortcodes: caption
/infos-legales/	page	contenu 2026	shortcodes: matomo_opt_out
/navigation/passer-une-ecluse/	page	contenu 2026	iframe
/navigation/les-panneaux/	page	contenu 2026	
/navigation/periode-de-navigation/	page	contenu 2026	
/navigation/permis-de-conduire/	page	contenu 2026	
/le-canal/ouvrages/	page	contenu 2026	shortcodes: caption
/le-canal/construction/	page	contenu 2026	
/fiche/maison-rassier/	fiche	fiche 2026	
/fiche/les-canalous-agde/	fiche	fiche 2026	
/fiche/les-canalous-carcassonne/	fiche	fiche 2026	
/fiche/les-canalous-colombiers/	fiche	fiche 2026	
/fiche/cafe-du-port/	fiche	fiche 2026	
/fiche/restaurant-en-bonne-compagnie/	fiche	fiche 2026	
/fiche/le-velo-voyageur/	fiche	fiche 2026	
/fiche/le-bouchon-chaurien/	fiche	fiche 2026	
/fiche/a-labordage-moussaillon/	fiche	fiche 2026	
/fiche/france-a-velo/	fiche	fiche 2026	
/fiche/croisieres-du-midi/	fiche	fiche 2026	
/fiche/latelier-de-sebastien/	fiche	fiche 2026	
/fiche/peniche-le-haricot-noir/	fiche	fiche 2026	
/fiche/poterie-de-naurouze/	fiche	fiche 2026	
/fiche/france-passion-plaisance-les-canalous/	fiche	fiche 2026	
/fiche/la-tour-sarrrasine/	fiche	fiche 2026	
/fiche/easyvelocarcassonne/	fiche	fiche 2026	
/fiche/hotel-premiere-classe-toulouse-nord-sesquieres/	fiche	fiche 2026	
/fiche/hotel-campanile-toulouse-sesquieres/	fiche	fiche 2026	
/fiche/coccimarket-puicheric/	fiche	fiche 2026	
/fiche/enserune-oppidum-et-musee-archeologique-centre-des-monuments-nationaux/	fiche	fiche 2026	
/fiche/ports-du-somail-et-de-la-robine/	fiche	fiche 2026	
/fiche/camping-de-montolieu/	fiche	fiche 2026	
/fiche/chez-fabienne/	fiche	fiche 2026	
/fiche/camping-le-val-de-cesse/	fiche	fiche 2026	
/fiche/les-berges-de-laude/	fiche	fiche 2026	
/fiche/aux-petits-oignons/	fiche	fiche 2026	
/fiche/la-canopee-dentelee-accrobranche/	fiche	fiche 2026	
/fiche/abbaye-cathedrale-de-saint-papoul/	fiche	fiche 2026	
/fiche/restaurant-association-les-cedres/	fiche	fiche 2026	
/fiche/reve-de-velo-travel/	fiche	fiche 2026	
/fiche/hotel-imperator/	fiche	fiche 2026	
/fiche/camping-la-gabinelle/	fiche	fiche 2026	
/fiche/camping-de-la-capelle/	fiche	fiche 2026	
/fiche/la-brasserie-a-4-temps/	fiche	fiche 2026	
/fiche/la-villa-du-chai/	fiche	fiche 2026	
/fiche/la-pause-sous-le-pin/	fiche	fiche 2026	
/fiche/peniche-dondon/	fiche	fiche 2026	
/fiche/destination-sud-est-toulousain/	fiche	fiche 2026	
/fiche/le-relais-de-sully/	fiche	fiche 2026	
/fiche/restaurant-motel-lenclos/	fiche	fiche 2026	
/fiche/hotel-le-top-du-roulier/	fiche	fiche 2026	
/fiche/a-loree-des-vignes/	fiche	fiche 2026	
/fiche/port-de-la-grande-motte/	fiche	fiche 2026	
/fiche/hotel-restaurant-du-lauragais/	fiche	fiche 2026	
/fiche/camping-municipal-de-salleles-daude/	fiche	fiche 2026	
/fiche/maison-des-vins-du-minervois/	fiche	fiche 2026	
/fiche/camping-domaine-saint-laurent/	fiche	fiche 2026	
/fiche/les-canailles-du-midi/	fiche	fiche 2026	
/fiche/grotte-de-limousis/	fiche	fiche 2026	
/fiche/mairie-de-homps/	fiche	fiche 2026	
/fiche/cave-cooperative-du-chateau-de-ventenac/	fiche	fiche 2026	
/fiche/l-escale-occitane/	fiche	fiche 2026	
/fiche/allibert-trekking/	fiche	fiche 2026	
/fiche/crisboat/	fiche	fiche 2026	
/fiche/chateau-et-remparts-de-la-cite-de-carcassonne/	fiche	fiche 2026	
/fiche/moulin-de-juffet/	fiche	fiche 2026	
/fiche/moulin-de-saint-tibery/	fiche	fiche 2026	
/fiche/moulin-bladier-de-bessan/	fiche	fiche 2026	
/fiche/moulins-de-bangnols/	fiche	fiche 2026	
/fiche/moulin-roques/	fiche	fiche 2026	
/fiche/moulins-de-pexiora/	fiche	fiche 2026	
/fiche/moulin-de-villeneuve-la-comptal/	fiche	fiche 2026	
/fiche/moulin-de-cugarel/	fiche	fiche 2026	
/fiche/moulins-de-laffon/	fiche	fiche 2026	
/fiche/le-moulin-den-bas/	fiche	fiche 2026	
/fiche/moulin-a-six-ailes-moulin-de-nailloux/	fiche	fiche 2026	
/fiche/moulin-de-passelegue/	fiche	fiche 2026	
/fiche/moulin-den-cos/	fiche	fiche 2026	
/fiche/moulin-de-quint-cayras/	fiche	fiche 2026	
/fiche/velorail/	fiche	fiche 2026	
/fiche/le-centre-hotel-restaurant/	fiche	fiche 2026	
/fiche/la-maison-du-cassoulet/	fiche	fiche 2026	
/fiche/vacanceole-savanna-beach/	fiche	fiche 2026	
/fiche/cap-camargue/	fiche	fiche 2026	
/fiche/alizea-beach/	fiche	fiche 2026	
/fiche/ecluse-de-raonel/	fiche	fiche 2026	
/fiche/ecluse-de-moussoulens/	fiche	fiche 2026	
/fiche/ecluse-de-gailhousty/	fiche	fiche 2026	
/fiche/ecluse-de-salleles/	fiche	fiche 2026	
/fiche/ecluse-de-saint-cyr/	fiche	fiche 2026	
/fiche/ecluse-dargelliers/	fiche	fiche 2026	
/fiche/ecluse-dempare/	fiche	fiche 2026	
/fiche/ecluse-de-truilhas/	fiche	fiche 2026	
/fiche/ecluse-de-cesse/	fiche	fiche 2026	
/fiche/ecluse-de-bagnas/	fiche	fiche 2026	
/fiche/ecluse-de-prades/	fiche	fiche 2026	
/fiche/ecluse-ronde-dagde/	fiche	fiche 2026	
/fiche/ecluse-de-portiragnes/	fiche	fiche 2026	
/fiche/ecluse-de-villeneuve/	fiche	fiche 2026	
/fiche/ecluse-darieges/	fiche	fiche 2026	
/fiche/ecluse-de-beziers/	fiche	fiche 2026	
/fiche/ecluse-de-lorb/	fiche	fiche 2026	
/fiche/ecluses-de-fonseranes/	fiche	fiche 2026	
/fiche/ecluse-dargens/	fiche	fiche 2026	
/fiche/ecluse-de-pechlaurier/	fiche	fiche 2026	
/fiche/ecluse-dognon/	fiche	fiche 2026	
/fiche/ecluse-dhomps/	fiche	fiche 2026	
/fiche/ecluse-de-jouarres/	fiche	fiche 2026	
/fiche/ecluse-de-puicheric/	fiche	fiche 2026	
/fiche/ecluse-de-laiguille/	fiche	fiche 2026	
/fiche/ecluse-de-saint-martin/	fiche	fiche 2026	
/fiche/ecluse-de-fontfile/	fiche	fiche 2026	
/fiche/ecluse-de-marseillette/	fiche	fiche 2026	
/fiche/ecluse-de-trebes/	fiche	fiche 2026	
/fiche/ecluse-de-villedubert/	fiche	fiche 2026	
/fiche/ecluse-de-leveque/	fiche	fiche 2026	
/fiche/ecluse-simple-de-fresquel/	fiche	fiche 2026	
/fiche/ecluse-double-de-fresquel/	fiche	fiche 2026	
/fiche/ecluse-de-saint-jean/	fiche	fiche 2026	
/fiche/ecluse-de-carcassonne/	fiche	fiche 2026	
/fiche/ecluse-de-la-douce/	fiche	fiche 2026	
/fiche/ecluse-dherminis/	fiche	fiche 2026	
/fiche/ecluse-de-lalande/	fiche	fiche 2026	
/fiche/ecluse-de-villeseque/	fiche	fiche 2026	
/fiche/ecluse-de-beteille/	fiche	fiche 2026	
/fiche/ecluse-de-bram/	fiche	fiche 2026	
/fiche/ecluse-de-sauzens/	fiche	fiche 2026	
/fiche/ecluse-de-villepinte/	fiche	fiche 2026	
/fiche/ecluse-de-treboul/	fiche	fiche 2026	
/fiche/ecluse-de-la-criminelle/	fiche	fiche 2026	
/fiche/ecluse-de-la-peyruque/	fiche	fiche 2026	
/fiche/ecluse-de-guerre/	fiche	fiche 2026	
/fiche/ecluse-de-saint-sernin/	fiche	fiche 2026	
/fiche/ecluse-de-guillermin/	fiche	fiche 2026	
/fiche/ecluse-du-vivier/	fiche	fiche 2026	
/fiche/ecluse-de-gay/	fiche	fiche 2026	
/fiche/ecluses-de-saint-roch/	fiche	fiche 2026	
/fiche/ecluse-de-la-planque/	fiche	fiche 2026	
/fiche/ecluse-de-la-domergue/	fiche	fiche 2026	
/fiche/ecluse-de-laurens/	fiche	fiche 2026	
/fiche/ecluse-du-roc/	fiche	fiche 2026	
/fiche/ecluse-de-la-mediterranee/	fiche	fiche 2026	
/fiche/ecluse-de-locean/	fiche	fiche 2026	
/fiche/ecluse-demborrel/	fiche	fiche 2026	
/fiche/ecluse-dencassan/	fiche	fiche 2026	
/fiche/ecluse-de-renneville/	fiche	fiche 2026	
/fiche/ecluse-de-gardouch/	fiche	fiche 2026	
/fiche/ecluse-de-laval/	fiche	fiche 2026	
/fiche/ecluse-de-negra/	fiche	fiche 2026	
/fiche/ecluse-du-sanglier/	fiche	fiche 2026	
/fiche/ecluse-dayguesvives/	fiche	fiche 2026	
/fiche/ecluse-de-montgiscard/	fiche	fiche 2026	
/fiche/ecluse-de-vic/	fiche	fiche 2026	
/fiche/ecluse-de-castanet/	fiche	fiche 2026	
/fiche/ecluse-bayard/	fiche	fiche 2026	
/fiche/ecluse-des-minimes/	fiche	fiche 2026	
/fiche/ecluse-du-bearnais/	fiche	fiche 2026	
/fiche/grand-angle/	fiche	fiche 2026	
/fiche/le-couvent/	fiche	fiche 2026	
/fiche/france-bike/	fiche	fiche 2026	
/fiche/la-roulotte-de-negra/	fiche	fiche 2026	
/fiche/musee-du-verre/	fiche	fiche 2026	
/fiche/residence-chateau-de-jouarres/	fiche	fiche 2026	
/fiche/mas-de-be-bellegou/	fiche	fiche 2026	
/fiche/cerise-carcassonne-sud/	fiche	fiche 2026	
/fiche/ibis-styles/	fiche	fiche 2026	
/fiche/paulette-location-velo-sete/	fiche	fiche 2026	
/fiche/paulette-location-velo-beziers/	fiche	fiche 2026	
/fiche/paulette-location-velo-narbonne/	fiche	fiche 2026	
/fiche/office-de-tourisme-port-la-nouvelle-cote-du-midi/	fiche	fiche 2026	
/fiche/port-de-valras-plage/	fiche	fiche 2026	
/fiche/port-de-serignan/	fiche	fiche 2026	
/fiche/port-des-onglous/	fiche	fiche 2026	
/fiche/port-du-agde/	fiche	fiche 2026	
/fiche/port-dargens-minervois/	fiche	fiche 2026	
/fiche/port-de-lauragais-avignonet-lauragais/	fiche	fiche 2026	
/fiche/halte-plaisance-fluviale-de-frontignan/	fiche	fiche 2026	
/fiche/port-la-fabrique-la-redorte/	fiche	fiche 2026	
/fiche/port-de-segala/	fiche	fiche 2026	
/fiche/port-de-narbonne/	fiche	fiche 2026	
/fiche/port-de-palavas-les-flots/	fiche	fiche 2026	
/fiche/port-de-fresquel/	fiche	fiche 2026	
/fiche/port-de-marseillan/	fiche	fiche 2026	
/fiche/port-cassafieres-portiragne/	fiche	fiche 2026	
/fiche/port-sud-ramonville-st-agne/	fiche	fiche 2026	
/fiche/port-de-sete/	fiche	fiche 2026	
/fiche/site-de-negra/	fiche	fiche 2026	
/fiche/port-saint-sauveur-toulouse/	fiche	fiche 2026	
/fiche/port-de-lembouchure-toulouse/	fiche	fiche 2026	
/fiche/port-de-bram/	fiche	fiche 2026	
/fiche/port-de-homps/	fiche	fiche 2026	
/fiche/port-du-somail/	fiche	fiche 2026	
/fiche/port-de-trebes/	fiche	fiche 2026	
/fiche/port-la-robine/	fiche	fiche 2026	
/fiche/port-de-salleles-daude/	fiche	fiche 2026	
/fiche/port-dagde/	fiche	fiche 2026	
/fiche/port-de-castelnaudary/	fiche	fiche 2026	
/fiche/port-de-carcassonne/	fiche	fiche 2026	
/fiche/port-neuf-beziers/	fiche	fiche 2026	
/fiche/port-de-poilhes/	fiche	fiche 2026	
/fiche/port-de-capestang/	fiche	fiche 2026	
/fiche/port-de-colombiers/	fiche	fiche 2026	
/fiche/randovelo/	fiche	fiche 2026	
/fiche/syndicat-mixte-d-amenagement-de-jouarres/	fiche	fiche 2026	
/fiche/hotel-ibis-budget/	fiche	fiche 2026	
/fiche/la-petite-maison-du-velo/	fiche	fiche 2026	
/fiche/le-comptoir-nature/	fiche	fiche 2026	
/fiche/mairie-de-argens-minervois/	fiche	fiche 2026	
/fiche/lereservoir/	fiche	fiche 2026	
/fiche/office-de-tourisme-au-coeur-des-collines-cathares/	fiche	fiche 2026	
/fiche/cavedelormarine/	fiche	fiche 2026	
/fiche/hotel-ibis/	fiche	fiche 2026	
/fiche/eaurizon-activite-et-formation-eaux-vives/	fiche	fiche 2026	
/fiche/camping-de-pepieux/	fiche	fiche 2026	
/fiche/moulin-a-huile-de-la-restanque/	fiche	fiche 2026	
/fiche/le-pays-touristique-corbieres-minervois/	fiche	fiche 2026	
/fiche/mairie-de-salleles-daude/	fiche	fiche 2026	
/fiche/la-compagnie-des-bateaux-du-midi/	fiche	fiche 2026	
/fiche/le-relais-de-riquet-restaurant/	fiche	fiche 2026	
/fiche/vacanceole-port-minervois/	fiche	fiche 2026	
/fiche/paulette-location-de-velo-toulouse/	fiche	fiche 2026	
/fiche/les-croisieres-en-douce/	fiche	fiche 2026	
/fiche/residence-le-domaine-denserune/	fiche	fiche 2026	
/fiche/loffice-de-tourisme-la-domitienne/	fiche	fiche 2026	
/fiche/evadeo-cycles/	fiche	fiche 2026	
/fiche/chateau-de-paraza/	fiche	fiche 2026	
/fiche/le-trouve-tout-du-livre/	fiche	fiche 2026	
/fiche/la-guinguette-restaurant/	fiche	fiche 2026	
/fiche/auberge-du-somail/	fiche	fiche 2026	
/fiche/maison-de-la-haute-garonne/	fiche	fiche 2026	
/fiche/domaine-de-lherbe-sainte/	fiche	fiche 2026	
/fiche/destinationauxsourcesducanaldumidi/	fiche	fiche 2026	
/fiche/navicanal-port-lauragais/	fiche	fiche 2026	
/fiche/office-du-tourisme-grand-carcassonne-antenne-canal-du-midi/	fiche	fiche 2026	
/fiche/office-de-tourisme-le-somail-cote-du-midi/	fiche	fiche 2026	
/fiche/laur-blan/	fiche	fiche 2026	
/fiche/camping-lair-marin/	fiche	fiche 2026	
/fiche/la-gorge-fraiche-biere-artisanale-craft-beer/	fiche	fiche 2026	
/fiche/hotel-paul-riquet/	fiche	fiche 2026	
/fiche/gite-lo-castel/	fiche	fiche 2026	
/fiche/office-de-tourisme-du-canal-du-midi-au-saint-chinian/	fiche	fiche 2026	
/fiche/lauragais-tourisme/	fiche	fiche 2026	
/fiche/le-jardin-dhomps/	fiche	fiche 2026	
/fiche/le-clos-saint-loup/	fiche	fiche 2026	
/fiche/hotel-la-chartreuse/	fiche	fiche 2026	
/fiche/office-de-tourisme-de-castelnaudary/	fiche	fiche 2026	
/fiche/camping-municipal-de-tounel/	fiche	fiche 2026	
/fiche/hotel-heliot/	fiche	fiche 2026	
/fiche/office-municipal-du-tourisme-de-mauguio-carnon/	fiche	fiche 2026	
/fiche/chateau-les-carrasses/	fiche	fiche 2026	
/fiche/le-neptune-chambres-dhotes/	fiche	fiche 2026	
/fiche/la-brasserie-alaryk/	fiche	fiche 2026	
/fiche/la-bonne-planque/	fiche	fiche 2026	
/fiche/hotel-astoria/	fiche	fiche 2026	
/fiche/gite-aude/	fiche	fiche 2026	
/fiche/mairie-de-montferrand/	fiche	fiche 2026	
/fiche/camping-les-berges-du-canal/	fiche	fiche 2026	
/fiche/le-camping-domaine-le-vernis/	fiche	fiche 2026	
/fiche/la-roue-qui-tourne/	fiche	fiche 2026	
/fiche/le-grand-bassin-chambres-dhotes/	fiche	fiche 2026	
/fiche/le-bistrot-de-colombiers/	fiche	fiche 2026	
/fiche/hotel-de-bordeaux/	fiche	fiche 2026	
/fiche/la-marelle-chambres-dhotes/	fiche	fiche 2026	
/categorie/activites-loisirs/	término job_listing_category	carte 2026 (categoría)	0 elementos
/categorie/appartement-maison-a-louer/	término job_listing_category	carte 2026 (categoría)	1 elementos
/categorie/appartement-hotel/	término job_listing_category	carte 2026 (categoría)	9 elementos
/categorie/artisanat/	término job_listing_category	carte 2026 (categoría)	5 elementos
/categorie/auberge-collective/	término job_listing_category	carte 2026 (categoría)	1 elementos
/categorie/auberge-de-jeunesse/	término job_listing_category	carte 2026 (categoría)	2 elementos
/categorie/bar/	término job_listing_category	carte 2026 (categoría)	19 elementos
/categorie/bateau-restaurant/	término job_listing_category	carte 2026 (categoría)	2 elementos
/categorie/boucherie-charcuterie-traiteur/	término job_listing_category	carte 2026 (categoría)	1 elementos
/categorie/boulangerie-patisserie/	término job_listing_category	carte 2026 (categoría)	6 elementos
/categorie/brasserie-snack/	término job_listing_category	carte 2026 (categoría)	9 elementos
/categorie/camping/	término job_listing_category	carte 2026 (categoría)	14 elementos
/categorie/chambre-a-louer/	término job_listing_category	carte 2026 (categoría)	2 elementos
/categorie/chambre-dhotes/	término job_listing_category	carte 2026 (categoría)	12 elementos
/categorie/chateaux/	término job_listing_category	carte 2026 (categoría)	1 elementos
/categorie/commerce/	término job_listing_category	carte 2026 (categoría)	10 elementos
/categorie/commerce-alimentaire/	término job_listing_category	carte 2026 (categoría)	2 elementos
/categorie/croisiere-de-luxe/	término job_listing_category	carte 2026 (categoría)	0 elementos
/categorie/croisiere-bateau/	término job_listing_category	carte 2026 (categoría)	5 elementos
/categorie/ecluses/	término job_listing_category	carte 2026 (categoría)	72 elementos
/categorie/excursions/	término job_listing_category	carte 2026 (categoría)	8 elementos
/categorie/gites/	término job_listing_category	carte 2026 (categoría)	11 elementos
/categorie/halte-nautique/	término job_listing_category	carte 2026 (categoría)	6 elementos
/categorie/hostel/	término job_listing_category	carte 2026 (categoría)	2 elementos
/categorie/hotel/	término job_listing_category	carte 2026 (categoría)	18 elementos
/categorie/insolite/	término job_listing_category	carte 2026 (categoría)	0 elementos
/categorie/laverie/	término job_listing_category	carte 2026 (categoría)	0 elementos
/categorie/velo/	término job_listing_category	carte 2026 (categoría)	0 elementos
/categorie/nautique/	término job_listing_category	carte 2026 (categoría)	1 elementos
/categorie/librairie/	término job_listing_category	carte 2026 (categoría)	5 elementos
/categorie/lieux-dinformations/	término job_listing_category	carte 2026 (categoría)	19 elementos
/categorie/location-bateau/	término job_listing_category	carte 2026 (categoría)	10 elementos
/categorie/location-de-canoe-kayak/	término job_listing_category	carte 2026 (categoría)	1 elementos
/categorie/location-de-velo/	término job_listing_category	carte 2026 (categoría)	11 elementos
/categorie/location-saisonniere/	término job_listing_category	carte 2026 (categoría)	13 elementos
/categorie/loisir-de-plein-air/	término job_listing_category	carte 2026 (categoría)	4 elementos
/categorie/restauration/	término job_listing_category	carte 2026 (categoría)	0 elementos
/categorie/moulins/	término job_listing_category	carte 2026 (categoría)	14 elementos
/categorie/musees/	término job_listing_category	carte 2026 (categoría)	7 elementos
/categorie/oenotourisme/	término job_listing_category	carte 2026 (categoría)	4 elementos
/categorie/organisation-de-voyage-a-velo/	término job_listing_category	carte 2026 (categoría)	7 elementos
/categorie/peniche/	término job_listing_category	carte 2026 (categoría)	2 elementos
/categorie/point-dinformations-touristiques/	término job_listing_category	carte 2026 (categoría)	0 elementos
/categorie/poissonnerie/	término job_listing_category	carte 2026 (categoría)	0 elementos
/categorie/ports/	término job_listing_category	carte 2026 (categoría)	21 elementos
/categorie/ports-fluviaux/	término job_listing_category	carte 2026 (categoría)	20 elementos
/categorie/produits-regionaux/	término job_listing_category	carte 2026 (categoría)	19 elementos
/categorie/restaurant/	término job_listing_category	carte 2026 (categoría)	30 elementos
/categorie/restauration-2/	término job_listing_category	carte 2026 (categoría)	0 elementos
/categorie/roulotte/	término job_listing_category	carte 2026 (categoría)	2 elementos
/categorie/hebergement/	término job_listing_category	carte 2026 (categoría)	0 elementos
/categorie/services/	término job_listing_category	carte 2026 (categoría)	0 elementos
/categorie/shopping/	término job_listing_category	carte 2026 (categoría)	1 elementos
/categorie/site-et-monument/	término job_listing_category	carte 2026 (categoría)	5 elementos
/categorie/spectacle/	término job_listing_category	carte 2026 (categoría)	0 elementos
/categorie/supermarche-epicerie/	término job_listing_category	carte 2026 (categoría)	6 elementos
/categorie/table-dhote/	término job_listing_category	carte 2026 (categoría)	6 elementos
/categorie/taxi/	término job_listing_category	carte 2026 (categoría)	0 elementos
/categorie/transfert-de-bagages/	término job_listing_category	carte 2026 (categoría)	3 elementos
/categorie/vente-de-vins/	término job_listing_category	carte 2026 (categoría)	16 elementos
/categorie/voir-visiter/	término job_listing_category	carte 2026 (categoría)	0 elementos
/region/agde/	término region	carte 2026 (región)	5 elementos
/region/alzonne/	término region	carte 2026 (región)	1 elementos
/region/argens-minervois/	término region	carte 2026 (región)	5 elementos
/region/arrens-marsous/	término region	carte 2026 (región)	0 elementos
/region/auzeville/	término region	carte 2026 (región)	0 elementos
/region/avignonet-lauraguais/	término region	carte 2026 (región)	2 elementos
/region/avignonet-lauragais/	término region	carte 2026 (región)	4 elementos
/region/ayguesvives/	término region	carte 2026 (región)	3 elementos
/region/azillanet/	término region	carte 2026 (región)	1 elementos
/region/azille/	término region	carte 2026 (región)	2 elementos
/region/belflou/	término region	carte 2026 (región)	0 elementos
/region/bessan/	término region	carte 2026 (región)	1 elementos
/region/beziers/	término region	carte 2026 (región)	11 elementos
/region/bize-minervois/	término region	carte 2026 (región)	0 elementos
/region/blois/	término region	carte 2026 (región)	1 elementos
/region/blomac/	término region	carte 2026 (región)	2 elementos
/region/borgo/	término region	carte 2026 (región)	0 elementos
/region/boulogne-billancourt/	término region	carte 2026 (región)	0 elementos
/region/bram/	término region	carte 2026 (región)	5 elementos
/region/capendu/	término region	carte 2026 (región)	1 elementos
/region/capestang/	término region	carte 2026 (región)	5 elementos
/region/carcassonne/	término region	carte 2026 (región)	15 elementos
/region/carnon/	término region	carte 2026 (región)	0 elementos
/region/castanet-tolosan/	término region	carte 2026 (región)	2 elementos
/region/castelnaudary/	término region	carte 2026 (región)	13 elementos
/region/caunes-minervois/	término region	carte 2026 (región)	0 elementos
/region/caux-et-sauzens/	término region	carte 2026 (región)	1 elementos
/region/cazedarnes/	término region	carte 2026 (región)	0 elementos
/region/colombiers/	término region	carte 2026 (región)	7 elementos
/region/cornebarrieu/	término region	carte 2026 (región)	0 elementos
/region/cruzy/	término region	carte 2026 (región)	0 elementos
/region/deyme/	término region	carte 2026 (región)	0 elementos
/region/donneville/	término region	carte 2026 (región)	1 elementos
/region/fanjeaux/	término region	carte 2026 (región)	1 elementos
/region/fonties-daude/	término region	carte 2026 (región)	0 elementos
/region/frontignan/	término region	carte 2026 (región)	1 elementos
/region/gardouch/	término region	carte 2026 (región)	2 elementos
/region/ginestas/	término region	carte 2026 (región)	2 elementos
/region/homps/	término region	carte 2026 (región)	11 elementos
/region/la-pomarede/	término region	carte 2026 (región)	1 elementos
/region/la-redorte/	término region	carte 2026 (región)	2 elementos
/region/la-bastide-danjou/	término region	carte 2026 (región)	2 elementos
/region/lagarde/	término region	carte 2026 (región)	0 elementos
/region/le-cap-dagde/	término region	carte 2026 (región)	1 elementos
/region/le-grau-du-roi/	término region	carte 2026 (región)	1 elementos
/region/le-somail/	término region	carte 2026 (región)	6 elementos
/region/lezignan-corbieres/	término region	carte 2026 (región)	2 elementos
/region/limousis/	término region	carte 2026 (región)	1 elementos
/region/marseillan/	término region	carte 2026 (región)	3 elementos
/region/marseillan-plage/	término region	carte 2026 (región)	0 elementos
/region/marseillette/	término region	carte 2026 (región)	1 elementos
/region/mas-saintes-puelles/	término region	carte 2026 (región)	6 elementos
/region/mauguio/	término region	carte 2026 (región)	2 elementos
/region/mirepeisset/	término region	carte 2026 (región)	2 elementos
/region/montady/	término region	carte 2026 (región)	1 elementos
/region/montesquieu-lauragais/	término region	carte 2026 (región)	2 elementos
/region/montferrand/	término region	carte 2026 (región)	4 elementos
/region/montgiscard/	término region	carte 2026 (región)	1 elementos
/region/montolieu/	término region	carte 2026 (región)	1 elementos
/region/montpellier/	término region	carte 2026 (región)	1 elementos
/region/montreal/	término region	carte 2026 (región)	1 elementos
/region/montsquieu-lauragais/	término region	carte 2026 (región)	1 elementos
/region/moussan/	término region	carte 2026 (región)	1 elementos
/region/nailloux/	término region	carte 2026 (región)	2 elementos
/region/narbonne/	término region	carte 2026 (región)	3 elementos
/region/nissan-lez-enserune/	término region	carte 2026 (región)	1 elementos
/region/olonzac/	término region	carte 2026 (región)	2 elementos
/region/ouveillan/	término region	carte 2026 (región)	0 elementos
/region/palavas-les-flots/	término region	carte 2026 (región)	1 elementos
/region/paraza/	término region	carte 2026 (región)	3 elementos
/region/pennautier/	término region	carte 2026 (región)	1 elementos
/region/pepieux/	término region	carte 2026 (región)	1 elementos
/region/perols/	término region	carte 2026 (región)	1 elementos
/region/pexiora/	término region	carte 2026 (región)	2 elementos
/region/pezens/	término region	carte 2026 (región)	0 elementos
/region/poilhes/	término region	carte 2026 (región)	2 elementos
/region/port-la-nouvelle/	término region	carte 2026 (región)	1 elementos
/region/portiragnes/	término region	carte 2026 (región)	3 elementos
/region/pouzols-minervois/	término region	carte 2026 (región)	0 elementos
/region/puicheric/	término region	carte 2026 (región)	5 elementos
/region/quarante/	término region	carte 2026 (región)	1 elementos
/region/ramonville/	término region	carte 2026 (región)	2 elementos
/region/renneville/	término region	carte 2026 (región)	2 elementos
/region/revel/	término region	carte 2026 (región)	2 elementos
/region/roubia/	término region	carte 2026 (región)	1 elementos
/region/rustiques/	término region	carte 2026 (región)	0 elementos
/region/saint-martin-lalande/	término region	carte 2026 (región)	7 elementos
/region/saint-nazaire-daude/	término region	carte 2026 (región)	1 elementos
/region/saint-papoul/	término region	carte 2026 (región)	1 elementos
/region/sainte-eulalie/	término region	carte 2026 (región)	1 elementos
/region/salleles-daude/	término region	carte 2026 (región)	12 elementos
/region/sauvian/	término region	carte 2026 (región)	1 elementos
/region/serignan/	término region	carte 2026 (región)	1 elementos
/region/sete/	término region	carte 2026 (región)	2 elementos
/region/soreze-2/	término region	carte 2026 (región)	0 elementos
/region/soreze/	término region	carte 2026 (región)	1 elementos
/region/toulouse/	término region	carte 2026 (región)	15 elementos
/region/trebes/	término region	carte 2026 (región)	3 elementos
/region/valras-plage/	término region	carte 2026 (región)	2 elementos
/region/vaudreuille/	término region	carte 2026 (región)	0 elementos
/region/ventenac-en-minervois/	término region	carte 2026 (región)	1 elementos
/region/vias/	término region	carte 2026 (región)	0 elementos
/region/vias-plage/	término region	carte 2026 (región)	1 elementos
/region/villedubert/	término region	carte 2026 (región)	2 elementos
/region/villefranche-de-lauragais/	término region	carte 2026 (región)	1 elementos
/region/villegly/	término region	carte 2026 (región)	1 elementos
/region/villemoustaussou/	término region	carte 2026 (región)	1 elementos
/region/villeneuve-les-beziers/	término region	carte 2026 (región)	4 elementos
/region/villepinte/	término region	carte 2026 (región)	1 elementos
/region/villesequelande/	término region	carte 2026 (región)	1 elementos
/mot-cle/retrait-a-emporter/	término case27_job_listing_tags	carte 2026 (etiqueta)	14 elementos
/mot-cle/acces-handicapes/	término case27_job_listing_tags	carte 2026 (etiqueta)	46 elementos
/mot-cle/animaux-acceptes/	término case27_job_listing_tags	carte 2026 (etiqueta)	52 elementos
/mot-cle/bon-dachats/	término case27_job_listing_tags	carte 2026 (etiqueta)	2 elementos
/mot-cle/garage-a-velo/	término case27_job_listing_tags	carte 2026 (etiqueta)	46 elementos
/mot-cle/lave-linge/	término case27_job_listing_tags	carte 2026 (etiqueta)	2 elementos
/mot-cle/laverie/	término case27_job_listing_tags	carte 2026 (etiqueta)	4 elementos
/mot-cle/livraison/	término case27_job_listing_tags	carte 2026 (etiqueta)	0 elementos
/mot-cle/on-vient-vous-chercher/	término case27_job_listing_tags	carte 2026 (etiqueta)	3 elementos
/mot-cle/parking-privatif/	término case27_job_listing_tags	carte 2026 (etiqueta)	54 elementos
/mot-cle/piscine/	término case27_job_listing_tags	carte 2026 (etiqueta)	24 elementos
/mot-cle/pre-reservation/	término case27_job_listing_tags	carte 2026 (etiqueta)	5 elementos
/mot-cle/reparation-de-velos/	término case27_job_listing_tags	carte 2026 (etiqueta)	15 elementos
/mot-cle/wifi/	término case27_job_listing_tags	carte 2026 (etiqueta)	67 elementos
/post-category/actualites/	término category	archivo blog 2026	1900 elementos
/post-category/archives/	término category	archivo blog 2026	2 elementos
/post-category/associations/	término category	archivo blog 2026	5 elementos
/post-category/circuits-pres-du-canal-du-midi/	término category	archivo blog 2026	1 elementos
/post-category/croisiere-bateau/	término category	archivo blog 2026	0 elementos
/post-category/actualites/divers/	término category	archivo blog 2026	1 elementos
/post-category/actualites/fetes-et-manifestations/	término category	archivo blog 2026	12 elementos
/post-category/histoire/	término category	archivo blog 2026	0 elementos
/post-category/infos-pratiques/	término category	archivo blog 2026	2 elementos
/post-category/le-canal/	término category	archivo blog 2026	13 elementos
/post-category/le-canal-a-velo/	término category	archivo blog 2026	4 elementos
/post-category/le-canal-autrement/	término category	archivo blog 2026	1 elementos
/post-category/le-canal-en-bateau/	término category	archivo blog 2026	7 elementos
/post-category/lieux-dinformations/	término category	archivo blog 2026	0 elementos
/post-category/lieux-remarquables/	término category	archivo blog 2026	6 elementos
/post-category/loisirs/	término category	archivo blog 2026	19 elementos
/post-category/actualites/marches-et-vide-greniers/	término category	archivo blog 2026	5 elementos
/post-category/navigation/	término category	archivo blog 2026	15 elementos
/post-category/non-classe/	término category	archivo blog 2026	28 elementos
/post-category/photos-et-videos/	término category	archivo blog 2026	2 elementos
/post-category/pour-dormir/	término category	archivo blog 2026	7 elementos
/post-category/pour-manger/	término category	archivo blog 2026	9 elementos
/post-category/recits-de-voyage-sur-le-canal/	término category	archivo blog 2026	1 elementos
/post-category/services-utiles/	término category	archivo blog 2026	10 elementos
/post-category/vignobles/	término category	archivo blog 2026	9 elementos
/post-category/villes-a-visiter/	término category	archivo blog 2026	12 elementos
/post-category/actualites/villes-et-villages/	término category	archivo blog 2026	4 elementos
/zone/beziers-frontignan/	término zone	SIN 2026	24 elementos
/zone/capestang-beziers/	término zone	SIN 2026	25 elementos
/zone/carcassonne-homps/	término zone	SIN 2026	34 elementos
/zone/castelnaudary-carcassonne/	término zone	SIN 2026	27 elementos
/zone/frontignan-le-grau-du-roi/	término zone	SIN 2026	2 elementos
/zone/homps-capestang/	término zone	SIN 2026	39 elementos
/zone/narbonne-port-la-nouvelle/	término zone	SIN 2026	13 elementos
/zone/toulouse-castelnaudary/	término zone	SIN 2026	38 elementos
