url,tipo,vistas_ga4,clics_gsc,impresiones_gsc,posicion_media,decision
/calcul-de-distance-canal-du-midi/,page contenu,12671,7751,152835,7.3,migrar
/,home,4161,4756,434756,9.1,ya-2026
/canal-de-la-robine/,page contenu,1800,2291,71573,7.2,migrar
/voie-verte-et-veloroute/,page contenu,1930,1524,59696,18.1,migrar
/longeur-largeur-des-ecluses-tirant-deau-tirant-dair-sur-le-canal-du-midi/,page contenu,1262,1702,44990,7.4,migrar
/peniches-a-vendre-sur-le-canal-tout-savoir-avant-dacheter/,post (blog),866,1431,34906,10.7,migrar
/explorer/,explorer (carte),1928,61,17289,10.3,ya-2026
/navigation/periode-de-navigation/,page contenu,748,1037,16525,7.4,migrar
/meteo-du-canal-du-midi/,page contenu,726,953,52541,7.8,migrar
/navigation/regles-de-navigation/,page contenu,423,502,25822,11.5,migrar
/la-librairie-du-somail-pantheonisee-par-la-television/,post (blog),335,570,46190,9.2,migrar
/fiche/port-de-sete/,fiche,386,515,33003,9.2,ya-2026
/beziers-la-future-gare-tgv-au-centre-des-debats/,post (blog),350,538,8454,9.8,migrar
/les-ecluses-du-canal-du-midi-2/,page contenu,338,543,16952,10.3,migrar
/categorie/camping/,categorie listing,464,378,21747,12.3,listado-2026
/fiche/port-cassafieres-portiragne/,fiche,389,452,9570,5.9,ya-2026
/wp-content/uploads/pdf/Plan-Canal-du-Midi-2023.pdf,tech/other,0,841,22874,13.6,no-migrar
/fiche/ecluse-de-portiragnes/,fiche,353,468,4477,5.8,ya-2026
/le-lac-de-saint-ferreol-sera-bientot-vide-un-spectacle-impressionnant/,post (blog),296,479,4190,7.1,migrar
/3-de-bordeaux-a-sete-780-km-sur-les-rives-des-canaux-de-lentre-deux-mers/,post (blog),318,452,14683,8.9,migrar
/fiche/mairie-de-salleles-daude/,fiche,323,432,58427,9.8,ya-2026
/auberge-de-la-croisade-a-cruzy-34310-nouveaux-menus/,post (blog),248,462,14146,7.3,migrar
/balade-en-bateau-sur-le-canal-de-la-robine/,post (blog),293,408,3988,16.3,migrar
/conditions-dutilisation-des-chemins-de-halage-le-long-du-canal-du-midi-a-velo/,page contenu,348,350,8465,9.7,migrar
/les-meilleurs-lieux-pour-courir-a-toulouse/,post (blog),305,390,12255,10.0,migrar
/canal-du-midi-en-bateau-comment-sy-preparer/,post (blog),266,424,20369,10.3,migrar
/fiche/port-sud-ramonville-st-agne/,fiche,272,354,14504,8.9,ya-2026
/carcassonne-decouvrez-lepanchoir-de-foucaud-maison-eclusiere/,post (blog),236,376,3522,5.0,migrar
/fiche/port-neuf-beziers/,fiche,284,324,9069,7.6,ya-2026
/fiche/port-de-homps/,fiche,274,291,5445,11.4,ya-2026
/categorie/velo/,categorie listing,548,3,1483,77.1,listado-2026
/categorie/activites-loisirs/,categorie listing,372,178,4589,20.2,listado-2026
/tarn-et-garonne-vnf-loue-ses-maisons-eclusieres/,post (blog),205,343,5142,7.7,migrar
/le-canal/histoire/,page contenu,333,200,47973,10.0,migrar
/balade-en-roller-2/,page contenu,205,317,5160,8.0,migrar
/categorie/nautique/,categorie listing,505,16,38804,9.0,listado-2026
/fiche/port-la-robine/,fiche,218,293,3482,13.1,ya-2026
/beziers-et-environs-agenda-du-jour-et-du-week-end-a-venir/,post (blog),201,306,13403,11.7,migrar
/alimentation-en-eau-du-canal/,page contenu,225,276,21459,8.5,migrar
/fiche/port-saint-sauveur-toulouse/,fiche,235,228,23715,7.0,ya-2026
/la-faune-et-la-flore/,page contenu,207,236,3973,5.7,migrar
/fiche/port-du-somail/,fiche,225,197,7757,7.6,ya-2026
/categorie/hebergement/,categorie listing,401,19,3231,39.9,listado-2026
/saint-felix-lauragais-les-pecheurs-obliges-de-quitter-le-lac-de-lenclas/,post (blog),154,262,3506,7.4,migrar
/categorie/ports/,categorie listing,279,136,4653,9.0,listado-2026
/fiche/le-trouve-tout-du-livre/,fiche,213,185,17812,9.0,ya-2026
/voici-le-nouveau-parcours-du-marathon-de-toulouse-qui-fete-son-dixieme-anniversaire/,post (blog),188,204,27179,4.6,migrar
/vnf-recrute-des-eclusiers-saisonniers/,post (blog),146,242,3281,8.7,migrar
/jours-de-marches-proche-du-canal-du-midi/,page contenu,214,148,3590,9.8,migrar
/fiche/aux-petits-oignons/,fiche,137,218,12595,7.0,ya-2026
/organiser-votre-sejour/,page contenu,352,0,131,35.6,migrar
/fiche/la-guinguette-restaurant/,fiche,237,106,10124,10.4,ya-2026
/recevoir-le-plan-du-canal-du-midi-2/,page contenu,331,4,3220,9.1,migrar
/video-de-presentation-du-canal-du-midi/,page contenu,164,159,60188,10.2,migrar
/le-tour-du-seuil-de-naurouze/,post (blog),158,155,6688,9.4,migrar
/castelnaudary-donadery-un-lieu-de-vie-et-de-partage-en-plus-du-futur-musee/,post (blog),118,195,3112,4.2,migrar
/fiche/port-de-trebes/,fiche,151,157,4320,8.2,ya-2026
/fiche/port-de-bram/,fiche,137,171,2929,7.0,ya-2026
/fiche/camping-de-pepieux/,fiche,127,176,5687,15.8,ya-2026
/categorie/location-bateau/,categorie listing,300,3,5258,57.4,listado-2026
/fiche/camping-municipal-de-tounel/,fiche,136,152,9133,18.0,ya-2026
/marche-de-noel-au-chateau-les-carrasses/,post (blog),116,167,476,5.9,migrar
/television-lequipe-de-tournage-de-la-serie-candice-renoir-est-a-agde-et-au-bord-du-canal-du-midi/,post (blog),114,167,9817,5.6,migrar
/une-belle-vie-au-bord-du-canal/,post (blog),117,161,4331,9.3,migrar
/castanet-tolosan-31-le-lac-un-lieu-de-promenade-le-week-end/,post (blog),111,161,3594,5.6,migrar
/les-marches-a-port-la-nouvelle/,post (blog),116,155,23392,9.4,migrar
/fiche/cave-cooperative-du-chateau-de-ventenac/,fiche,125,142,6292,9.9,ya-2026
/wp-content/uploads/2019/01/formulaire-autorisation-de-circuler.pdf,tech/other,0,263,1298,7.0,no-migrar
/le-chancre-colore-du-platane/,post (blog),113,150,5568,9.5,migrar
/fiche/moulin-bladier-de-bessan/,fiche,103,154,2510,6.3,ya-2026
/categorie/organisation-de-voyage-a-velo/,categorie listing,253,0,55,69.0,listado-2026
/vignoble-de-picpoul-de-pinet/,page contenu,124,126,7664,7.5,migrar
/fiche/port-des-onglous/,fiche,104,146,5784,7.9,ya-2026
/informations-croisiere/,page contenu,115,131,10002,26.1,migrar
/fiche/port-de-colombiers/,fiche,136,109,4618,8.7,ya-2026
/fiche/port-de-lembouchure-toulouse/,fiche,124,119,12852,8.0,ya-2026
/photos-canal-du-midi/,page contenu,144,96,44247,7.9,migrar
/fiche/port-de-salleles-daude/,fiche,121,116,4347,10.7,ya-2026
/categorie/croisiere-bateau/,categorie listing,233,0,1546,69.8,listado-2026
/fiche/camping-municipal-de-salleles-daude/,fiche,98,134,7331,9.4,ya-2026
/fiche/halte-plaisance-fluviale-de-frontignan/,fiche,114,117,3510,8.2,ya-2026
/fiche/camping-de-la-capelle/,fiche,196,31,2715,9.4,ya-2026
/fiche/maison-de-la-haute-garonne/,fiche,105,121,7152,11.5,ya-2026
/fiche/ports-du-somail-et-de-la-robine/,fiche,192,30,1794,9.5,ya-2026
/narbonne-a-la-decouverte-du-quartier-de-bourg/,post (blog),85,133,2935,7.2,migrar
/fiche/locaboat-canal-du-midi-en-peniche/,fiche,109,109,6808,19.2,ya-2026
/la-saint-valentin-a-l-auberge-de-la-croisade-34-cruzy/,post (blog),83,135,1635,13.8,migrar
/le-canal-en-famille-une-appli-mobile-pour-partir-a-laventure-sur-le-canal-du-midi/,post (blog),88,125,1211,7.7,migrar
/toulouse-pourquoi-les-arbres-qui-bordent-le-canal-du-midi-ont-ils-tous-un-numero/,post (blog),72,139,4670,7.2,migrar
/fiche/port-dargens-minervois/,fiche,106,104,1296,8.6,ya-2026
/vignoble-du-cabardes/,page contenu,101,107,10804,6.5,migrar
/le-grand-bief/,page contenu,87,119,1751,9.0,migrar
/navigation/les-panneaux/,page contenu,99,102,2483,10.0,migrar
/fiche/ecluses-de-fonseranes/,fiche,121,79,10254,12.3,ya-2026
/fiche/office-de-tourisme-de-castelnaudary/,fiche,91,107,14146,8.4,ya-2026
/manifestations-et-fetes-canal-du-midi/,page contenu,151,44,1259,14.6,migrar
/on-a-teste-pour-vous-le-lac-de-saint-ferreol-a-velo-depuis-toulouse-via-le-canal-du-midi/,post (blog),70,124,6240,8.8,migrar
/ramonville-saint-agne-joies-du-barbecue-au-bord-du-canal/,post (blog),76,116,2020,9.7,migrar
/navigation/permis-de-conduire/,page contenu,106,84,3250,8.6,migrar
/beziers-un-telepherique-entre-canal-du-midi-et-centre-ville-devrait-voir-le-jour/,post (blog),84,105,548,4.6,migrar
/fiche/port-de-lauragais-avignonet-lauragais/,fiche,91,98,15830,9.1,ya-2026
/navigation/passer-une-ecluse/,page contenu,100,87,6783,18.3,migrar
/fiche/la-petite-maison-du-velo/,fiche,118,68,7282,8.8,ya-2026
/toulouse-meteo-france-lannonce-a-toulouse-le-mois-de-janvier-a-ete-lun-des-plus-froids-de-ces-25-dernieres-annees-seul-le-mois-de-janvier-2012-avait-ete-plus-glacial/,post (blog),66,119,7420,8.2,migrar
/vignoble-du-minervois/,page contenu,122,63,7364,15.9,migrar
/villeneuve-les-beziers/,page contenu,89,96,7230,11.5,migrar
/fiche/port-de-carcassonne/,fiche,104,79,4029,8.7,ya-2026
/balade-a-pied-randonnee/,page contenu,157,25,945,51.6,migrar
/fiche/port-de-capestang/,fiche,99,83,3107,7.3,ya-2026
/categorie/location-de-velo/,categorie listing,169,10,1916,17.5,listado-2026
/des-velos-a-louer-dans-le-vieux-village-a-trebes/,post (blog),75,104,672,6.4,migrar
/la-creation-du-lac-de-marciac-le-long-voyage-de-la-peniche/,post (blog),61,117,5125,8.6,migrar
/wp-content/uploads/pdf/Plan-Canal-du-Midi-2025.pdf,tech/other,0,178,7424,11.8,no-migrar
/voie-verte-du-lido/,post (blog),69,109,2839,10.3,migrar
/fiche/port-de-serignan/,fiche,82,94,5881,8.5,ya-2026
/fiche/port-de-segala/,fiche,74,100,1956,6.2,ya-2026
/categorie/ports-fluviaux/,categorie listing,165,7,424,26.1,listado-2026
/villefranche-de-lauragais-rosalie-et-canoe-sur-le-canal-du-midi/,post (blog),64,106,2147,9.4,migrar
/fiche/ecluse-dhomps/,fiche,70,99,1633,8.5,ya-2026
/le-paddle-sur-le-canal-du-midi/,post (blog),64,104,841,5.4,migrar
/visite-du-chateau-de-bonrepos-riquet/,post (blog),58,109,5688,10.1,migrar
/colombiers/,page contenu,83,84,5590,13.0,migrar
/narbonne-le-pont-des-marchands-sur-la-robine/,post (blog),75,92,14074,6.8,migrar
/fiche/nicols-le-canal-du-midi-en-bateau/,fiche,146,21,1087,11.6,ya-2026
/fiche/port-du-agde/,fiche,77,88,5176,10.5,ya-2026
/fiche/chez-fabienne/,fiche,74,90,3095,5.6,ya-2026
/fiche/port-de-marseillan/,fiche,76,86,11773,11.7,ya-2026
/scenes-de-meurtres-a-carcassonne/,post (blog),54,107,18445,11.1,migrar
/fiche/crisboat/,fiche,83,77,11760,8.2,ya-2026
/post-category/actualites/,post-category,160,0,50,7.6,no-migrar
/categorie/ecluses/,categorie listing,147,7,1396,25.9,listado-2026
/carcassonne-presentation-officielle-dune-application-mobile-sur-le-canal-du-midi/,post (blog),66,86,948,6.2,migrar
/fiche/port-dagde/,fiche,80,71,18876,8.4,ya-2026
/la-barque-de-poste-le-bateau-du-canal-du-midi/,post (blog),71,80,1450,7.6,migrar
/toulouse-transforme-les-allees-jean-jaures-en-rambla/,post (blog),64,87,6638,8.0,migrar
/bassin-de-thau/,page contenu,65,85,9276,11.9,migrar
/fiche/hotel-ibis-budget/,fiche,61,89,14147,11.1,ya-2026
/fiche/la-bonne-planque/,fiche,120,29,4108,8.5,ya-2026
/categorie/lieux-dinformations/,categorie listing,147,1,19,17.4,listado-2026
/le-somail-decouvrez-la-maison-bonnal/,post (blog),61,86,822,8.1,migrar
/fiche/ecluse-ronde-dagde/,fiche,94,51,6202,9.3,ya-2026
/wp-content/uploads/2014/12/scan002.pdf,tech/other,0,145,1502,10.0,no-migrar
/fiche/port-de-valras-plage/,fiche,61,82,4690,11.1,ya-2026
/poilhes/,page contenu,61,82,12836,10.0,migrar
/fiche/ecluse-dargens/,fiche,62,78,1830,7.5,ya-2026
/fiche/site-de-negra/,fiche,65,73,2179,6.9,ya-2026
/fiche/destination-sud-est-toulousain/,fiche,131,6,621,9.1,ya-2026
/des-chenes-pour-remplacer-les-platanes-malades-du-canal-du-midi/,post (blog),46,90,2875,7.8,migrar
/fiche/la-compagnie-des-bateaux-du-midi/,fiche,129,6,1350,20.8,ya-2026
/zone/homps-capestang/,zone/region,59,74,1257,23.4,no-migrar
/fiche/office-de-tourisme-port-la-nouvelle-cote-du-midi/,fiche,55,76,8630,11.0,ya-2026
/fiche/office-de-tourisme-le-somail-cote-du-midi/,fiche,71,60,7067,14.0,ya-2026
/ou-trouver-du-carburant-pres-du-canal-du-midi/,post (blog),50,79,902,8.4,migrar
/le-fret-une-solution-pour-renflouer-le-canal-du-midi/,post (blog),48,79,1783,18.3,migrar
/eclusier-sur-le-canal-du-midi/,post (blog),53,73,1046,22.8,migrar
/le-canal/ouvrages/,page contenu,88,35,1796,12.9,migrar
/fetes-et-festivals-salleles-daude/,post (blog),47,76,2227,9.6,migrar
/fiche/la-roue-qui-tourne/,fiche,73,50,6581,9.4,ya-2026
/balade-a-velo-sur-le-canal-du-midi/,page contenu,121,0,69,67.0,migrar
/lezignan-corbieres-le-marche-de-noel-revient-enchanter-le-grand-moulin/,post (blog),50,69,850,8.4,migrar
/transport-de-bagages/,page legacy (2013-18),51,67,613,10.0,no-migrar
/fiche/ecluse-de-bagnas/,fiche,51,67,1100,5.9,ya-2026
/foire-aux-question-faq-canal-du-midi/,page contenu,99,17,1163,14.0,migrar
/vignoble-des-corbieres/,page contenu,95,21,4507,29.5,migrar
/lac-de-saint-ferreol-pres-de-toulouse-derniere-ligne-droite-avant-le-remplissage/,post (blog),45,70,1547,11.9,migrar
/en-croisiere-a-bord-de-la-peniche-surcouf-vous-allez-decouvrir-le-vrai-canal-du-midi/,post (blog),40,75,9452,10.9,migrar
/fiche/nicols-port-lauragais/,fiche,55,59,3736,10.1,ya-2026
/argens-minervois-charmant-village-traverse-par-le-canal-du-midi/,post (blog),46,66,4564,9.9,migrar
/fiche/click-and-boat/,fiche,55,56,4988,9.1,ya-2026
/fiche/navicanal-port-lauragais/,fiche,70,41,6492,9.9,ya-2026
/nous-contacter/,page contenu,70,40,442,4.9,migrar
/un-roi-a-la-place-de-riquet-pourquoi-la-statue-des-allees-jean-jaures-a-bien-failli-ne-jamais-exister/,post (blog),44,65,2160,7.5,migrar
/categorie/commerce-alimentaire/,categorie listing,58,51,756,9.0,listado-2026
/post-category/circuits-pres-du-canal-du-midi/,post-category,108,0,6,7.0,no-migrar
/le-manuscrit-signe-par-louis-xiv-expose-a-toulouse/,post (blog),51,57,2336,6.7,migrar
/post-category/villes-a-visiter/,post-category,78,30,2084,9.0,no-migrar
/boutique-canal-du-midi/,boutique/compte,48,59,24371,8.4,no-migrar
/autour-du-canal-du-midi-a-voir-a-faire/,page contenu,97,10,2065,10.9,revisar
/fiche/port-la-fabrique-la-redorte/,fiche,59,48,1064,6.6,ya-2026
/categorie/restauration/,categorie listing,99,8,820,31.0,listado-2026
/gardouch-un-nouveau-bistrot-sinstalle-dans-la-maison-eclusiere/,post (blog),45,61,4402,9.3,migrar
/en-balade-sur-le-canal-du-midi/,post (blog),43,63,2996,13.2,migrar
/categorie/hotel/,categorie listing,97,9,3223,17.5,listado-2026
/post-category/lieux-remarquables/,post-category,103,1,27,20.0,no-migrar
/fiche/ecluse-de-montgiscard/,fiche,50,54,1788,7.8,ya-2026
/fiche/ecluse-de-marseillette/,fiche,41,63,2300,10.8,ya-2026
/fiche/hotel-premiere-classe-toulouse-nord-sesquieres/,fiche,55,49,19206,10.5,ya-2026
/fiche/port-de-palavas-les-flots/,fiche,55,48,4407,10.0,ya-2026
/les-peniches-la-meilleure-solution-pour-decouvrir-le-canal-du-midi/,post (blog),40,63,3031,19.7,migrar
/categorie/voir-visiter/,categorie listing,103,0,15,42.4,listado-2026
/toulouse-les-soirees-endiablees-de-la-peniche-le-samsara/,post (blog),38,64,3350,11.4,migrar
/decouvrir-la-perle-noire-et-ses-tresors-a-velo-agde-u-34-km-de-pistes-cyclables-et-plusieurs-balades-en-vue/,post (blog),61,39,5218,8.1,migrar
/fiche/chateau-et-remparts-de-la-cite-de-carcassonne/,fiche,90,10,5547,32.9,ya-2026
/le-canal-du-midi-classe-mais-en-danger/,post (blog),39,60,640,5.5,migrar
/fiche/ecluse-de-renneville/,fiche,34,65,2016,6.5,ya-2026
/le-canal-du-midi-a-lemission-des-racines-et-des-ailes-et-exposition/,post (blog),38,58,774,7.7,migrar
/pont-canal-du-repudre/,page contenu,47,48,3657,10.2,migrar
/fiche/reve-de-velo-travel/,fiche,75,20,2791,9.7,ya-2026
/ouvrage-sur-le-libron/,page contenu,48,46,3300,9.8,migrar
/categorie/restaurant/,categorie listing,94,0,16,68.9,listado-2026
/fiche/camping-les-berges-du-canal/,fiche,81,10,4072,18.5,ya-2026
/fiche/ecluse-de-laurens/,fiche,62,27,1948,10.1,ya-2026
/grace-a-vauban-la-rigole-a-pu-alimenter-le-canal-du-midi/,post (blog),39,50,1649,8.5,migrar
/castanet-tolosan-davantage-de-brochets-seront-laches-dans-le-canal/,post (blog),33,56,868,11.9,migrar
/noel-au-chateau-les-carrasses-34/,post (blog),30,57,642,6.0,migrar
/fiche/camping-le-val-de-cesse/,fiche,58,29,2443,11.8,ya-2026
/fiche/ecluse-dayguesvives/,fiche,36,51,1208,7.2,ya-2026
/castelnaudary-coup-de-coeur-pour-la-minoterie-de-naurouze/,post (blog),35,51,655,8.5,migrar
/films-et-videos/,page contenu,43,43,893,7.4,migrar
/tunnel-du-malpas/,page contenu,51,33,3479,10.2,migrar
/fiche/ecluse-de-villepinte/,fiche,31,53,753,6.5,ya-2026
/categorie/chambre-a-louer/,categorie listing,82,0,43,56.9,listado-2026
/fiche/ecluse-de-castanet/,fiche,49,32,2867,10.0,ya-2026
/fiche/ecluse-bayard/,fiche,31,50,1793,9.6,ya-2026
/capestang/,page contenu,44,37,3334,15.0,migrar
/fiche/ecluse-de-beteille/,fiche,42,38,1122,6.2,ya-2026
/herault-a-sete-reprise-explosive-pour-le-tournage-de-la-serie-candice-renoir/,post (blog),38,42,2458,10.3,migrar
/bize-minervois-8eme-grand-show-freestyle-motocross/,post (blog),35,45,231,6.3,migrar
/toulouse-la-maison-eclusiere-de-saint-pierre-enfin-un-lieu-culturel/,post (blog),26,53,812,8.9,migrar
/le-role-de-leclusier/,post (blog),29,49,5692,10.2,migrar
/ouvrages-d-art/,page contenu,33,44,1521,13.3,migrar
/fiche/poterie-de-naurouze/,fiche,30,46,5382,8.6,ya-2026
/fiche/hotel-restaurant-du-lauragais/,fiche,48,28,5972,15.7,ya-2026
/categorie/chambre-dhotes/,categorie listing,49,27,2641,24.8,listado-2026
/ouvrages-cartes-et-images/,page contenu,46,30,480,7.8,migrar
/fiche/mairie-de-montferrand/,fiche,32,44,5144,10.2,ya-2026
/fiche/port-de-castelnaudary/,fiche,52,24,3691,23.9,ya-2026
/toulouse-peniches-epaves-le-cote-sombre-du-canal-du-midi/,post (blog),29,46,1058,8.3,migrar
/fiche/ecluse-de-trebes/,fiche,35,40,1682,8.5,ya-2026
/fiche/gite-aude/,fiche,45,30,636,7.9,ya-2026
/fiche/ecluse-de-vic/,fiche,36,39,1989,7.3,ya-2026
/categorie/halte-nautique/,categorie listing,61,13,494,20.3,listado-2026
/wp-content/uploads/2014/07/we-14-juillet.pdf,tech/other,0,74,647,6.7,no-migrar
/narbonne-st-pierre-la-mer-premiere-plage-non-fumeur-de-la-region/,post (blog),30,44,850,6.4,migrar
/fiche/le-jardin-dhomps/,fiche,61,13,783,8.9,ya-2026
/limoux-un-sandre-de-72-kg-a-ete-peche-samedi-dans-le-canal-du-midi/,post (blog),31,42,1558,12.4,migrar
/categorie/site-et-monument/,categorie listing,73,0,15,7.3,listado-2026
/revel-deux-jours-de-visites-gratuites-journees-du-patrimoine-34e-journees-du-patrimoine/,post (blog),24,48,756,16.0,migrar
/restaurant-chez-leclusier-a-colombiers/,post (blog),22,50,776,8.1,migrar
/a-toulouse-un-marche-au-jardin/,post (blog),28,44,2631,13.1,migrar
/fiche/vacanceole-port-minervois/,fiche,32,40,7729,12.0,ya-2026
/le-menu-d-ete-de-l-auberge-de-la-croisade-a-cruzy-34/,post (blog),26,46,2676,12.5,migrar
/marseillan-le-promenoir-un-autre-regard-sur-le-bord-de-mer-la-rehabilitation-de-ce-cordon-pietonnier-a-ete-inauguree/,post (blog),28,43,2076,9.8,migrar
/fiche/peniche-le-haricot-noir/,fiche,59,12,863,7.1,ya-2026
/categorie/excursions/,categorie listing,71,0,54,70.2,listado-2026
/castanet-tolosan-balades-sur-le-canal-du-midi/,post (blog),26,44,763,9.6,migrar
/retour-sur-le-voyage-extraordinaire-de-bruno-sananes-laventurier-du-quotidien/,post (blog),24,45,1030,6.8,migrar
/fiche/ecluse-de-jouarres/,fiche,35,34,774,5.8,ya-2026
/fiche/musee-et-jardins-du-canal-du-midi/,fiche,32,36,2383,9.7,ya-2026
/fiche/paulette-location-velo-narbonne/,fiche,37,31,5112,15.5,ya-2026
/toulouse-l-occitania-un-lieu-unique/,post (blog),31,37,3049,13.6,migrar
/fiche/croisieres-du-midi/,fiche,58,9,3665,27.5,ya-2026
/location-de-bateaux-profitez-des-dernieres-disponibilites-aux-prix-de-derniere-minute/,post (blog),59,8,618,12.2,revisar
/fiche/lereservoir/,fiche,39,28,3187,8.0,ya-2026
/castelnaudary-la-ville-sanime-pour-les-fetes/,post (blog),26,41,499,8.7,migrar
/vignoble-de-faugeres/,page contenu,32,35,4734,24.0,migrar
/chateaux-dits-cathares/,page contenu,32,35,3911,33.8,migrar
/vias-au-programme-des-journees-europeennes-du-patrimoine/,post (blog),26,40,214,5.7,migrar
/la-mairie-communique-alerte-travaux-routiers-a-trebes/,post (blog),26,40,742,9.2,migrar
/offre-d-emploi-sur-le-canal/,post (blog),28,38,275,8.4,migrar
/toulouse-il-y-a-deux-cents-ans-la-bataille-oubliee/,post (blog),28,37,1732,8.7,migrar
/categorie/restauration-2/,categorie listing,50,15,4034,13.7,listado-2026
/fiche/port-de-narbonne/,fiche,44,20,2364,12.2,ya-2026
/fiche/ecluse-de-negra/,fiche,30,34,2210,7.8,ya-2026
/fiche/ecluse-du-bearnais/,fiche,24,40,2148,10.7,ya-2026
/fiche/moulin-de-saint-tibery/,fiche,29,34,599,5.6,ya-2026
/fiche/randovelo/,fiche,59,4,414,17.5,ya-2026
/fiche/guiraud-conciergerie/,fiche,31,32,1008,8.3,ya-2026
/fiche/ecluse-de-lorb/,fiche,28,34,1520,11.0,ya-2026
/fiche/le-comptoir-nature/,fiche,43,19,5955,9.2,ya-2026
/fiche/ecluse-de-locean/,fiche,31,30,1298,9.4,ya-2026
/crue-de-laude-voies-navigables-de-france-mobilise-pour-louverture-de-la-saison-touristique/,post (blog),20,40,1100,8.2,migrar
/beziers-longer-les-neuf-ecluses-a-pied-nest-plus-possible/,post (blog),19,41,1082,12.6,migrar
/le-canal/construction/,page contenu,51,9,1239,14.7,revisar
/fiche/residence-chateau-de-jouarres/,fiche,29,31,3112,11.9,ya-2026
/piste-cyclable-du-canal-du-midi-travaux-de-renovation/,post (blog),24,34,317,7.2,migrar
/fiche/camping-domaine-saint-laurent/,fiche,55,3,970,11.9,ya-2026
/fiche/le-relais-de-sully/,fiche,30,27,5343,8.8,ya-2026
/fiche/ecluse-de-carcassonne/,fiche,28,29,1752,11.3,ya-2026
/fiche/ecluse-dencassan/,fiche,28,28,750,7.7,ya-2026
/fiche/grotte-de-limousis/,fiche,34,22,6768,9.1,ya-2026
/fiche/ecluse-de-laiguille/,fiche,25,31,1983,7.6,ya-2026
/vnf-mot-du-jour-tirant-deau/,post (blog),42,13,8933,6.1,migrar
/achetez-votre-vignette-plaisance/,post (blog),25,30,3340,10.8,migrar
/categorie/appartement-maison-a-louer/,categorie listing,35,20,613,39.9,listado-2026
/fiche/restaurant-association-les-cedres/,fiche,23,32,5673,9.5,ya-2026
/castelnaudary-la-poterie-not-entreprise-du-patrimoine-vivant/,post (blog),28,27,1366,14.6,migrar
/auterive-31-agenda-des-manifestations-du-15-au-31-mai/,post (blog),20,35,1448,15.1,migrar
/fiche/hotel-restaurant-o-fil-de-lo/,fiche,31,23,1267,11.4,ya-2026
/fiche/france-passion-plaisance-les-canalous/,fiche,45,9,1404,11.9,ya-2026
/fiche/paulette-location-velo-beziers/,fiche,42,12,3115,14.6,ya-2026
/categorie/moulins/,categorie listing,51,3,325,14.6,listado-2026
/fiche/le-grand-bassin-chambres-dhotes/,fiche,40,14,1464,13.7,ya-2026
/fiche/port-de-poilhes/,fiche,40,14,852,11.7,ya-2026
/fiche/mairie-de-argens-minervois/,fiche,19,35,4294,11.9,ya-2026
/fiche/ecluse-de-beziers/,fiche,30,23,1933,11.5,ya-2026
/fiche/ecluse-de-prades/,fiche,28,25,1032,8.8,ya-2026
/trebes-la-brocante-du-canal-exemple-a-suivre/,post (blog),28,25,345,4.8,migrar
/fiche/ecluse-de-salleles/,fiche,29,24,1354,10.0,ya-2026
/fiche/l-escale-occitane/,fiche,47,5,642,19.4,ya-2026
/fiche/syndicat-mixte-d-amenagement-de-jouarres/,fiche,32,20,474,6.9,ya-2026
/fiche/ecluse-de-raonel/,fiche,23,29,850,7.3,ya-2026
/fiche/moulin-den-cos/,fiche,23,29,482,6.7,ya-2026
/fiche/ecluse-de-la-planque/,fiche,27,24,1149,9.1,ya-2026
/une-base-de-canoe-a-ouvert-ses-portes-sur-le-canal-du-midi/,post (blog),19,32,1164,9.0,migrar
/fiche/ecluse-de-puicheric/,fiche,22,29,1240,7.3,ya-2026
/toulouse-peniches-retour-du-tenace-et-de-la-belle-chaurienne/,post (blog),16,34,840,8.7,migrar
/fiche/les-croisieres-en-douce/,fiche,50,0,15,9.6,ya-2026
/fiche/ecluse-darieges/,fiche,26,24,465,7.1,ya-2026
/fiche/domaine-de-lherbe-sainte/,fiche,33,17,3704,8.2,ya-2026
/fiche/ecluse-du-roc/,fiche,25,25,687,7.4,ya-2026
/renneville-on-a-teste-pour-vous-la-balade-en-rosalie-sur-le-canal-du-midi/,post (blog),18,32,609,7.6,migrar
/fiche/ecluse-de-treboul/,fiche,19,30,727,5.9,ya-2026
/fiche/ecluse-demborrel/,fiche,20,29,708,6.5,ya-2026
/toulouse-nouveau-quartier-matabiau-la-rue-bayard-livree-mi-2017-le-nouveau-parvis-en-2019/,post (blog),23,26,2687,10.7,migrar
/toulouse-fete-le-canal-du-midi/,post (blog),19,30,1123,5.8,migrar
/feru-de-litterature-lecrivain-carcassonnais-bernard-vaissiere-publie-un-roman-les-champs-phlegreens-il-le-presentera-a-250-invites-le-samedi-15-novembre-a-lhotel-de/,post (blog),15,34,648,6.2,migrar
/il-y-a-350-ans-riquet-testait-la-rigole/,post (blog),22,27,634,12.5,migrar
/narbonne-au-chantier-dinsertion-du-pnr-lesperance-revit/,post (blog),22,27,531,9.3,migrar
/fiche/camping-lair-marin/,fiche,42,7,2677,20.7,ya-2026
/expo-lillustrateur-pierre-samson-dynamite-lhistoire-du-canal-du-midi/,post (blog),23,25,1011,6.4,migrar
/carcassonne-une-pizza-au-cassoulet/,post (blog),26,22,864,7.0,migrar
/fiche/easyvelocarcassonne/,fiche,46,2,1231,11.7,ya-2026
/visiter-sete/,page contenu,33,15,1405,11.7,migrar
/au-fil-de-leau-croisiere-sur-le-canal-du-midi/,post (blog),20,28,2176,36.0,migrar
/autour-de-montpellier-pistes-cyclables-des-pointilles-a-supprimer/,post (blog),30,17,942,13.2,migrar
/toulouse-dessine-moi-le-nom-des-stations-du-metro/,post (blog),20,27,2638,17.1,migrar
/wp-content/uploads/pdf/Plan-Canal-du-Midi-2024.pdf,tech/other,0,47,1978,34.0,no-migrar
/luc-atge-sattaque-a-lintegrale-de-riquet/,post (blog),29,18,340,7.3,migrar
/fiche/residence-le-domaine-denserune/,fiche,27,20,5680,11.7,ya-2026
/fiche/ecluse-de-moussoulens/,fiche,22,24,971,9.9,ya-2026
/fiche/office-de-tourisme-du-canal-du-midi-au-saint-chinian/,fiche,39,7,717,11.6,ya-2026
/brax-la-voie-verte-traverse-la-commune/,post (blog),15,31,393,6.2,migrar
/les-ports-du-canal-du-midi/,page legacy (2013-18),46,0,9,8.8,no-migrar
/narbonne-quels-changements-pour-la-robine-en-coeur-de-ville/,post (blog),21,25,670,14.1,migrar
/carcassonne-le-restaurant-quick-du-pont-rouge-ferme-aujourdhui-le-temps-de-se-transformer-en-burger-king/,post (blog),20,26,7845,10.4,migrar
/la-metamorphose-du-marathon-de-toulouse-metropole-marathon-de-toulouse-course-a-pied/,post (blog),25,20,2340,10.7,migrar
/categorie/location-de-canoe-kayak/,categorie listing,28,17,736,10.7,listado-2026
/association-svdbr-pour-sauvegarde-et-valorisation-du-domaine-de-bonrepos-riquet/,page contenu,27,18,416,6.5,migrar
/les-350-ans-du-canal-du-midi-en-quelques-dates-le-canal-du-midi-fete-cette-annee-ses-350-ans-retour-en-quelques-dates-sur-louvrage-de-pierre-paul-riquet-et-sur-une-longue-histoire-de-navigation-en/,post (blog),17,27,879,18.8,migrar
/categorie/auberge-de-jeunesse/,categorie listing,30,14,955,38.2,listado-2026
/categorie/loisir-de-plein-air/,categorie listing,44,0,24,28.2,listado-2026
/castelnaudary-culture-helene-giral-prend-deux-engagements/,post (blog),19,25,619,5.4,migrar
/fiche/ecluse-de-villeneuve/,fiche,31,13,498,6.7,ya-2026
/fiche/ecluse-de-saint-martin/,fiche,22,21,1420,11.4,ya-2026
/fiche/le-camping-domaine-le-vernis/,fiche,38,5,1282,10.1,ya-2026
/narbonne-la-passerelle-sur-le-canal-est-a-nouveau-ouverte/,post (blog),20,23,832,7.5,migrar
/quatre-mois-de-travaux-au-bassin-de-lampy-les-cammazes-81/,post (blog),13,30,492,10.2,migrar
/vols-au-dessus-du-biterrois/,post (blog),13,30,1081,6.6,migrar
/fiche/ecluse-de-lalande/,fiche,18,25,1151,8.0,ya-2026
/unesco-les-paysages-du-canal-du-midi-enfin-classes-de-toulouse-a-la-mediterranee/,post (blog),24,19,1672,7.8,migrar
/fiche/allibert-trekking/,fiche,33,10,2212,8.2,ya-2026
/agenda-activites-autour-de-capestang-34310/,post (blog),14,29,1022,16.0,migrar
/fiche/le-relais-de-riquet-restaurant/,fiche,19,24,6002,7.8,ya-2026
/beziers-le-port-neuf-reprend-vie/,post (blog),18,25,533,10.7,migrar
/la-voie-verte-sur-de-bons-rails-salleles-daude/,post (blog),18,24,902,9.4,migrar
/fiche/ecluse-dargelliers/,fiche,18,24,525,8.4,ya-2026
/fiche/les-berges-de-laude/,fiche,29,12,1537,8.8,ya-2026
/association-replantons-le-canal-du-midi/,page contenu,17,24,1001,6.3,migrar
/fiche/ecluse-de-bram/,fiche,18,23,924,6.9,ya-2026
/les-metiers-du-canal-cecile-veille-sur-les-ecluses/,post (blog),19,22,615,7.0,migrar
/marseillette-decouvrez-les-dernieres-rizieres-audoises/,post (blog),17,24,956,10.3,migrar
/les-feeries-de-noel-a-narbonne/,post (blog),18,22,945,15.4,migrar
/vignoble-du-saint-chinian/,page contenu,27,13,3291,33.5,migrar
/fiche/ecluse-de-laval/,fiche,18,22,1795,8.8,ya-2026
/fiche/mairie-de-homps/,fiche,18,22,2707,18.0,ya-2026
/festival-musique-et-vin-a-assignan/,post (blog),17,23,121,7.8,migrar
/beziers-balades-sur-les-flots-de-lorb/,post (blog),12,28,1552,14.6,migrar
/fiche/paulette-location-de-velo-toulouse/,fiche,28,11,3310,15.8,ya-2026
/braderie-d-hiver-au-polygone-a-beziers/,post (blog),15,24,413,7.2,migrar
/le-somail-pied-a-terre-ideal/,post (blog),16,23,2406,18.9,migrar
/m6-zoome-sur-le-patrimoine-de-carcassonne/,post (blog),17,21,325,7.2,migrar
/je-moppose-aux-abattages-dans-la-traversee-de-la-commune-yves-bastie-maire-de-salleles-daude/,post (blog),13,25,830,9.4,migrar
/canal-du-midi-le-film-sur-pierre-paul-riquet-entre-dans-sa-phase-decisive/,post (blog),19,19,699,10.1,migrar
/fiche/ecluse-de-saint-jean/,fiche,15,22,815,9.7,ya-2026
/fiche/paulette-location-velo-sete/,fiche,20,17,2998,19.5,ya-2026
/toulouse-le-projet-de-tour-de-voies-navigables-de-france-fait-polemique/,post (blog),13,24,581,10.3,migrar
/region/lezignan-corbieres/,zone/region,19,18,433,17.9,no-migrar
/categorie/vente-de-vins/,categorie listing,36,1,13,17.8,listado-2026
/categorie/gites/,categorie listing,37,0,106,54.2,listado-2026
/fiche/ecluse-de-gardouch/,fiche,20,17,2575,11.9,ya-2026
/fiche/chateau-de-paraza/,fiche,23,14,2088,13.2,ya-2026
/fiche/port-de-la-grande-motte/,fiche,24,12,2973,10.8,ya-2026
/castelnaudary-en-marche-pour-un-tour-du-grand-bassin-a-pied/,post (blog),15,21,593,11.5,migrar
/wp-content/uploads/pdf/Plan-Canal-du-Midi-2026.pdf,tech/other,0,36,1746,16.0,no-migrar
/fiche/camping-la-gabinelle/,fiche,31,5,1543,11.7,ya-2026
/agenda-des-animations-du-haut-minervois/,post (blog),11,25,519,9.8,migrar
/association-riquet-et-son-canal/,page contenu,14,22,9610,9.2,migrar
/idee-cadeau-originale/,post (blog),15,21,174,9.0,migrar
/fiche/coccimarket-puicheric/,fiche,22,14,3197,7.1,ya-2026
/didier-garcia-un-artiste-inspire-par-le-canal-du-midi/,post (blog),17,19,1216,7.8,migrar
/carcassonne-le-plus-grand-train-du-pere-noel-de-france-attendu-le-22-decembre/,post (blog),10,26,404,10.7,migrar
/fiche/le-couvent/,fiche,27,8,1953,12.6,ya-2026
/categorie/produits-regionaux/,categorie listing,35,0,14,13.3,listado-2026
/agenda-des-animations-du-haut-minervois-2/,post (blog),12,23,637,16.8,migrar
/transport-fluvial-le-fret-bientot-de-retour-sur-le-canal-lateral/,post (blog),17,17,543,13.5,migrar
/leau-verte-du-canal-du-midi-plutot-trouble-inquiete-les-scientifiques/,post (blog),15,19,334,5.6,migrar
/des-visites-contees-de-saint-ferreol-avec-aime-phiores/,post (blog),15,19,116,3.4,migrar
/soiree-vigneronne-a-l-auberge-de-la-croisade-a-cruzy/,post (blog),18,16,122,17.1,migrar
/categorie/peniche/,categorie listing,32,2,145,49.7,listado-2026
/fiche/auberge-de-la-croisade/,fiche,21,13,2980,10.7,ya-2026
/fiche/hostel-toulouse-wilson/,fiche,20,14,7724,13.3,ya-2026
/ramonville-saint-agne-le-bmx-sinstalle-de-long-du-canal/,post (blog),12,22,149,7.9,migrar
/fiche/auberge-du-somail/,fiche,17,17,9357,11.3,ya-2026
/canal-du-midi-christian-lapalu-obtient-la-sauvegarde-des-arbres-sains/,post (blog),13,20,802,7.9,migrar
/fiche/a-labordage-moussaillon/,fiche,33,0,115,7.7,ya-2026
/a-%E2%80%AA%E2%80%AC-gruissan-aude-couche-de-soleil-sur-des-capechades-filets-et-nasses-traditionnelles-qui-sont-posees-dans-letang-pour-la-peche-a-languille/,post (blog),0,33,1369,8.6,migrar
/fiche/ecluse-de-villedubert/,fiche,16,17,819,8.3,ya-2026
/escale-a-sete-fete-les-350-ans-du-port/,post (blog),14,19,914,13.7,migrar
/aigues-mortes-festivites-de-printemps/,post (blog),14,18,1267,18.0,migrar
/fiche/grand-angle/,fiche,31,1,169,8.2,ya-2026
/fiche/ecluse-du-vivier/,fiche,16,16,580,7.5,ya-2026
/au-somail-renouveau-pour-la-maison-bonnal/,post (blog),14,18,106,8.0,migrar
/zone/carcassonne-homps/,zone/region,13,19,1679,20.3,no-migrar
/canal-du-midi-une-nouvelle-campagne-dabattage-de-platanes-dans-lherault/,post (blog),11,21,468,8.4,migrar
/les-lumieres-douces-des-ecluses-de-fonseranes/,post (blog),17,15,808,28.5,migrar
/robert-mornet-la-barque-de-poste-etait-lancetre-du-ter/,post (blog),13,18,470,7.5,migrar
/categorie/insolite/,categorie listing,30,1,497,27.8,listado-2026
/fiche/abbaye-cathedrale-de-saint-papoul/,fiche,26,5,593,17.7,ya-2026
/camping-a-la-ferme/,page legacy (2013-18),13,18,1499,46.8,no-migrar
/beziers-vers-une-nouvelle-vie-pour-le-quai-notre-dame/,post (blog),15,16,648,9.5,migrar
/fiche/la-marelle-chambres-dhotes/,fiche,20,11,1323,9.2,ya-2026
/fiche/la-canopee-dentelee-accrobranche/,fiche,13,18,7722,9.5,ya-2026
/fiche/ecluse-du-sanglier/,fiche,16,15,1009,7.9,ya-2026
/beziers-operation-nettoyage-du-canal-du-midi/,post (blog),12,19,145,6.7,migrar
/categorie/oenotourisme/,categorie listing,30,1,58,44.2,listado-2026
/toulouse-vingt-six-ans-de-canal-pour-loccitania/,post (blog),11,20,624,10.6,migrar
/fiche/maison-des-vins-du-minervois/,fiche,19,12,4320,7.9,ya-2026
/fiche/lauragais-tourisme/,fiche,28,2,712,19.9,ya-2026
/fiche/ecluse-de-gailhousty/,fiche,17,13,985,8.8,ya-2026
/auterive-31-programme-des-festivites-du-294-au-55/,post (blog),11,19,750,14.2,migrar
/saint-ferreol-les-14-tonnes-de-poissons-du-lac-de-saint-ferreol-vont-etre-au-regime-sec/,post (blog),11,19,542,12.6,migrar
/la-saint-sylvestre-aux-carrasses-capestang/,post (blog),13,17,126,11.2,migrar
/fiche/le-fournil-de-labastide/,fiche,17,13,2587,8.6,ya-2026
/toulouse-parvis-matabiau-canal-souterrain-esplanade-pietonne-et-tour-de-verre/,post (blog),9,21,1001,11.5,migrar
/fiche/ecluse-de-fontfile/,fiche,14,16,884,6.3,ya-2026
/vias-croisiere-musicale-sur-le-canal-du-midi-avec-loffice-de-tourisme/,post (blog),12,18,554,34.7,migrar
/toulouse-velos-pietons-pas-toujours-simple-de-se-croiser/,post (blog),11,19,190,9.0,migrar
/carcassonne-tout-le-programme-du-festival-off/,post (blog),11,19,684,18.9,migrar
/belle-innovation-chez-nicols-le-sixto-green-un-bateau-a-propulsion-electrique/,post (blog),16,14,854,22.4,migrar
/fiche/office-municipal-du-tourisme-de-mauguio-carnon/,fiche,19,11,2808,10.8,ya-2026
/vignoble-de-limoux/,page contenu,18,11,1714,21.4,revisar
/fiche/peniche-dondon/,fiche,28,1,172,7.5,ya-2026
/gardouch-le-bar-decluse-lestanquet-a-ouvert-ses-portes/,post (blog),11,18,2033,10.3,migrar
/port-la-nouvelle-que-les-fetes-commencent/,post (blog),11,18,1309,10.6,migrar
/recevoir-le-plan-du-canal-du-midi/,page contenu,29,0,22,7.5,revisar
/revel-un-14-juillet-tres-anime/,post (blog),9,20,904,9.5,migrar
/fiche/moulin-a-six-ailes-moulin-de-nailloux/,fiche,16,13,2524,10.0,ya-2026
/fiche/ecluse-de-la-criminelle/,fiche,14,15,416,10.2,ya-2026
/categorie/musees/,categorie listing,29,0,99,17.5,fusionar
/fiche/evadeo-cycles/,fiche,23,6,3041,20.4,ya-2026
/revel-son-beffroi-et-les-mille-saveurs-du-marche-de-plein-vent/,post (blog),14,14,1791,12.1,migrar
/association-patrimoine-et-culture/,page contenu,11,17,173,13.8,migrar
/fiche/le-moulin-den-bas/,fiche,13,15,385,8.6,ya-2026
/fiche/moulin-de-quint-cayras/,fiche,14,14,334,8.6,ya-2026
/apres-avoir-remonte-le-canal-du-midi-la-peniche-tourmente-arrive-a-bordeaux/,post (blog),15,13,253,9.2,migrar
/fiche/office-du-tourisme-grand-carcassonne-antenne-canal-du-midi/,fiche,19,9,1034,17.7,ya-2026
/categorie/auberge-collective/,categorie listing,27,1,107,26.8,fusionar
/pierre-paul-riquet-retour-sur-la-vie-du-batisseur-du-canal-du-midi/,post (blog),15,13,2054,14.2,migrar
/fiche/moulins-de-bangnols/,fiche,9,18,690,8.7,ya-2026
/fiche/ecluse-de-la-douce/,fiche,14,13,601,8.3,ya-2026
/fiche/ecluse-dherminis/,fiche,16,11,349,10.3,ya-2026
/post-category/vignobles/,post-category,26,1,16,33.0,no-migrar
/fiche/destinationauxsourcesducanaldumidi/,fiche,15,12,1455,10.5,ya-2026
/categorie/supermarche-epicerie/,categorie listing,19,8,527,9.9,fusionar
/fiche/ecluse-de-leveque/,fiche,11,16,654,7.5,ya-2026
/port-guery-entre-poilhes-et-capestang-34/,post (blog),11,16,188,9.5,migrar
/region/villefranche-de-lauragais/,zone/region,11,16,1541,8.8,no-migrar
/reouverture-du-restaurant-l-ile-aux-oiseaux-a-bram/,post (blog),8,18,1718,10.9,migrar
/wp-content/uploads/2016/07/Animations-Aout.pdf,tech/other,0,26,1912,13.8,no-migrar
/visiter-marseillan/,page contenu,21,5,1200,21.8,revisar
/attention-en-raison-des-degats-occasionnes-sur-le-canal-du-midi-par-les-crues-dans-les-departements-de-laude-et-lherault/,post (blog),10,16,226,9.2,migrar
/fiche/abbaye-de-fontcaude/,fiche,15,11,564,11.3,ya-2026
/fiche/france-bike/,fiche,26,0,11,6.3,ya-2026
/location-de-canoe-kawak/,page legacy (2013-18),9,17,564,13.2,no-migrar
/midi-pyrenees-haute-garonne-toulouse-une-petition-reclame-larret-de-labattage-des-platanes-du-canal-du-midi/,post (blog),14,12,159,8.7,migrar
/fiche/le-neptune-chambres-dhotes/,fiche,15,11,3043,12.3,ya-2026
/menu-de-noel-au-restaurant-l-eclusier-a-colombiers-34/,post (blog),9,17,264,11.7,migrar
/vignobles-du-languedoc/,page contenu,13,13,1140,31.2,migrar
/fiche/ecluse-de-cesse/,fiche,14,12,573,18.9,ya-2026
/categorie/brasserie-snack/,categorie listing,21,5,236,16.0,fusionar
/fiche/ecluse-de-sauzens/,fiche,12,14,197,7.3,ya-2026
/fiche/ecluse-de-saint-sernin/,fiche,15,10,203,9.4,ya-2026
/toulouse-bientot-des-navettes-sur-la-garonne-et-le-canal-du-midi-marches-flottants-sur-la-garonne-navettes-sur-le-canal-du-midi-ou-le-canal-de-brienne-pour-se-rendre-au-stade-bateaux-de-fret-po/,post (blog),8,17,450,9.5,migrar
/fiche/ecluse-de-la-domergue/,fiche,16,9,323,11.3,ya-2026
/fiche/campings-les-mediterranees/,fiche,24,1,976,25.4,ya-2026
/fiche/ecluse-double-de-fresquel/,fiche,9,16,821,9.3,ya-2026
/2824/,post (blog),12,13,433,10.6,migrar
/fiche/la-roulotte-de-negra/,fiche,25,0,0,,ya-2026
/fiche/camping-de-montolieu/,fiche,24,0,3418,25.6,ya-2026
/fiche/a-loree-des-vignes/,fiche,22,2,772,13.5,ya-2026
/fiche/eaurizon-activite-et-formation-eaux-vives/,fiche,20,4,746,11.8,ya-2026
/rustiques-11-un-nouveau-gite-a-ouvert/,post (blog),12,12,97,7.7,migrar
/fiche/france-a-velo/,fiche,23,1,18,9.7,ya-2026
/fiche/ibis-styles/,fiche,12,12,3584,13.9,ya-2026
/fiche/les-canalous-carcassonne/,fiche,22,2,278,8.8,ya-2026
/des-amenagements-pour-rendre-le-canal-du-midi-plus-agreable-devant-la-gare-matabiau-a-toulouse/,post (blog),10,14,779,20.1,migrar
/beziers-ecluses-de-fonseranes-lancement-des-travaux-le-4-mars/,post (blog),14,10,305,19.6,revisar
/montgiscard-patrimoine-la-commune-lance-un-club-des-mecenes/,post (blog),10,14,194,8.1,migrar
/categorie/bateau-restaurant/,categorie listing,20,4,212,26.6,fusionar
/carcassonne-chai-moi/,post (blog),8,16,263,10.2,migrar
/categorie/services/,categorie listing,24,0,60,49.1,fusionar
/narbonne-sous-le-pave-de-cite-des-mosaiques-gallo-romaines/,post (blog),9,14,386,7.1,migrar
/fiche/loffice-de-tourisme-la-domitienne/,fiche,17,6,998,12.6,ya-2026
/carcassonne-le-petit-train-de-la-cite/,post (blog),10,13,3950,11.7,migrar
/narbonne-nettoyage-du-canal-de-la-robine-2/,post (blog),8,15,166,11.2,migrar
/toulouse-canal-du-midi-vnf-veut-construire-de-nouveaux-chalets/,post (blog),11,12,273,11.1,migrar
/revel-sur-les-traces-de-pierre-paul-riquet-tourisme-industriel-saint-ferreol/,post (blog),4,19,867,9.8,migrar
/dans-les-remparts-de-lacropole-biterroise-patrimoine-u-au-pied-de-la-cathedrale-saint-nazaire-le-visiteur-admire-la-muraille-qui-reprend-le-trace-medieval-de-la-ville/,post (blog),9,14,501,8.1,migrar
/villesequelande-presentation-du-projet-de-film-le-songe-de-naurouze/,post (blog),6,17,185,6.2,migrar
/gastronomie-canal-du-midi/,page contenu,10,13,410,14.2,migrar
/sur-le-canal-du-midi-embarquez-sur-les-peniches-toulouse/,post (blog),12,11,1883,34.0,revisar
/visiter-castelnaudary/,page contenu,16,7,1950,21.3,revisar
/tour-doccitanie-parvis-devant-la-gare-matabiau-les-dernieres-infos-sur-ces-projets/,post (blog),15,7,561,10.8,revisar
/fiche/les-canalous-agde/,fiche,18,4,203,9.3,ya-2026
/fiche/moulin-de-passelegue/,fiche,13,9,132,6.8,ya-2026
/trebes-marche-gourmand-sur-les-berges-du-canal/,post (blog),9,13,1650,10.4,migrar
/fiche/la-gorge-fraiche-biere-artisanale-craft-beer/,fiche,15,7,1476,8.1,ya-2026
/carcassonne-huit-platanes-abattus-en-centre-ville/,post (blog),9,13,163,9.3,migrar
/fiche/la-balade-du-canal/,fiche,21,1,69,9.4,ya-2026
/moi-jean-pigasse-ouvrier-du-canal-2/,post (blog),9,13,245,7.5,migrar
/agen-le-canal-est-mis-en-chomage-technique-jusquen-mars/,post (blog),8,14,775,16.1,migrar
/carcassonne-premier-marathon-cest-un-veritable-succes/,post (blog),7,14,260,7.7,migrar
/fiche/les-canalous-colombiers/,fiche,21,0,0,,ya-2026
/zone/toulouse-castelnaudary/,zone/region,9,12,2283,31.6,no-migrar
/categorie/shopping/,categorie listing,21,0,40,11.7,fusionar
/larc-en-ciel-color-me-rad-a-illumine-toulouse/,post (blog),7,14,656,8.1,migrar
/categorie/roulotte/,categorie listing,18,3,79,8.9,fusionar
/categorie/bar/,categorie listing,21,0,2284,9.0,fusionar
/fiche/moulins-de-laffon/,fiche,14,7,230,9.3,ya-2026
/ramonville-les-vedettes-du-canal/,post (blog),13,8,358,12.4,revisar
/castelnaudary-grand-bassin-une-renovation-qui-invite-a-la-promenade/,post (blog),7,14,470,18.5,migrar
/pouzols-minervois-bouteille-originale-au-domaine-claude-guibbert/,post (blog),8,13,192,11.2,migrar
/lauragais-la-douce-vie-du-pays-de-cocagne/,post (blog),8,13,609,11.9,migrar
/castelnaudary-belle-et-chaurienne-depuis-un-demi-siecle/,post (blog),8,13,1773,9.8,migrar
/fiche/port-de-fresquel/,fiche,18,3,146,14.8,ya-2026
/fiche/ecluse-de-la-mediterranee/,fiche,14,6,284,20.2,ya-2026
/fiche/ecluse-dognon/,fiche,11,9,790,6.5,ya-2026
/canal-du-midi-lubuesque-sacrifice-de-700-peupliers-tout-juste-plantes/,post (blog),7,13,241,6.1,migrar
/fiche/cerise-carcassonne-sud/,fiche,13,7,5601,12.7,ya-2026
/fiche/ecluse-de-villeseque/,fiche,13,7,643,8.1,ya-2026
/rramonville-saint-agne-port-technique-la-peniche-sera-rallongee-de-10-metres/,post (blog),9,11,204,10.4,revisar
/fiche/le-clos-saint-loup/,fiche,12,8,3577,12.1,ya-2026
/navigation/croisieres-fluviales/,page contenu,20,0,1440,62.8,revisar
/fiche/gite-lo-castel/,fiche,9,11,1251,11.0,ya-2026
/le-reseau-acteur-canal-du-midi/,page contenu,15,5,383,6.5,revisar
/castelnaudary-le-programme-des-animations-de-noel/,post (blog),15,5,179,12.0,revisar
/fiche/cap-camargue/,fiche,7,13,4673,12.6,ya-2026
/fiche/ecluse-de-truilhas/,fiche,15,5,147,8.9,ya-2026
/fiche/le-bistrot-de-colombiers/,fiche,11,8,3905,10.4,ya-2026
/marseillette-le-canal-du-midi-pour-les-randonneurs/,post (blog),6,13,346,9.0,migrar
/fiche/alizea-beach/,fiche,10,9,3963,11.6,ya-2026
/bonrepos-riquet-la-glaciere-de-riquet-a-visiter/,post (blog),8,11,156,6.6,revisar
/categorie/boulangerie-patisserie/,categorie listing,14,5,801,10.8,fusionar
/port-la-nouvelle-festivites-pour-la-deuxieme-quinzaine-de-juillet/,post (blog),6,13,612,9.2,migrar
/visiter-cap-dagde/,page contenu,11,8,16492,16.6,revisar
/il-est-le-chaudronnier-des-bateaux-depuis-sa-rencontre-avec-le-stella/,post (blog),6,13,164,8.6,migrar
/montgiscard-31-le-113-devient-la-brasserie-de-lecluse/,post (blog),6,13,546,11.1,migrar
/le-role-de-leclusier-moderne-sur-le-canal-du-midi/,post (blog),8,11,599,15.2,revisar
/fiche/ecluse-de-saint-cyr/,fiche,10,9,161,8.4,ya-2026
/toulouse-tour-occitanie-a-matabiau-des-hauts-et-debat/,post (blog),8,11,885,15.7,revisar
/azille-programme-de-la-feria/,post (blog),7,12,173,7.1,migrar
/entre-atlantique-et-mediterranee-zoom-sur-une-piste-cyclable-de-800-km-qui-traverse-toulouse/,post (blog),10,9,747,22.5,revisar
/au-somail-les-concerts-de-l-auberge-du-somail-argens-les-concerts-de-la-guinguette/,post (blog),13,5,623,11.0,revisar
/a-toulouse-200-volontaires-vont-nettoyer-les-berges-de-la-garonne-et-du-canal-du-midi-a-linitiative-de-la-mairie-de-toulouse-des-benevoles-de-tous-les-quartiers-toulousains-traverses-par-la-garon/,post (blog),6,12,216,9.9,migrar
/escalquens-decouvrez-le-jardin-pamplemousses/,post (blog),8,10,3059,14.2,revisar
/une-course-au-bord-du-canal-du-midi-est-organisee-entre-gardouch-et-renneville/,post (blog),9,9,110,13.3,revisar
/le-canal-du-midi-est-en-fete-ce-week-end-le-programme-des-festivites/,post (blog),7,11,153,26.0,revisar
/fiche/moulins-de-pexiora/,fiche,10,8,151,8.6,ya-2026
/vnf-rappelle-les-bonnes-pratiques-en-periode-estivale-sur-lensemble-du-domaine-public-fluvial/,post (blog),6,12,767,7.1,migrar
/castelnaudary-le-boat-un-rayonnement-international/,post (blog),8,10,1391,15.0,revisar
/fiche/ecluse-de-pechlaurier/,fiche,10,8,524,7.6,ya-2026
/fiche/moulin-de-cugarel/,fiche,10,8,1341,8.8,ya-2026
/la-fabuleuse-histoire-de-monsieur-riquet/,post (blog),8,10,992,9.6,revisar
/mot-cle/reparation-de-velos/,tech/other,9,9,121,10.9,no-migrar
/aude-alzonne-voie-verte-du-canal-chantier-de-securisation-en-cours/,post (blog),5,13,209,8.1,migrar
/canal-du-midi-labattage-de-platanes-pres-de-toulouse-inquiete-les-professionnels-du-tourisme/,post (blog),9,9,245,15.5,revisar
/fiche/relax-bike-tours-and-rentals-canal-du-midi/,fiche,17,1,513,23.3,ya-2026
/a-‪‬-gruissan-aude-couche-de-soleil-sur-des-capechades-filets-et-nasses-traditionnelles-qui-sont-posees-dans-letang-pour-la-peche-a-languille/,post (blog),17,0,0,,revisar
/balades-contees-a-saint-fe-avec-aime/,post (blog),9,8,97,5.8,revisar
/marie-therese-delaunay-sous-prefete-pour-le-canal-du-midi/,post (blog),6,11,433,7.4,revisar
/region/villemoustaussou/,zone/region,11,6,68,5.9,no-migrar
/fiche/hotel-imperator/,fiche,14,3,240,12.1,ya-2026
/guy-perrin-immortalise-paul-riquet-dans-le-marbre/,post (blog),7,10,82,7.4,revisar
/la-tourmente-fait-escale-a-carcassonne/,post (blog),7,10,108,7.9,revisar
/fiche/ecluse-de-guerre/,fiche,12,5,268,13.3,ya-2026
/canal-seuls-40-arbres-seront-abattus-a-carcassonne/,post (blog),12,5,82,7.6,revisar
/a-velo-le-long-du-canal-des-deux-mers-entre-royan-et-sete/,post (blog),5,12,403,8.6,migrar
/agenda-auterive-31190/,post (blog),6,11,1248,10.1,revisar
/toulouse-une-vingtaine-de-platanes-abattue-le-long-du-canal-du-midi/,post (blog),6,11,581,11.5,revisar
/31-musees-chateaux-eglises-a-visiter/,post (blog),5,12,417,11.2,migrar
/carcassonne-festival-2014/,post (blog),9,8,129,7.3,revisar
/post-category/associations/,post-category,8,9,98,4.8,no-migrar
/beziers-un-eclairage-de-noel-plus-colore-cette-annee-fete-aux-443-motifs-de-decoration-dans-la-ville/,post (blog),6,11,607,11.6,revisar
/laventure-tranquille-avec-les-bateaux-toulousains/,post (blog),7,10,2031,20.6,revisar
/le-canal/,page contenu,16,1,754,58.5,revisar
/beziers-l-ile-des-eclusiers-a-fonserane/,post (blog),8,9,195,11.0,revisar
/patrimoine-une-journee-a-la-visite-du-monde-de-lolive-et-du-somail/,post (blog),8,9,215,7.7,revisar
/cultivons-nous-le-long-du-canal-du-midi/,post (blog),14,3,105,11.2,revisar
/le-pont-canal-sauve-des-eaux-grands-chantiers/,post (blog),7,9,246,24.3,revisar
/tout-na-pas-encore-ete-dit-sur-le-canal-et-son-histoire/,post (blog),10,6,167,8.5,revisar
/toulouse-les-marches-flottants-a-labordage-du-canal-du-midi-et-de-la-garonne/,post (blog),5,11,330,10.3,revisar
/fiche/ecluse-simple-de-fresquel/,fiche,7,9,705,10.3,ya-2026
/carcassonne-le-maire-gerad-larrat-recu-en-juillet-a-lelysee-pour-le-dossier-operation-grand-site/,post (blog),9,7,733,6.1,revisar
/fiche/le-velo-voyageur/,fiche,16,0,66,6.9,ya-2026
/villemoustaussou-la-mijane-lance-la-conversion-de-son-vignoble-en-bio/,post (blog),7,9,178,9.5,revisar
/villefranche-de-lauragais-une-course-a-pied-citoyenne/,post (blog),7,9,141,8.1,revisar
/narbonne-marie-therese-sur-la-robine-tourisme-fluvial/,post (blog),6,10,267,7.2,revisar
/fiche/moulin-de-juffet/,fiche,8,8,596,8.3,ya-2026
/avis-defavorable-pour-le-projet-de-classement-des-abords-du-canal-du-midi/,post (blog),7,9,110,7.3,revisar
/un-comite-de-scientifiques-planche-sur-lavenir-du-canal-du-midi-et-ses-enjeux-alors-que-la-region-occitanie-a-lance-un-comite-de-bien-pour-le-canal-du-midi-des-scientifiques-se-regroupent-pour-echa/,post (blog),8,8,103,7.4,revisar
/a-colombiers-34440-la-peniche-oz/,post (blog),9,7,304,14.6,revisar
/a-la-decouverte-du-restaurant-le-foudre-a-homps/,post (blog),7,9,1694,9.6,revisar
/fiche/chateau-les-carrasses/,fiche,16,0,0,,ya-2026
/visiter-beziers/,page contenu,14,2,1100,22.6,revisar
/fiche/nautal/,fiche,12,4,1788,9.6,ya-2026
/fiche/ecluse-de-la-peyruque/,fiche,7,8,329,8.5,ya-2026
/region/bessan/,zone/region,7,8,114,5.5,no-migrar
/beziers-les-ecluses-de-fonseranes-mises-a-lhonneur/,post (blog),10,5,111,12.9,revisar
/neotera-la-passion-du-terroir/,post (blog),6,9,1104,7.7,revisar
/fiche/vinauberge/,fiche,14,1,181,10.1,ya-2026
/categorie/location-saisonniere/,categorie listing,15,0,79,62.9,fusionar
/pour-feter-ses-350-ans-le-canal-du-midi-soffre-un-film-avec-bernard-le-coq/,post (blog),6,9,204,9.1,revisar
/des-dons-pour-sauver-le-canal-du-midi/,post (blog),8,7,293,7.2,revisar
/revel-31-itineraire-artistique-dans-les-commerces/,post (blog),7,8,124,11.3,revisar
/languedoc-roussillon-aude-narbonne-narbonne-la-ville-nettoie-le-canal-de-la-robine-pour-lui-redonner-tout-son-eclat/,post (blog),7,8,78,19.2,revisar
/lauberge-du-somail-nouvelle-carte-a-decouvrir/,post (blog),5,10,556,15.4,revisar
/fiche/mas-de-be-bellegou/,fiche,10,5,620,8.7,ya-2026
/fiche/la-maison-du-cassoulet/,fiche,8,7,1949,12.1,ya-2026
/fiche/laur-blan/,fiche,14,1,338,8.0,ya-2026
/castelnaudary-le-comptoir-des-saveurs/,post (blog),4,11,417,10.3,revisar
/castelnaudary-silence-on-tourne/,post (blog),5,10,216,7.5,revisar
/wp-content/uploads/2016/02/2016-page-9-le-bulletin-.pdf,tech/other,0,15,213,13.6,no-migrar
/lespace-culturel-georges-duret-mediatheque-de-port-la-nouvelle/,post (blog),8,7,2709,9.8,revisar
/fiche/cafe-du-port/,fiche,15,0,128,6.8,ya-2026
/fiche/hotel-de-bordeaux/,fiche,14,1,1398,11.6,ya-2026
/beziers-sur-le-canal-du-midi-les-9-ecluses-de-fonseranes-font-peau-neuve-13-millions-deuros-pour-18-mois-de-travaux-de-restauration/,post (blog),8,7,260,28.3,revisar
/fiche/ecluse-de-guillermin/,fiche,8,6,253,8.5,ya-2026
/fiche/office-de-tourisme-intercommunal-aux-sources-du-canal-du-midi-communaute-de-communes-lauragais-revel-soreze/,fiche,7,7,3009,14.5,ya-2026
/fiche/septimania/,fiche,8,6,613,7.7,ya-2026
/region/mirepeisset/,zone/region,5,9,159,11.2,no-migrar
/carcassonne-circulation-et-stationnement-les-contraintes-du-tour/,post (blog),5,9,736,9.5,revisar
/toulouse-decouvrez-la-peniche-samsara/,post (blog),10,4,2016,17.7,revisar
/fiche/la-terrasse-du-port/,fiche,10,4,255,7.8,ya-2026
/castelnaudary-peche-miraculeuse-au-canal-pour-la-saint-jean/,post (blog),5,9,319,10.8,revisar
/categorie/commerce/,categorie listing,14,0,22,7.0,fusionar
/trebes-loffice-de-tourisme-repere-de-sculpteurs/,post (blog),7,7,355,12.2,revisar
/julot-sur-le-canal-du-midi-un-voyage-illustre-pour-tous/,post (blog),5,9,165,5.7,revisar
/castelnaudary-labattage-continue-a-lentree-de-la-ville/,post (blog),5,9,88,5.8,revisar
/fiche/chateau-auzias-pretlongue/,fiche,10,4,327,14.2,ya-2026
/fiche/la-tour-sarrrasine/,fiche,13,1,274,10.8,ya-2026
/fiche/camping-les-auberges/,fiche,12,2,164,8.6,ya-2026
/aude-visitez-la-marie-therese-a-lecluse-de-mandirac/,post (blog),5,9,652,9.0,revisar
/fiche/ecluse-de-gay/,fiche,7,7,408,7.8,ya-2026
/restaurant-l-eclusier-a-colombiers-34-premiere-musicale/,post (blog),5,9,525,10.9,revisar
/fiche/le-vauban/,fiche,10,4,694,11.8,ya-2026
/biterrois-louis-xiv-flotte-sur-le-canal/,post (blog),4,10,183,11.4,revisar
/les-anglais-et-le-canal-du-midi-une-longue-histoire-damour/,post (blog),5,9,192,9.9,revisar
/sete-sale-temps-pour-les-platanes-de-lesplanade/,post (blog),6,8,207,8.0,revisar
/fiche/hotel-ibis/,fiche,11,3,672,11.6,ya-2026
/murray-head-au-grand-test-des-terrasses-a-picarrou/,post (blog),5,8,193,22.8,revisar
/narbonne-le-chemin-de-halage-du-canal-est-ferme-jusquau-31-mai/,post (blog),6,7,123,10.6,revisar
/beziers-ot-beziers-mediterranee-visite-guidee-speciale-350-ans-du-canal-du-midi/,post (blog),5,8,318,34.3,revisar
/fiche/musee-du-verre/,fiche,10,3,266,12.0,ya-2026
/fiche/camping-les-peupliers/,fiche,12,1,557,24.6,ya-2026
/toulouse-le-capitole-devoile-son-plan-lumiere/,post (blog),3,10,472,10.1,revisar
/auterive-programme-festivites-du-mois-de-mars/,post (blog),4,9,472,21.1,revisar
/fiche/latelier-de-sebastien/,fiche,12,1,669,9.7,ya-2026
/fiche/le-pays-touristique-corbieres-minervois/,fiche,12,1,113,7.8,ya-2026
/carcassonne-fin-des-travaux-de-refection-au-port-du-canal/,post (blog),6,7,88,16.7,revisar
/fiche/velorail/,fiche,13,0,3,8.3,ya-2026
/argeliers-au-pays-de-marcelin-albert/,post (blog),5,8,169,10.9,revisar
/region/nailloux/,zone/region,5,8,116,6.8,no-migrar
/revel-la-frequentation-en-forte-hausse/,post (blog),7,6,315,11.2,revisar
/categorie/librairie/,categorie listing,11,2,228,12.7,fusionar
/le-canal-du-centre-partenaire-du-canal-du-midi/,post (blog),12,1,19,5.4,revisar
/conques-sur-orbiel-reveillon-de-lan-neuf-en-costume-du-moyen-age/,post (blog),6,7,135,7.1,revisar
/categorie/artisanat/,categorie listing,13,0,4,39.8,fusionar
/marseillan-34-des-aquarelles-dediees-a-la-lagune-de-thau-les-oeuvres-de-nicole-rogerie-sont-a-voir-a-la-mediatheque/,post (blog),5,7,96,7.8,revisar
/un-camping-ecologique-ephemere-installe-pendant-lete-pres-de-toulouse/,post (blog),5,7,1049,16.8,revisar
/fiche/la-pause-sous-le-pin/,fiche,10,2,215,16.1,ya-2026
/fiche/hotel-astoria/,fiche,8,4,1774,14.7,ya-2026
/fiche/la-brasserie-a-4-temps/,fiche,10,2,2517,12.1,ya-2026
/montady-les-grandes-manoeuvres-sur-letang-la-remise-en-etat-des-fosses-et-des-ouvrages-a-debute/,post (blog),4,8,234,19.3,revisar
/narbonne-un-chantier-tres-technique-rue-du-pont-des-marchands/,post (blog),3,9,289,26.7,revisar
/loisirs/croisieres-de-luxe/,page legacy (2013-18),5,7,1459,63.2,no-migrar
/une-classe-de-pujaut-au-fil-de-leau-sur-le-canal-du-midi/,post (blog),4,8,143,9.5,revisar
/navigation/,page contenu,11,1,83,65.3,revisar
/flourens-31-claire-cros-un-2e-roman/,post (blog),3,9,178,9.0,revisar
/region/ginestas/,zone/region,6,6,134,8.0,no-migrar
/visiter-narbonne/,page contenu,9,3,1610,12.7,revisar
/fiche/ecluses-de-saint-roch/,fiche,8,4,2228,10.1,ya-2026
/france-3-fete-les-350-ans-du-canal-du-midi-jeudi-17-mars/,post (blog),6,6,53,8.0,revisar
/ramonville-la-piste-cyclable-du-canal-du-midi-renovee/,post (blog),3,8,158,13.5,revisar
/protection-des-paysages-du-canal-du-midi/,post (blog),6,5,49,8.8,revisar
/a-la-rechercher-de-la-rigole-dessai-de-pierre-pol-riquet-dans-la-montagne-noire/,post (blog),6,5,64,14.3,revisar
/le-canal-du-midi-fete-sa-naissance/,post (blog),3,8,498,24.3,revisar
/beziers-sous-le-pont-canal-lhomme-se-veut-immortel/,post (blog),5,6,151,10.8,revisar
/embarquez-en-eau-douce/,post (blog),5,6,514,8.7,revisar
/post-category/actualites/page/2/,post-category,11,0,8,6.5,no-migrar
/cornebarrieu-31-une-soiree-autour-du-canal-du-midi/,post (blog),8,3,12,6.6,revisar
/fiche/enserune-oppidum-et-musee-archeologique-centre-des-monuments-nationaux/,fiche,9,2,206,34.9,ya-2026
/lezignan-corbieres-les-producteurs-ont-leur-marche-en-ville-pendant-tout-lete/,post (blog),5,6,675,11.8,revisar
/jean-marc-sabathe-mon-rapport-sur-le-canal-du-midi-est-decoiffant/,post (blog),3,8,461,8.6,revisar
/fiche/ecluse-des-minimes/,fiche,4,7,514,15.4,ya-2026
/vias-lete-au-rythme-des-planetes-avec-les-soirees-dobservation-des-etoiles/,post (blog),5,6,115,6.7,revisar
/region/ouveillan/,zone/region,6,5,115,19.1,no-migrar
/montgeard-animations-estivales-de-loffice-de-tourisme/,post (blog),4,7,152,7.9,revisar
/marseillan-aux-midi-pyreneens-bienvenue-chez-vous/,post (blog),5,6,544,11.0,revisar
/castelnaudary-le-canal-a-nouveau-navigable/,post (blog),6,5,190,19.3,revisar
/les-musees-du-lauragais-ouvrent-leurs-portes-de-nuit-les-musees-lauragais-ouvrent-leurs-portes-lors-dune-nocturne-a-loccasion-de-la-nuit-europeenne-des-musees/,post (blog),7,4,27,14.4,revisar
/decouvrez-le-canal-du-midi-en-louant-un-bateau-avec-clickboat/,post (blog),7,4,16383,53.8,revisar
/guide-pour-la-navigation-fluviale-technique-et-reglementation-en-100-questions-reponses/,post (blog),5,6,608,37.9,revisar
/chaimoi-la-nouvelle-adresse-bistronomique-a-carcassonne/,post (blog),3,8,380,10.0,revisar
/revel-une-seance-de-cinema-en-plein-air-avec-pierre-paul-riquet-a-saint-ferreol/,post (blog),5,6,256,10.2,revisar
/revel-enigmes-au-musee-du-canal-du-midi/,post (blog),4,7,48,7.7,revisar
/didier-garcia-aquarelles-sur-le-canal-du-midi-suite/,post (blog),9,2,100,8.0,revisar
/minervois-simplement-un-livre-enchanteur/,post (blog),2,9,224,8.1,revisar
/et-vogue-2017-pour-le-bateau-loccitania/,post (blog),5,6,174,14.3,revisar
/fiche/vacanceole-savanna-beach/,fiche,5,6,1297,10.6,ya-2026
/location-de-peniches-fluviales-sans-permis-avec-filovent/,post (blog),5,6,4711,43.1,revisar
/tour-de-france-a-velo-en-famille/,post (blog),4,7,225,8.4,revisar
/canal-lateral-a-la-garonne-un-mur-vegetalise-sera-erige-pour-proteger-toulouse-du-bruit-du-periph/,post (blog),5,6,272,16.8,revisar
/carcassonne-un-atelier-du-livre/,post (blog),4,7,202,10.4,revisar
/saint-nazaire-d-aude-et-argeliers/,post (blog),5,6,486,19.0,revisar
/ramonville-saint-agne-a-velo-ou-a-cheval-sur-les-berges-du-canal/,post (blog),4,7,168,12.5,revisar
/fiche/moulin-a-huile-de-la-restanque/,fiche,8,3,203,9.6,ya-2026
/fiche/restaurant-motel-lenclos/,fiche,8,3,1873,15.2,ya-2026
/domaine-de-bonrepos-riquet-les-portes-des-communs-restaurees/,post (blog),6,5,174,9.0,revisar
/narbonne-le-pont-de-carcassonne-est-condamne/,post (blog),7,4,507,10.2,revisar
/la-peche-en-fete-au-canal/,post (blog),3,7,348,18.7,revisar
/beziers-nos-ancetres-les-gaulois-se-racontent-au-musee-culture-u-la-cite-des-sciences-et-de-lindustrie-a-cree-cette-exposition-visible-au-musee-du-biterrois-jusquen-aout/,post (blog),3,7,141,13.0,revisar
/exposition-de-lespace-culturel-le-chai-a-capendu/,post (blog),3,7,287,8.6,revisar
/le-somail-projet-a-la-maison-bonnal/,post (blog),5,5,293,7.0,revisar
/detail-halte-nautique/,page legacy (2013-18),4,6,99,15.0,no-migrar
/des-platanes-malades-abattus-a-beziers-le-long-de-la-route-de-sauvian/,post (blog),4,6,274,6.0,revisar
/services-utiles/taxis/,page legacy (2013-18),4,6,49,8.5,no-migrar
/region/pennautier/,zone/region,4,6,65,7.1,no-migrar
/mot-cle/animaux-acceptes/,tech/other,4,6,173,9.7,no-migrar
/un-diner-et-une-journee-chez-riquet/,post (blog),5,5,101,9.5,revisar
/ayguesvives-foire-du-fort-une-journee-tres-attendue/,post (blog),4,6,123,6.9,revisar
/nouvelle-carte-a-l-auberge-de-la-croisade-a-cruzy-34-2/,post (blog),4,6,379,24.0,revisar
/les-aines-de-valergues-sur-le-canal-du-midi/,post (blog),3,7,136,7.3,revisar
/le-pique-nique-des-chefs-revient-cette-annee/,post (blog),3,7,30,11.7,revisar
/0-09-17-aude-narbonne-construction-dune-salle-multimodale-la-phase-de-concertationpresentation/,post (blog),2,8,311,7.5,revisar
/castelnaudary-le-canal-du-midi-au-rythme-du-pas-de-lane/,post (blog),4,6,61,11.3,revisar
/fiche/cavedelormarine/,fiche,4,6,1644,10.2,ya-2026
/narbonnne/,post (blog),5,5,151,13.2,revisar
/grande-braderie-de-livres-a-carcassonne/,post (blog),4,6,184,10.8,revisar
/services-utiles/chantiers-navals/,page legacy (2013-18),3,7,86,8.4,no-migrar
/chenilles-processionnaires-lecopiege-concu-a-bages-11/,post (blog),7,3,110,9.4,revisar
/faire-la-fete-sur-le-canal-du-midi-a-toulouse-les-fabuleuses-croisieres-debarquent-pour-lete/,post (blog),4,6,149,31.0,revisar
/castelnaudary-marie-claude-coste-expose-a-la-galerie-113/,post (blog),3,7,436,4.6,revisar
/ramonville-que-serait-le-canal-sans-ses-platanes/,post (blog),5,4,52,9.9,revisar
/le-canal-du-midi-haut-lieu-du-skate/,post (blog),3,6,528,4.2,revisar
/tourisme-la-renaissance-du-canal-du-midi/,post (blog),4,5,114,17.0,revisar
/carcassonne-esplanade-gambetta-le-retour-du-jardin/,post (blog),3,6,549,9.3,revisar
/activites-de-pleine-nature-a-puicheric-eaurizon-et-axat/,post (blog),4,5,192,19.4,revisar
/region/mas-saintes-puelles/,zone/region,3,6,348,10.8,no-migrar
/narbonne-cloture-du-bicentenaire-viollet-le-duc/,post (blog),3,6,267,7.3,revisar
/casting-a-gruissan-pour-la-serie-le-sang-de-la-vigne-avec-pierre-arditi/,post (blog),2,7,366,9.8,revisar
/fiche/moulin-de-villeneuve-la-comptal/,fiche,5,4,226,13.6,ya-2026
/leconomie-du-canal-du-midi-au-coeur-de-la-conference-de-florent-bastoul/,post (blog),5,4,48,4.3,revisar
/platanes-malades-du-canal-du-midi-un-remede-a-lessai/,post (blog),3,6,81,13.1,revisar
/detente-en-dragon-boat-sur-le-canal-du-midi/,post (blog),4,5,31,11.2,revisar
/beziers-poissons-morts-le-canal-ne-sera-pas-remis-en-eau-nature-u-la-secheresse-trop-importante-qui-sevit-cette-annee-est-a-lorigine-de-cette-catastrophe-naturelle/,post (blog),3,6,158,7.6,revisar
/gardouch-enquete-mais-combien-de-bateaux-y-a-t-il-au-fond-du-canal-du-midi/,post (blog),4,5,136,12.7,revisar
/toulouse-venez-feter-le-14-juillet-sur-l-occitania/,post (blog),4,5,39,7.4,revisar
/en-paddle-de-locean-a-la-mediterranee/,post (blog),5,4,115,7.8,revisar
/demande-de-location-de-bateau/,page contenu,9,0,213,41.0,no-migrar
/capestang-balades-vigneronnes-le-domaine-moulin-gimie-joue-les-prolongations/,post (blog),3,6,178,7.4,revisar
/la-cie-merversible-sinstalle-a-la-minoterie-de-naurouze/,post (blog),3,6,91,9.6,revisar
/revel-barrage-de-saint-ferreol-un-chantier-titanesque-grands-chantiers-amenagement/,post (blog),7,2,18,7.7,revisar
/beziers-sur-le-canal-du-midi-le-site-des-neuf-ecluses-va-subir-un-important-lifting-tourisme-elles-sont-le-3e-site-le-plus-visite-du-languedoc-roussillon-avec-450-000-visiteurs-par-an/,post (blog),4,5,179,16.7,revisar
/capestang-l-eau-de-septe-a-ete-presentee-le-long-du-canal-du-midi/,post (blog),7,2,35,11.2,revisar
/castelnaudary-lhotel-du-canal-parie-sur-lavenir-economique/,post (blog),4,5,116,11.1,revisar
/trebes-11-jazz-o-canal-sur-le-port-samedi-soir/,post (blog),5,4,57,12.5,revisar
/le-club-des-entreprises-mecenes-selargit/,post (blog),4,5,207,15.3,revisar
/video-sur-le-canal-du-midi/,post (blog),4,5,69,18.6,revisar
/haute-garonne-bernard-le-coq-va-incarner-pierre-paul-riquet-tournage-un-film-va-retracer-la-vie-de-linventeur-du-canal-du-midi-avec-bernard-le-coq-dans-le-role-titre/,post (blog),3,6,607,19.0,revisar
/a-lecart-du-tumulte-le-peuple-du-canal-du-midi-perpetue-350-ans-de-vie-sur-leau/,post (blog),3,6,115,7.6,revisar
/categorie/table-dhote/,categorie listing,4,5,115,14.0,fusionar
/rieux-minervois-le-canal-du-midi-vu-du-ciel/,post (blog),4,5,41,6.3,revisar
/fiche/restaurant-la-peniche-2/,fiche,9,0,265,17.4,ya-2026
/carcassonne-une-peniche-a-contre-courant/,post (blog),4,5,158,8.4,revisar
/le-lac-de-saint-ferreol-sera-bientot-vide/,post (blog),9,0,1,10.0,no-migrar
/lassociation-vivre-le-canal-et-le-tourmente-font-vivre-le-patrimoine-du-canal/,post (blog),3,6,271,6.4,revisar
/castelnaudary-il-se-fait-voler-son-velo-et-le-retrouve-en-vente-sur-internet-entre-juin-et-septembre-plusieurs-vols-de-velo-avaient-ete-commis-quai-du-port-a-castelnaudary-lune-des-victimes-a/,post (blog),4,5,187,8.5,revisar
/fiche/bb-domaine-mediterranee/,fiche,4,5,389,8.1,ya-2026
/actualites-a-la-peniche-capharnarhum-a-beziers/,post (blog),4,5,254,10.6,revisar
/capestang-les-aquarelles-de-daniel-fraisse-exposees-a-la-mediatheque/,post (blog),2,7,349,7.4,revisar
/4610/,post (blog),4,5,78,10.0,revisar
/la-guinguette-d-argens-ouvre-aujourd-hui/,post (blog),2,7,1797,10.9,revisar
/toulouse-des-machines-geantes-vont-envahir-le-centre-ville-debut-novembre/,post (blog),2,7,782,19.7,revisar
/visiter-carcassonne/,page contenu,8,1,1218,57.6,revisar
/le-canal-du-midi-de-long-en-large/,post (blog),6,3,83,27.1,revisar
/au-somail-le-canal-du-midi-fait-une-escale/,post (blog),4,5,537,15.0,revisar
/toulouse-embouchure-pour-une-maison-des-canaux-et-voies-deau/,post (blog),4,5,124,14.6,revisar
/trebes-chasses-au-tresor-et-visites-guidees/,post (blog),3,5,113,8.3,revisar
/beziers-le-quartier-des-neuf-ecluses-bientot-renove/,post (blog),2,6,155,12.5,revisar
/fiche/hotel-la-chartreuse/,fiche,4,4,1114,24.4,ya-2026
/zone/narbonne-port-la-nouvelle/,zone/region,3,5,463,19.8,no-migrar
/narbonne-le-street-fishing-appate-40-pecheurs/,post (blog),4,4,145,7.2,revisar
/france-3-en-tournage-a-narbonne/,post (blog),3,5,232,9.6,revisar
/post-category/navigation/,post-category,8,0,59,35.6,no-migrar
/alzonne-le-plein-dinfos-historiques-locales/,post (blog),3,5,42,6.5,revisar
/beziers-le-carrousel-de-noel-sur-la-place-du-forum/,post (blog),5,3,222,10.9,revisar
/canal-du-midi-leau-et-les-siecles-la-grande-histoire-millenaire-du-canal-du-midi-racontee-par-gwenaelle-guerlavais-et-arnaud-spani/,post (blog),4,4,170,26.2,revisar
/toulouse-approuve-le-trace-de-sa-3e-ligne-de-metro-prevue-pour-2024/,post (blog),3,5,577,16.2,revisar
/exposition-le-canal-du-midi-ligne-de-vie/,post (blog),3,5,25,7.8,revisar
/en-paddle-de-toulouse-a-sete/,post (blog),5,3,243,11.1,revisar
/trebes-les-poids-lourds-cest-fini-la-minervoise-refaite/,post (blog),2,6,139,10.7,revisar
/carcassonne-chomage-petits-travaux-et-plants-darbres/,post (blog),3,5,124,10.8,revisar
/les-platanes-du-canal-du-midi-remplaces-par-des-chenes-seules-deux-varietes-de-chene-ont-finalement-ete-retenues-pour-remplacer-les-platanes-malades-qui-bordent-le-canal-historique-reliant-toulouse-a/,post (blog),4,4,139,8.9,revisar
/region/saint-martin-lalande/,zone/region,4,4,57,17.3,no-migrar
/le-canal-du-midi-un-parcours-en-velo-au-fil-de-leau/,post (blog),8,0,0,,no-migrar
/carcassonne-le-club-daviron-a-fait-ses-debuts-au-lac-de-la-cavayere/,post (blog),4,4,212,10.9,revisar
/revel-le-tournage-du-film-sur-la-creation-du-canal-du-midi-le-songe-de-naurouze-est-reporte/,post (blog),3,5,108,9.3,revisar
/mot-cle/piscine/,tech/other,7,1,74,47.7,no-migrar
/fiche/le-clos-fleuri/,fiche,5,3,1198,20.8,ya-2026
/fiche/domloc-carcassonne/,fiche,5,3,409,20.1,ya-2026
/wp-content/uploads/2025/03/Depliant-version-numerique.pdf,tech/other,0,8,296,16.3,no-migrar
/fiche/office-de-tourisme-intercommunal-archipel-de-thau/,fiche,7,1,174,22.0,ya-2026
/pres-du-pont-de-guery-le-parcours-sportif-entre-poilhes-et-capestang-34/,post (blog),4,4,78,8.3,revisar
/pompertuzat-31-lart-est-dans-la-rue/,post (blog),2,6,237,8.2,revisar
/bernard-le-coq-joue-pierre-paul-riquet-si-je-navais-pas-ete-acteur-jaurais-ete-dans-le-batiment/,post (blog),3,5,769,11.2,revisar
/22-platanes-abattus-a-gardouch/,post (blog),3,5,19,4.1,revisar
/wp-content/uploads/2016/11/Animations-D%C3%A9cembre-1.pdf,tech/other,0,8,226,22.2,no-migrar
/ramonville-un-pas-de-plus-vers-un-port-sud-attractif/,post (blog),3,5,51,18.7,revisar
/wp-content/uploads/2014/06/Juillet.pdf,tech/other,0,8,516,15.9,no-migrar
/toulouse-larchitecte-star-dominique-perrault-redessine-un-quartier-oublie/,post (blog),4,4,183,18.2,revisar
/actualites-beziers-mediterranee-reouverture-de-la-maison-du-site-des-9-ecluses-sur-le-canal-du-midi/,post (blog),3,5,366,13.7,revisar
/complement-d-informations/,post (blog),3,5,238,16.1,revisar
/agde-anniversaire-un-spectacle-son-et-lumiere-pour-les-350-ans-du-canal-du-midi/,post (blog),3,4,189,11.0,revisar
/agde-une-premiere-reussie-pour-la-fete-du-fleuve/,post (blog),3,4,82,9.9,revisar
/le-chomage-du-canal-interdit-la-peche-sur-certains-biefs/,post (blog),2,5,121,7.5,revisar
/revel-cette-exposition-devoile-le-canal-du-midi-a-360-grace-a-votre-smartphone/,post (blog),4,3,24,10.1,revisar
/ramonville-la-peniche-spectacle-didascalie-en-cale-seche/,post (blog),4,3,365,12.6,revisar
/muret-le-canal-du-midi-passe-par-cine-veo/,post (blog),3,4,120,18.1,revisar
/toulouse-la-piste-cyclable-eclairee/,post (blog),2,5,75,5.5,revisar
/5872-2/,post (blog),3,4,90,9.0,revisar
/les-enfants-terribles-a-villeneuve-les-beziers/,post (blog),1,6,1080,10.5,revisar
/toulouse-le-saint-louis-la-peniche-aux-multiples-facettes/,post (blog),2,5,277,9.0,revisar
/villefranche-de-lauragais-samedi-le-pole-jeunesse-court-au-bord-du-canal/,post (blog),5,2,296,9.5,revisar
/toulouse-joan-busquets-et-la-tour-de-matabiau-il-faut-un-batiment-beau-et-durable/,post (blog),2,5,410,11.7,revisar
/aquarelle/,post (blog),4,3,66,6.6,revisar
/region/pexiora/,zone/region,3,4,93,8.5,no-migrar
/categorie/appartement-hotel/,categorie listing,6,1,375,33.0,fusionar
/bram-avant-le-traineau-le-pere-noel-voyage-en-train/,post (blog),2,5,114,10.9,revisar
/fiche/hotel-campanile-toulouse-sesquieres/,fiche,4,3,1556,12.4,ya-2026
/narbonne-la-mary-flore-a-besoin-dune-vague-de-solidarite/,post (blog),2,5,136,7.0,revisar
/castelsarrasin-renforce-son-tourisme-fluvial/,post (blog),1,6,677,11.4,revisar
/carcassonne-itineraire-autour-du-livre-d-artiste/,post (blog),2,5,60,16.2,revisar
/fiche/la-brasserie-alaryk/,fiche,6,1,107,19.5,ya-2026
/candidatures-pour-miss-aude-a-castelnaudary/,post (blog),3,4,100,7.5,revisar
/programme-musee-amphoralis-salleles-d-aude/,post (blog),1,6,277,13.2,revisar
/canal-un-potentiel-economique-majeur/,post (blog),5,2,84,7.9,revisar
/neige-dans-laude-et-lherault-toutes-les-images/,post (blog),3,4,515,10.9,revisar
/categorie/transfert-de-bagages/,categorie listing,7,0,4,9.3,fusionar
/12-3-canal/,post (blog),3,4,48,4.8,revisar
/wp-content/uploads/2016/05/News-mai.pdf,tech/other,0,7,118,11.4,no-migrar
/narbonne-la-mediatheque-du-grand-narbonne-presente-lexposition-de-gabriel-vitaux-aude-maritime-entre-mediterranee-et-via-domitia/,post (blog),3,4,97,13.5,revisar
/services-utiles/pharmacies/,page legacy (2013-18),5,2,159,10.9,no-migrar
/expositions-a-olonzac/,post (blog),3,4,64,9.0,revisar
/labarthe-sur-leze-31-conference-dun-passionne-sur-le-canal-du-midi/,post (blog),3,4,54,8.0,revisar
/fiche/hotel-le-top-du-roulier/,fiche,6,0,0,,ya-2026
/region/mauguio/,zone/region,2,4,481,39.2,no-migrar
/categorie/hostel/,categorie listing,5,1,35,32.8,fusionar
/riquet-au-fil-de-leau-chacun-sa-route-34-u-le-canal-du-midi-classe-par-lunesco-au-patrimoine-mondial-de-lhumanite-est-loeuvre-dune-vie-et-dun-h/,post (blog),3,3,101,9.5,revisar
/fiche/le-bouchon-chaurien/,fiche,6,0,26,7.2,ya-2026
/toulouse-sam-veut-relancer-le-transport-de-marchandises-sur-le-canal-du-midi/,post (blog),3,3,73,7.6,revisar
/bientot-du-canoe-et-du-stand-up-paddle-a-port-lauragais-a-port-lauragais-on-pourra-bientot-faire-du-canoe-ou-en-stand-up-paddle-presentation-de-ce-nouveau-service-avec-les-acteurs-du-tourisme-autour/,post (blog),3,3,334,12.1,revisar
/votre-demande-de-guide-est-valide/,page contenu,6,0,0,,no-migrar
/castres-canal-du-midi-le-coup-de-genie-de-riquet/,post (blog),2,4,147,7.5,revisar
/les-agents-de-vnf-se-mobilisent-pour-sauver-le-canal-des-deux-mers/,post (blog),3,3,138,7.8,revisar
/region/le-grau-du-roi/,zone/region,2,4,847,44.2,no-migrar
/fiche/le-relais-de-pigasse/,fiche,6,0,171,11.5,ya-2026
/revel-vincent-perez-en-concert-au-musee-du-canal-du-midi/,post (blog),1,5,115,5.3,revisar
/courir-pour-les-arbres-du-canal-du-midi-1-2-3-canal/,post (blog),3,3,25,6.3,revisar
/bonrepos-riquet-31-le-chateau-devoile-ses-plus-beaux-atours/,post (blog),1,5,459,36.6,revisar
/vendres-myriam-morard-signe-un-deuxieme-roman-historique/,post (blog),1,5,40,6.0,revisar
/mot-cle/parking-privatif/,tech/other,6,0,116,14.7,no-migrar
/revel-le-lac-de-saint-ferreol-va-etre-vide-cet-automne-a-partir-du-mois-doctobre-2016-le-lac-de-saint-ferreol-va-etre-vide-pour-cause-de-travaux-un-evenement-qui-narrive-quune-fois-tous-les-di/,post (blog),2,4,117,12.6,revisar
/beziers-sur-le-canal-du-midi-le-site-des-neuf-ecluses-va-subir-un-important-lifting/,post (blog),3,3,249,46.7,revisar
/palaja-marche-de-noel-les-reservations-sont-ouvertes/,post (blog),2,4,227,8.9,revisar
/trebes-la-ciutat-presente-sa-biere-ladies-au-domaine-des-peres/,post (blog),4,2,106,9.3,revisar
/demain-des-laube-feu-vert-pour-la-peche-a-la-truite/,post (blog),2,4,102,26.3,revisar
/apero-concert-le-dimanche-26-juin-a-argens-minervois-organise-par-comargens-association-de-vignerons-commercants-et-artisans-dargens/,post (blog),3,3,40,9.1,revisar
/mailhac-la-ville-et-le-canal-du-midi-mis-en-lumiere-par-le-photo-club/,post (blog),3,3,21,9.1,revisar
/marseillette-fete-de-la-saint-andre/,post (blog),1,5,23,5.3,revisar
/les-pontons-en-cours-de-pose-sur-la-rive-nord-du-grand-bassin-de-castelnaudary/,post (blog),2,4,142,7.6,revisar
/fiche/office-de-tourisme-au-coeur-des-collines-cathares/,fiche,5,1,743,7.5,ya-2026
/aude-le-songe-de-naurouze-un-film-consacre-a-riquet-createur-du-canal-du-midi/,post (blog),2,4,125,7.6,revisar
/une-aquarelle-du-canal-du-midi/,post (blog),5,1,65,5.4,revisar
/la-commune-de-salleles-au-generique-du-prochain-film-sur-pierre-paul-riquet/,post (blog),3,3,34,6.6,revisar
/les-laureats-du-prix-patrimoine-mondial-en-occitanie/,post (blog),2,4,52,6.3,revisar
/le-languedoc-roussillon-terre-daccueil-de-tournages-cinema-u-des-progres-consequents-depuis-dix-ans-49-oeuvres-differentes-ont-ete-filmees-sur-les-cinq-departements-en-2015/,post (blog),3,3,135,12.8,revisar
/fiche/restaurant-en-bonne-compagnie/,fiche,4,2,154,8.0,ya-2026
/toulouse-les-esquisses-qui-ont-dessine-la-future-tour-doccitanie/,post (blog),2,4,173,19.5,revisar
/la-recette-du-cassoulet-specialite-de-castelnaudary/,post (blog),5,1,248,41.7,revisar
/narbonne-sauver-les-platanes-pour-conserver-lattrait-du-canal-du-midi/,post (blog),3,3,132,8.5,revisar
/journee-decouverte-fluviale/,post (blog),4,2,91,27.2,revisar
/colombiers-34440-une-flotte-restauree-sur-le-canal-du-midi/,post (blog),5,1,21,9.9,revisar
/herault-beziers-les-9-ecluses-de-fonseranes-font-peau-neuve/,post (blog),4,2,98,10.4,revisar
/total-festum-investit-le-minervois/,post (blog),2,4,223,8.7,revisar
/carcassonne-vnf-suspend-provisoirement-labattage-des-platanes/,post (blog),1,5,183,10.4,revisar
/post-category/recits-de-voyage-sur-le-canal/,post-category,3,3,5,9.6,no-migrar
/photo-du-canal-entre-poilhes-et-capestang/,post (blog),2,4,69,18.1,revisar
/beziers-ville-et-agglo-sur-la-piste-du-deplacement-doux-jusqua-fonseranes/,post (blog),2,4,118,9.3,revisar
/castel-nautique-a-bram-nouveaute-2015-aller-simple-bramcapestang/,post (blog),2,4,220,11.6,revisar
/caunes-minervois-randonnee-pique-nique-et-patrimoine/,post (blog),2,4,145,11.6,revisar
/fiche/hotel-confort/,fiche,1,5,877,10.8,ya-2026
/si-le-canal-du-midi-metait-conte/,post (blog),1,5,303,8.2,revisar
/toulouse-randonnez-a-velo-sur-le-canal-du-midi/,post (blog),2,4,1982,76.8,revisar
/journee-porte-ouverte-a-la-cargolade-a-argeliers/,post (blog),1,5,165,6.1,revisar
/narbonne-sieste-musicale-mercredi-27-juillet-au-jardin-du-moulin-du-gua/,post (blog),3,3,26,5.5,revisar
/canal-du-midi-a-agde-les-berges-ont-besoin-detre-consolidees/,post (blog),2,4,270,29.3,revisar
/quai-n10-un-lieu-qui-fait-du-bien-ouvert-aux-gens-de-bons-sens-et-de-bonne-volonte/,post (blog),2,4,150,11.5,revisar
/la-redorte-premier-vernissage-a-la-maison-du-port/,post (blog),3,3,41,10.6,revisar
/canal-du-midi-et-si-les-peniches-redevenaient-des-moyens-de-transport/,post (blog),1,5,1633,1.2,revisar
/beziers-il-a-neige-sur-la-place-de-la-madeleine/,post (blog),2,4,143,10.1,revisar
/portiragnes-le-festival-canalissimo-a-devoile-sa-programmation-pendant-quatre-jours-levenement-promet-de-belles/,post (blog),5,1,30,15.4,revisar
/toulouse-hommage-au-createur-du-canal/,post (blog),2,4,74,7.1,revisar
/fiche/moulin-roques/,fiche,4,2,134,11.5,ya-2026
/post-category/le-canal/,post-category,6,0,1,5.0,no-migrar
/les-adieux-des-narbonnais-a-la-marie-therese-amarree-jeudi-sur-les-barques/,post (blog),2,4,125,10.2,revisar
/secheresse-restrictions-deau-a-venir-dans-laude/,post (blog),3,3,195,12.1,revisar
/ramonville-saint-agne-le-chancre-colore-nest-pas-une-fatalite/,post (blog),2,3,37,16.1,revisar
/castelnaudary-le-label-accueil-velo-sinstalle-en-ville-et-en-pays-lauragais/,post (blog),3,2,273,22.0,revisar
/region/azille/,zone/region,3,2,79,8.4,no-migrar
/123-canal-courez-solidaire/,post (blog),0,5,95,8.3,revisar
/renneville-laqueduc-des-voutes-cherche-ses-mecenes/,post (blog),3,2,136,9.9,revisar
/photo-du-canal-du-midi-entre-le-tunnel-du-malpas-et-colombiers/,post (blog),2,3,198,15.4,revisar
/beziers-decouverte-du-vin-a-fonseranes-terroir-et-degustations-tous-les-mardis-a-loffice-du-tourisme/,post (blog),3,2,93,9.5,revisar
/colombiers-34-des-expositions-originales-et-inattendues-a-la-maison-du-tourisme/,post (blog),2,3,130,12.0,revisar
/cent-vues-de-narbonne-dans-un-livre-de-laurent-bonneau/,post (blog),1,4,94,7.8,revisar
/narbonne-un-bassin-pour-l-aquagym-a-l-espace-de-liberte/,post (blog),1,4,355,17.5,revisar
/vins-aop-igp-bio/,page contenu,2,3,4250,41.4,revisar
/wp-content/uploads/2015/02/HERAULT-TRIBUNE-AGDE-AGDE-VIDEO-Ces-arbres-que-lon-abat-...La-vid%C3%A9o-de-Michel-SABATERY-H%C3%A9rault-Tribune.htm,tech/other,0,5,420,25.9,no-migrar
/oenotourisme-le-chateau-les-carrasses-initie-a-la-culture-du-vin-en-languedoc/,post (blog),4,1,35,9.6,revisar
/region/villedubert/,zone/region,2,3,198,9.2,no-migrar
/le-canal-a-lere-numerique/,post (blog),5,0,23,8.5,no-migrar
/une-croisiere-sur-le-canal-du-midi/,post (blog),1,4,101,9.9,revisar
/au-barrio-latino-sur-le-port-de-colombiers-34/,post (blog),2,3,26,6.7,revisar
/du-long-stationnement-a-la-casse-les-bateaux-aussi/,post (blog),2,3,259,10.1,revisar
/bize-minervois-lolivier-en-fete-du-matin-au-soir/,post (blog),2,3,303,11.1,revisar
/un-monde-de-delicatesse-a-la-biennale-internationale-daquarelle/,post (blog),3,2,115,14.7,revisar
/le-canal-du-midi-inspire-les-peintres-revelois/,post (blog),3,2,74,11.9,revisar
/revel-deux-jours-pour-lavenir-du-patrimoine/,post (blog),3,2,222,13.1,revisar
/toulouse-cest-reparti-pour-la-course-solidaire-du-canal-du-midi/,post (blog),3,2,14,5.7,revisar
/viollet-le-duc-regards-croises-a-lauditorium-de-carcassonne/,post (blog),3,2,111,5.4,revisar
/villeneuve-les-beziers-travaux-abattage-de-platanes/,post (blog),2,3,118,23.1,revisar
/region/alzonne/,zone/region,2,3,72,10.8,no-migrar
/zone/capestang-beziers/,zone/region,2,3,521,26.8,no-migrar
/le-port-du-canal-du-midi-point-de-rencontre-de-toutes-les-nationalites/,post (blog),3,2,67,22.0,revisar
/repas-concert-a-la-guinguette/,post (blog),5,0,1,10.0,no-migrar
/revel-le-musee-du-bois-et-de-la-marqueterie-retrouve-son-second-souffle/,post (blog),2,3,141,12.2,revisar
/colombiers-34-fetez-halloween-au-barrio-latino-sur-le-port/,post (blog),2,3,76,8.9,revisar
/loisirs/croisieres/,page legacy (2013-18),5,0,87,40.5,no-migrar
/agde-le-canal-du-midi-apres-le-passage-de-la-tronconneuse/,post (blog),3,2,8,6.4,revisar
/details-ports/,page legacy (2013-18),5,0,0,,no-migrar
/les-premiers-abattages-de-platanes-en-haute-garonne-sont-prevus-en-mars/,post (blog),3,2,63,13.8,revisar
/la-fresque-des-enfants-sur-le-canal-du-midi/,post (blog),2,3,33,8.0,revisar
/ramonville-saint-agne-aviron-sport-de-glisse-sur-le-canal-du-midi/,post (blog),2,3,119,10.0,revisar
/ventenac-en-minervois-une-guinguette-qui-depanne/,post (blog),2,3,205,9.7,revisar
/rustiques-decouvrez-les-ceramiques-de-gigi/,post (blog),1,4,22,7.2,revisar
/emploi-la-mairie-dayguesvives-recrute/,post (blog),2,3,162,11.7,revisar
/escale-a-sete-les-canaux-menent-a-voies-navigables-de-france/,post (blog),4,1,276,13.8,revisar
/castelnaudary-historique-de-lamenagement-du-port-de-plaisance/,post (blog),1,4,257,13.0,revisar
/region/auzeville/,zone/region,1,4,52,6.2,no-migrar
/trebes-la-chute-dun-arbre-dans-le-canal-du-midi/,post (blog),2,3,96,8.1,revisar
/lezignan-une-programmation-riche-et-variee-en-2014-a-lespace-gibert/,post (blog),2,3,55,14.3,revisar
/cet-ete-on-ne-manquera-pas-deau-dans-le-lauragais/,post (blog),1,4,126,10.2,revisar
/montolieu-le-cahier-des-patrimoines-du-cabardes-au-canal-du-midi/,post (blog),2,3,73,8.4,revisar
/le-samsara-et-son-equipe-organisent-six-croisieres-avec-concert-entre-le-pont-des-demoiselles-et-le-port-technique-de-ramonville/,post (blog),3,2,39,11.6,revisar
/dominique-trilles-intervient-au-conseil-general/,post (blog),2,3,93,8.1,revisar
/revel-incroyable-revelation-du-musee-canal-du-midi-expos-du-17062017-au-31082017/,post (blog),1,4,77,21.2,revisar
/agde-bientot-un-nouveau-visage-pour-le-canal-du-midi/,post (blog),3,2,18,12.3,revisar
/carcassonne-evadeo-cycles-le-tourisme-autrement/,post (blog),2,3,207,11.8,revisar
/castelnaudary-le-polar-de-christelle-rousseau-se-deroule-en-grande-partie-sur-les-bords-du-canal-du-midi/,post (blog),2,3,87,8.7,revisar
/beziers-apres-deux-ans-de-renovation-fonseranes-revit-avec-eclats/,post (blog),3,2,66,11.4,revisar
/castelnaudary-courir-pour-ceux-qui-nont-plus-de-souffle/,post (blog),2,3,72,8.5,revisar
/carcassonne-au-centre-de-laviron/,post (blog),2,3,305,14.3,revisar
/le-chateau-de-lunesco-a-stephane-bern/,post (blog),2,3,66,10.4,revisar
/region/blois/,zone/region,2,3,60,7.7,no-migrar
/region/frontignan/,zone/region,3,2,93,10.7,no-migrar
/region/montolieu/,zone/region,2,3,24,6.6,no-migrar
/salleles-d-aude-tournage-du-sang-de-la-vigne-avec-pierre-arditi/,post (blog),1,3,23,8.5,revisar
/wp-content/uploads/2014/04/140313_CP_BP_30ans.pdf,tech/other,0,4,64,18.5,no-migrar
/montolieu-11-journees-des-metiers-dart-samedi-209/,post (blog),2,2,44,16.1,revisar
/le-chateau-de-riquet-est-ouvert-tous-les-jours/,post (blog),2,2,187,17.4,revisar
/azille-un-petit-salon-so-british/,post (blog),1,3,8,3.8,revisar
/castanet-tolosan-la-grande-foule-pour-la-5e-edition/,post (blog),2,2,61,8.9,revisar
/trois-jours-de-fete-a-nissan-lez-enserune-festivites-les-19-20-et-21-juin/,post (blog),2,2,144,11.7,revisar
/canal-du-midi-apres-labattage-on-replante/,post (blog),3,1,107,9.2,revisar
/post-category/le-canal-a-velo/,post-category,4,0,12,38.1,no-migrar
/label-unesco-toulouse-mise-sur-leclairage/,post (blog),2,2,142,12.9,revisar
/chambres-dhotes/,page legacy (2013-18),3,1,271,52.4,no-migrar
/region/moussan/,zone/region,2,2,77,13.7,no-migrar
/marches-de-produits-locaux-a-port-lauragais-20-juin-2026/,2026,1,3,40,4.8,ya-2026
/loisirs/excursions/,page legacy (2013-18),4,0,0,,no-migrar
/mot-cle/garage-a-velo/,tech/other,3,1,31,25.7,no-migrar
/film-documentaire-la-fabuleuse-histoire-de-monsieur-riquet/,post (blog),1,3,52,8.9,revisar
/belle-entree-en-matiere-pour-le-tcc/,post (blog),1,3,145,8.9,revisar
/montferrand-ouverture-exceptionnelle-de-la-minoterie-de-naurouze/,post (blog),2,2,51,11.7,revisar
/muret-noel-avant-lheure-pour-les-pecheurs/,post (blog),1,3,28,6.2,revisar
/agenda-vnf-et-replantons-le-canal-du-midi/,post (blog),3,1,20,29.3,revisar
/la-fete-du-malpas/,post (blog),2,2,77,6.0,revisar
/tous-pour-riquet-et-son-songe-de-naurouze-le-cinema-pres-de-chez-vous-cine-club/,post (blog),3,1,37,6.6,revisar
/trebes-encore-des-platanes-abattus/,post (blog),1,3,63,8.4,revisar
/lecture-la-cite-de-carcassonne-dans-tous-ses-etats/,post (blog),1,3,66,10.8,revisar
/mot-cle/retrait-a-emporter/,tech/other,4,0,25,16.0,no-migrar
/la-statue-du-createur-du-canal-du-midi-devoilee-au-jardin-des-plantes-de-toulouse/,post (blog),2,2,226,8.5,revisar
/post-category/actualites/page/3/,post-category,4,0,0,,no-migrar
/6601-2/,post (blog),1,3,286,10.9,revisar
/entre-le-malpas-et-poilhes-34/,post (blog),0,4,54,36.1,revisar
/bram-canal-du-midi-des-tilleuls-a-la-place-des-platanes/,post (blog),2,2,32,10.0,revisar
/thomas-pesquet-immortalise-beziers-et-le-canal-du-midi-depuis-lespace/,post (blog),1,3,49,6.2,revisar
/region/ventenac-en-minervois/,zone/region,2,2,166,48.5,no-migrar
/labattage-des-platanes-du-canal-du-midi-a-commence-a-castanet-tolosan/,post (blog),1,3,205,21.8,revisar
/516-millions-deuros-pour-un-parc-historique-aux-portes-de-carcassonne/,post (blog),1,3,35,7.9,revisar
/louez-votre-bateau-offres-dernieres-minutes-super-promo/,post (blog),2,2,22,12.5,revisar
/beziers-les-neufs-ecluses-de-fonseranes-accueillent-de-nouveaux-residents/,post (blog),1,3,98,11.7,revisar
/fiche/hotel-heliot/,fiche,3,1,183,13.8,ya-2026
/actualites-vias-17eme-edition-du-challenge-de-joutes-nautiques-maurice-navarette-en-nocturne/,post (blog),3,1,74,12.5,revisar
/des-cypres-pour-remplacer-les-platanes/,post (blog),1,3,109,7.7,revisar
/herault-tribune-agde-agde-video-ces-arbres-que-lon-abat-la-video-de-michel-sabatery/,post (blog),2,2,262,9.5,revisar
/une-piste-cyclable-de-chaque-cote-du-canal-du-midi-en-2020-2021/,post (blog),0,4,165,9.5,revisar
/le-grand-celier-propose-des-degustations-sur-leau-le-somail/,post (blog),1,3,240,10.1,revisar
/actualites-beziers-croisiere-vins-tapas-sur-le-canal-du-midi/,post (blog),0,4,112,17.2,revisar
/les-agriculteurs-contre-le-classement-du-canal-du-midi/,post (blog),1,3,53,6.6,revisar
/transporteur-d-images/,post (blog),3,1,19,6.7,revisar
/message-de-v-n-f/,post (blog),2,2,20,9.5,revisar
/les-nouveaux-menus-a-lauberge-de-la-croisade-quarante/,post (blog),0,4,339,11.5,revisar
/capestang-nouveau-regard-sur-letang-menace-de-disparition/,post (blog),4,0,71,32.6,no-migrar
/agde-le-projet-de-port-fluvial-entre-dans-sa-phase-concrete/,post (blog),2,2,54,15.1,revisar
/toulouse-le-port-saint-sauveur-pavillon-bleu-pour-la-2e-annee/,post (blog),3,1,521,33.6,revisar
/rechercher-un-hebergement/,page legacy (2013-18),4,0,172,63.3,no-migrar
/beziers-et-les-350-ans-du-canal-du-midi/,post (blog),2,2,176,59.4,revisar
/services-utiles/,page legacy (2013-18),3,1,3,3.0,no-migrar
/toulouse-de-canaux-en-jardins/,post (blog),1,3,1595,46.2,revisar
/weekend-velo-et-vins-dans-les-corbieres/,post (blog),2,2,59,31.9,revisar
/canal-du-midi-le-chancre-colore-met-le-cap-sur-toulouse/,post (blog),1,3,67,46.1,revisar
/services-utiles/immobilier/,page legacy (2013-18),2,2,20,10.7,no-migrar
/lezignan-un-film-humoristique-a-laccent-local-vendredi-soir-au-palace/,post (blog),2,2,60,22.1,revisar
/castelnaudary-une-nouvelle-boulangerie/,post (blog),2,2,147,14.4,revisar
/vias-les-ouvrages-du-libron-se-visitent/,post (blog),3,1,93,33.9,revisar
/revel-le-canal-du-midi-attire-la-foule/,post (blog),3,1,35,6.8,revisar
/programme-des-vide-greniersbourse-aux-jouets-et-marche-de-noel-herault-et-aude-pres-du-canal/,post (blog),3,1,276,21.7,revisar
/toulouse-le-projet-de-couverture-du-canal-du-midi-devant-la-gare-matabiau-est-a-larret/,post (blog),1,3,78,6.8,revisar
/le-tour-de-france-va-sillonner-l-ouest-herault/,post (blog),2,2,37,6.8,revisar
/le-canal-du-midi-au-xixe-siecle/,post (blog),3,1,107,7.3,revisar
/fiche/la-villa-du-chai/,fiche,3,1,858,8.7,ya-2026
/developper-leco-tourisme-pour-le-canal-du-midi/,post (blog),2,2,33,7.7,revisar
/trois-generations-au-sifflet-du-petit-train-de-toulouse/,post (blog),1,3,338,10.6,revisar
/aigues-mortes-festivites-de-novembredecembre/,post (blog),2,2,15,10.0,revisar
/les-petits-marches-de-lete-2025-a-port-lauragais-14-juin/,post (blog),2,2,55,6.3,revisar
/details-presta/,page legacy (2013-18),4,0,3,7.3,no-migrar
/toulouse-veut-developper-des-autoroutes-dediees-aux-velos/,post (blog),2,2,257,10.9,revisar
/wp-content/uploads/2014/07/scan018.pdf,tech/other,0,4,187,9.2,no-migrar
/celebrez-la-journee-internationale-des-guides-de-tourisme-avec-une-aventure-inoubliable/,post (blog),3,0,8,12.6,no-migrar
/reouverture-de-la-circulation-sur-le-canal-du-midi-suite-au-deconfinement/,post (blog),3,0,16,7.5,no-migrar
/region/homps/,zone/region,2,1,143,35.9,no-migrar
/port-la-nouvelle-barbara-beus-artiste-peintre-eprise-de-grands-espaces/,post (blog),0,3,14,9.4,revisar
/revel-35-tricyclecars-vont-sillonner-le-lauragais-pendant-4-jours/,post (blog),1,2,178,13.4,revisar
/saint-martin-lalande-11-halte-chaurienne-pour-la-carabarge-deric-vialet/,post (blog),1,2,257,9.0,revisar
/marche-de-producteurs-3-juin-et-16-septembre-2023/,post (blog),3,0,48,20.6,no-migrar
/sons-et-lumieres-a-saint-ferreol/,post (blog),0,3,69,10.3,revisar
/mot-cle/wifi/,tech/other,2,1,53,22.9,no-migrar
/une-expo-de-cartes-postales-anciennes-sur-le-theme-du-canal-du-midi/,post (blog),3,0,6,15.3,no-migrar
/marseillan-les-hippocampes-de-la-lagune-bientot-sur-tf1-vendredi-dernier-une-equipe-a-tourne-sur-le-bassin-de-thau/,post (blog),3,0,6,9.0,no-migrar
/midi-pyreneeslanguedoc-roussillon-ce-que-peserait-la-future-region/,post (blog),3,0,116,11.1,no-migrar
/trail-du-cassoulet-un-bond-au-xviie-siecle/,post (blog),2,1,17,16.9,revisar
/le-projet-de-classement-au-titre-des-sites/,post (blog),3,0,3,6.3,no-migrar
/8104-2/,post (blog),1,2,341,29.0,revisar
/port-la-nouvelle-11-la-foret-enchantee-fait-fureur/,post (blog),2,1,223,9.2,revisar
/platanes-le-long-du-canal-du-midi-abattages-et-plantations-nouvelles/,post (blog),1,2,53,15.4,revisar
/bonrepos-riquet-le-chateau-bientot-au-patrimoine-mondial-de-lunesco/,post (blog),2,1,22,13.1,revisar
/canal-lirou-saint-chinianais-le-defi-de-loenotourisme-hedwige-sola-soccupe-du-dossier/,post (blog),1,2,12,7.2,revisar
/voile-a-marseillan-le-vent-met-23-enfants-en-difficulte-sur-letang-de-thau/,post (blog),1,2,197,14.4,revisar
/toulouse-7-et-8-fevrier-fete-de-la-violette/,post (blog),3,0,26,9.0,no-migrar
/carcassonne-le-gisc-a-nettoye-les-berges/,post (blog),0,3,81,8.2,revisar
/les-chiffres-impressionnants-du-gruissan-phoebus-trail/,post (blog),1,2,26,8.0,revisar
/castres-la-societe-culturelle-lance-sa-saison-cet-apres-midi/,post (blog),1,2,152,8.5,revisar
/canal-des-deux-mers-un-trait-dunion-pour-la-nature/,post (blog),2,1,19,5.7,revisar
/la-redorte-en-piste-pour-le-premier-jeudi-dete/,post (blog),0,3,41,6.4,revisar
/region/blomac/,zone/region,1,2,97,11.3,no-migrar
/canal-du-midi-une-injection-de-fongicide-pourrait-etre-testee-sur-les-platanes/,post (blog),2,1,13,6.3,revisar
/castelnaudary-nouvelle-equipe-nouvelle-carte-ca-bouge-a-lhostellerie-de-la-pomarede/,post (blog),1,2,92,35.7,revisar
/dans-un-coing-de-la-memoire/,post (blog),1,2,163,11.0,revisar
/mot-cle/acces-handicapes/,tech/other,2,1,12,12.3,no-migrar
/gruissan-11-une-13eme-edition-du-festival-hace-calor/,post (blog),1,2,12,6.8,revisar
/vias-randonnee-vttvtc-entre-canal-du-midi-et-vignobles-autour-dun-rallye-decouverte/,post (blog),1,2,230,30.2,revisar
/haute-garonne-les-premiers-platanes-du-canal-touches-par-le-chancre-seront-abattus-en-mars/,post (blog),2,1,25,13.9,revisar
/marseillan-les-vins-richemer-ont-ete-medailles-au-concours-de-la-cooperation/,post (blog),1,2,82,10.0,revisar
/aigues-mortes-programme-festivites-de-septembre/,post (blog),2,1,32,18.3,revisar
/avignonet-lauragais-le-village-de-canalathlon-prend-vie/,post (blog),3,0,0,,no-migrar
/6282-2/,post (blog),1,2,8,7.5,revisar
/region/cornebarrieu/,zone/region,1,2,19,11.3,no-migrar
/liens-reseaux-sociaux/,page contenu,0,3,382,21.4,revisar
/riquet-sa-vie-son-oeuvre-a-revisiter-a-la-fabrique-a-toulouse/,post (blog),2,1,169,8.9,revisar
/fiche/les-canailles-du-midi/,fiche,3,0,2,5.0,ya-2026
/puicheric-peche-au-lac-de-la-redorte/,post (blog),1,2,149,9.1,revisar
/montolieu-village-du-livre-et-des-arts/,post (blog),1,2,981,36.7,revisar
/lexpo-virtuelle-le-canal-du-midi-a-la-decouverte-des-collections-toulousaines/,post (blog),2,1,15,7.7,revisar
/carcassonne-labattage-des-arbres-va-reprendre/,post (blog),1,2,27,11.3,revisar
/fete-de-port-lauragais-14-septembre-2024/,post (blog),2,1,89,12.1,revisar
/le-canal-de-la-robine/,post (blog),3,0,0,,no-migrar
/infos-legales/,page contenu,2,1,41,4.8,revisar
/pierre-paul-riquet-a-desormais-son-film-documentaire/,post (blog),1,2,53,8.2,revisar
/sete-chancre-colore-sete-abat-ses-platanes-contamines/,post (blog),0,3,137,5.8,revisar
/wp-content/uploads/2014/09/alice-sanchez.pdf,tech/other,0,3,61,7.8,no-migrar
/les-berges-du-canal-du-midi-enneigees/,post (blog),1,2,131,12.5,revisar
/agen-un-nouveau-film-sur-le-createur-du-canal-en-preparation/,post (blog),1,2,42,18.9,revisar
/canal-du-midi-un-patrimoine-occitan-menace/,post (blog),0,3,140,14.2,revisar
/palmares-a-narbonne-il-fait-bon-vivre-mais/,post (blog),3,0,74,10.5,no-migrar
/locavelo-pour-balades-en-tout-genre/,post (blog),2,1,2,4.5,revisar
/canal-du-midi-2500-replantations-en-vue-pour-le-prochain-hiver/,post (blog),1,2,19,24.3,revisar
/castanet-tolosan-quel-avenir-pour-la-maison-eclusiere/,post (blog),1,2,17,5.3,revisar
/wp-content/uploads/2016/03/DP2016_Convivencia.pdf,tech/other,0,3,167,26.9,no-migrar
/herault-navigation-sur-les-canaux-une-reprise-sous-conditions/,post (blog),2,1,16,40.9,revisar
/le-lac-de-saint-ferreol-reservoir-du-canal-du-midi-en-cours-de-vidange-pres-de-revel-le-lac-qui-alimente-le-canal-du-midi-est-en-cours-de-vidange-lassurance-de-decouvrir-des-paysages-rares/,post (blog),2,1,305,18.5,revisar
/marathon-de-carcassonne-un-label-touristique-et-sportif/,post (blog),3,0,0,,no-migrar
/narbonne-la-cci-etudie-limpact-du-canal-du-midi-sur-le-tourisme/,post (blog),1,2,62,27.9,revisar
/trebes-domaine-des-peres-le-11-a-lhonneur/,post (blog),1,2,94,11.9,revisar
/piemont-dalaric-une-voie-verte-de-8-km-le-long-du-canal-du-midi/,post (blog),2,1,108,7.8,revisar
/piste-cyclable-le-long-du-canal-du-midi-un-tremplin-touristique/,post (blog),1,2,123,48.6,revisar
/marche-de-noel-aux-caves-richemer-a-marseillan/,post (blog),1,2,10,27.0,revisar
/region/caux-et-sauzens/,zone/region,1,2,38,9.9,no-migrar
/la-redorte-journee-nationale-de-la-peche/,post (blog),1,2,47,8.9,revisar
/revel-coup-denvoi-de-la-saison-a-saint-ferreol-musee-et-jardins-du-canal-du-midi/,post (blog),1,2,28,7.6,revisar
/inauguration-de-lantenne-trebeenne-de-loffice-de-tourisme-grand-carcassonne/,post (blog),2,1,19,7.6,revisar
/post-category/navigation/page/2/,post-category,3,0,0,,no-migrar
/bateau-le-colombier/,post (blog),1,2,76,30.4,revisar
/beziers-fete-de-saint-aphrodise/,post (blog),1,2,88,15.2,revisar
/bessan-champion-daquarelle-arts-andre-fernandez-participe-a-un-concours-mondial/,post (blog),2,1,42,9.7,revisar
/toulouse-une-nouvelle-liaison-routiere-pour-relier-le-quartier-de-montaudran-au-canal-du-midi/,post (blog),0,3,165,19.0,revisar
/theatre-le-282-a-argens-minervois/,post (blog),2,1,8,1.4,revisar
/bonrepos-riquet-quel-avenir-pour-lorangerie/,post (blog),0,3,72,25.2,revisar
/les-arbres-du-canal-du-midi-touches-par-une-nouvelle-maladie/,post (blog),2,1,8,6.8,revisar
/azille-11-fetes-de-noel-au-domaine-la-parra/,post (blog),1,2,121,9.0,revisar
/journee-de-ferme-en-ferme-dans-la-montagne-noire-le-dimanche-4-octobre-toute-la-journee/,post (blog),1,2,463,7.4,revisar
/salleles-d-aude-musee-amphoralis/,post (blog),2,1,29,20.8,revisar
/colombiers-34-menu-de-noel-au-restaurant-l-eclusier/,post (blog),2,1,45,14.7,revisar
/castelnaudary-canal-du-midi-cinq-platanes-abattus/,post (blog),2,1,4,5.5,revisar
/portiragnes-le-canal-du-midi-objet-de-toutes-les-attentions/,post (blog),0,2,14,16.0,revisar
/les-traitements-de-la-maladie-des-platanes-abandonnes/,post (blog),2,0,3,9.0,no-migrar
/les-richesses-du-minervois-audois/,post (blog),1,1,113,33.4,revisar
/promotions-a-ne-pas-manquer-chez-navi-canal/,post (blog),1,1,41,7.9,revisar
/portiragnes-canalissimo-soutient-la-carabosse/,post (blog),2,0,21,27.1,no-migrar
/haute-garonne-aude-herault-les-records-du-canal-du-midi/,post (blog),2,0,26,7.0,no-migrar
/reservez-votre-soiree-du-10-octobre-la-fabuleuse-histoire-de-monsieur-riquet-au-port-du-somail-en-plein-air-avec-la-presence-de-jean-perisse-realisateur-et-du-comedien-bernard-le-coq/,post (blog),1,1,22,16.3,revisar
/revel-la-plage-des-toulousains-fait-le-plein/,post (blog),1,1,26,7.8,revisar
/villefranche-de-lauragais-un-calendrier-glamour-pour-redorer-limage-du-monde-rural/,post (blog),2,0,96,13.5,no-migrar
/canal-du-midi-c-lapalu-obtient-la-sauvegarde-des-arbres-sains/,post (blog),2,0,15,11.7,no-migrar
/languedoc-roussillon-une-campagne-de-crowdfunding-pour-continuer-a-faire-naviguer-une-peniche-sur-le-canal-du-midi/,post (blog),1,1,5,7.6,revisar
/pour-le-week-end-de-paques-chez-castel-naturique/,post (blog),0,2,9,9.6,revisar
/wp-content/uploads/2014/08/scan003.pdf,tech/other,0,2,5,9.6,no-migrar
/castelnaudary-la-ville-et-le-lauragais-prets-pour-la-saison-estivale/,post (blog),1,1,44,54.0,revisar
/le-canal-du-midi-est-merveilleux-quand-lautomne-sen-mele/,post (blog),2,0,30,7.9,no-migrar
/fetez-la-saint-valentin-a-l-auberge-du-somail/,post (blog),1,1,15,12.2,revisar
/bonrepos-riquet-larcheveque-en-visite-au-chateau/,post (blog),1,1,40,8.1,revisar
/toulouse-on-manque-dargent-pour-replanter-les-platanes-du-canal/,post (blog),2,0,11,16.8,no-migrar
/post-category/loisirs/,post-category,2,0,0,,no-migrar
/canal-du-midi-marin-d-eau-douce/,post (blog),0,2,248,14.9,revisar
/platanes-du-canal-du-midi-des-abattages-en-attendant-la-solution/,post (blog),2,0,0,,no-migrar
/toulouse-pourquoi-ne-pas-y-aller-a-pied/,post (blog),2,0,14,6.7,no-migrar
/carcassonne-un-trail-pour-gouter-aux-plaisirs-de-lultra/,post (blog),1,1,18,19.1,revisar
/des-festivals-le-long-du-canal/,post (blog),1,1,159,8.8,revisar
/toulouse-une-nouvelle-guinguette-va-ouvrir-au-bord-du-canal-du-midi-a-la-maison-eclusiere-matabiau/,post (blog),2,0,22,8.5,no-migrar
/bize-minervois-rendez-vous-des-amis/,post (blog),1,1,35,11.3,revisar
/journees-europeennes-du-patrimoine-2017/,post (blog),2,0,0,,no-migrar
/sport-une-course-nautique-et-des-balades-en-canoe-sur-le-canal-du-midi-samedi-17-octobre/,post (blog),1,1,2,7.5,revisar
/les-festivites-de-juillet-a-aigues-mortes/,post (blog),1,1,35,23.8,revisar
/suivez-l-actualite-du-canal-du-midi-sur-notre-page-facebook/,post (blog),1,1,3,10.7,revisar
/une-famille-belge-jusqua-istanbul-a-velo/,post (blog),1,1,41,6.0,revisar
/bernard-verdagueur-eclusier-de-pere-en-fils-sur-le-canal/,post (blog),1,1,220,9.0,revisar
/carcassonne-la-cite-se-dote-enfin-dun-espace-daccueil-des-touristes/,post (blog),1,1,419,8.1,revisar
/lauberge-du-somail-nouvelle-carte-a-decouvrir/auberge-du-somail/,tech/other,1,1,17,13.7,no-migrar
/beziers-le-toilettage-des-berges-de-lorb-a-commence/,post (blog),1,1,68,9.1,revisar
/grand-etiquetage-de-nuages/,post (blog),2,0,0,,no-migrar
/wp-content/uploads/2015/09/Newsletter-Septembre-aigues-mortes.pdf,tech/other,0,2,186,18.9,no-migrar
/des-chevres-pour-tondre-les-berges-du-canal-du-midi/,post (blog),1,1,27,13.4,revisar
/puicheric-11-eaurizon-activites-de-pleine-nature/,post (blog),1,1,67,12.0,revisar
/canal-du-midi-labattage-des-platanes-a-debute-ce-lundi-route-minervoise/,post (blog),1,1,4,4.0,revisar
/toulouse-comment-les-abords-du-canal-du-midi-pourraient-etre-classes/,post (blog),0,2,91,8.2,revisar
/le-somail-le-9e-salon-de-peintures-et-de-sculptures-a-ouvert-ses-portes/,post (blog),1,1,33,9.8,revisar
/canal-du-midi-nous-suspendons-labattage-preventif-des-platanes-2/,post (blog),1,1,20,8.6,revisar
/menu-d-automne-a-l-auberge-de-la-croisade-a-cruzy/,post (blog),1,1,51,27.8,revisar
/post-category/actualites/page/21/,post-category,2,0,0,,no-migrar
/festival-canalissimo-ledition-2014-prend-forme/,post (blog),1,1,1,5.0,revisar
/le-canal-du-midi-devait-etre-un-atout-il-devient-un-handicap/,post (blog),2,0,2,5.5,no-migrar
/programme-d-animation-au-musee-amhoralis-a-salleles-d-aude/,post (blog),2,0,0,,no-migrar
/franc-succes-de-lappel-aux-dons-pour-les-platanes-du-canal-du-midi/,post (blog),1,1,106,36.0,revisar
/ventenac-en-minervois-images-ventenac/,post (blog),1,1,292,17.6,revisar
/carcassonne-la-mini-revolution-de-la-charte-des-terrasses/,post (blog),1,1,62,5.8,revisar
/wp-content/uploads/2015/11/Newsletter-d%C3%A9cembre.pdf,tech/other,0,2,111,16.4,no-migrar
/post-category/actualites/page/5/,post-category,2,0,1,24.0,no-migrar
/des-platanes-contamines-sur-la-route-de-goyrans/,post (blog),1,1,6,3.0,revisar
/fiche/le-centre-hotel-restaurant/,fiche,2,0,0,,ya-2026
/meteocanicule-fortes-chaleurs-vnf-rappelle-que-la-baignade-est-interdite-dans-les-canaux-et-rivieres-domaniales/,post (blog),0,2,107,8.3,revisar
/narbonne-une-ville-en-chantier-pour-anticiper-demain/,post (blog),1,1,107,16.2,revisar
/aayguesvives-le-festival-convivencia-a-repasse-lecluse/,post (blog),1,1,29,11.1,revisar
/castanet-tolosan-avec-eux-vous-naurez-plus-peur-de-leau/,post (blog),0,2,61,17.8,revisar
/lezignan-corbieres-exposition-espace-gibert/,post (blog),1,1,128,11.0,revisar
/vers-un-retour-possible-des-peniches-sur-le-canal-lateral/,post (blog),1,1,26,6.6,revisar
/wp-content/uploads/2014/09/Septembre-Octobre.pdf,tech/other,0,2,47,25.8,no-migrar
/visiter-castelnaudary/ http:/www.ville-castelnaudary.fr/fr/pag-645717-Histoire.html,tech/other,2,0,0,,no-migrar
/narbonne-le-decor-des-feeries-sera-acheve-mardi-festivites-u-ladjointe-evelyne-rapinat-sexplique/,post (blog),1,1,133,11.0,revisar
/du-canal-royal-au-canal-du-midi-xviie-xixe-s-culture-histoire-les-dimanches-dans-lhistoire/,post (blog),1,1,90,12.8,revisar
/mailhac-total-festum/,post (blog),1,1,1,1.0,revisar
/auberge-de-la-croisade-a-cruzy-34310-soiree-des-vins-des-vignerons-des-plats/,post (blog),1,1,37,14.9,revisar
/narbonne-fete-de-l-eau-samedi-4-juin-sur-les-berges-de-la-robine/,post (blog),2,0,19,48.0,no-migrar
/a-toulouse-on-fait-desormais-son-marche-sur-leau/,post (blog),0,2,110,27.3,revisar
/a-beziers-linventeur-du-canal-du-midi/,post (blog),0,2,323,15.8,revisar
/eaurizon-a-puicheric-11700-partez-a-la-decouverte-des-plus-beaux-sites-du-languedoc/,post (blog),1,1,27,7.9,revisar
/du-4-au-20-septembre-le-canal-du-midi-est-en-fete/,post (blog),2,0,0,,no-migrar
/la-nuit-du-gospel-avec-craig-adams-a-capestang-34310/,post (blog),1,1,58,13.7,revisar
/beziers-le-cafe-citoyen-lavenir-du-canal/,post (blog),1,1,12,9.3,revisar
/trebes-le-boat-pas-impacte-par-la-crise/,post (blog),1,1,143,12.5,revisar
/quelques-tableaux-consacres-au-canal-du-midi/,post (blog),0,2,87,8.4,revisar
/post-category/actualites/page/159/,post-category,2,0,0,,no-migrar
/lere-du-biocontrole-est-arrivee/,post (blog),2,0,108,26.9,no-migrar
/salleles-d-aude-musee-des-potiers-damphoralis-frequentation-record-aux-journees-du-patrimoine/,post (blog),1,1,18,6.8,revisar
/region/azillanet/,zone/region,0,2,104,6.9,no-migrar
/castelnaudary-tourisme-la-saison-va-commencer/,post (blog),1,1,12,6.7,revisar
/lecluse-de-montesquieu-lauragais-recrute/,post (blog),1,1,21,15.3,revisar
/capestang-les-bons-bilans-de-office-du-tourisme-lan-passe-la-frequentation-a-augmente-de-1927/,post (blog),1,1,20,7.1,revisar
/aude-la-charte-dojectifs-du-canal-de-la-robine-signee-ce-mardi/,post (blog),0,2,95,6.4,revisar
/narbonne-un-drone-va-filmer-le-canal-de-la-robine/,post (blog),1,1,29,11.4,revisar
/trebes-le-jumelage-en-croisiere-sur-le-canal/,post (blog),2,0,12,14.7,no-migrar
/ramonville-la-randonnee-a-velo-a-le-vent-en-poupe/,post (blog),1,1,9,8.4,revisar
/castelnaudary-qui-va-debarrasser-le-canal-en-chomage-de-ses-dechets/,post (blog),1,1,26,13.6,revisar
/bonrepos-riquet-philippe-seilles-il-sagit-de-la-survie-du-chateau/,post (blog),0,2,63,8.1,revisar
/revel-31-poetiquettes-a-saint-ferreol/,post (blog),1,1,114,8.8,revisar
/festivites-du-mois-de-mai-communaute-de-communes-canalliroust-chinianais/,post (blog),2,0,0,,no-migrar
/innovation-des-projets-de-beach-park-a-saint-pierre-la-mer-gruissan-et-leucate/,post (blog),2,0,8,21.0,no-migrar
/en-2015-115-me-verses-par-la-region-a-lagglo-beziers-mediterranee/,post (blog),2,0,4,31.3,no-migrar
/grande-region-un-nouveau-courant-pour-le-canal-du-midi/,post (blog),2,0,47,13.2,no-migrar
/chasse-aux-tresors-le-28-juin/,post (blog),2,0,3,9.0,no-migrar
/des-selfies-pour-sauver-le-canal-du-midi/,post (blog),2,0,4,7.0,no-migrar
/trois-idees-pour-se-balader-a-velo-a-toulouse-et-alentours-en-velo-a-toulouse-le-week-end-quelle-direction-prendre-pour-soffrir-un-peu-de-campagne-et-de-nature%E2%80%89-voici-quelques-piste/,post (blog),0,2,103,9.9,revisar
/region/pepieux/,zone/region,0,2,35,27.4,no-migrar
/castelnaudary-le-festymaginaire-entre-local-et-international/,post (blog),1,1,10,11.1,revisar
/region/olonzac/,zone/region,1,1,167,7.6,no-migrar
/ferme-de-50-les-enfants-ladorent/,post (blog),2,0,0,,no-migrar
/organisation-de-voyages-a-velo/,page legacy (2013-18),1,1,640,54.4,no-migrar
/vingt-volontaires-pour-nettoyer-le-canal-du-midi/,post (blog),1,1,86,7.7,revisar
/un-canal-sans-platanes/,post (blog),1,1,3,6.7,revisar
/le-canal-de-la-robine-sera-t-il-le-monument-prefere-des-francais/,post (blog),2,0,9,9.4,no-migrar
/chateau-de-paraza-a-decouvrir/,post (blog),2,0,0,,no-migrar
/escalquens-un-conseil-municipal-sous-haute-tension-classement-du-canal-du-midi/,post (blog),2,0,26,16.3,no-migrar
/la-domitienne-programme-festivites/,post (blog),2,0,0,,no-migrar
/bize-minervois-11-vendredi-tous-au-marche-de-noel-des-enfants-dabord/,post (blog),0,2,26,8.2,revisar
/trebes-ca-bouge-dans-le-vieux-village/,post (blog),1,1,64,11.0,revisar
/un-espoir-de-traitement-pour-les-platanes-malades-du-canal-du-midi/,post (blog),2,0,22,13.6,no-migrar
/beziers-les-platanors-allemands-remplacent-les-platanes-malades/,post (blog),1,1,8,5.9,revisar
/beziers-des-travaux-pour-valoriser-les-neuf-ecluses-de-fonseranes/,post (blog),2,0,3,5.7,no-migrar
/mirepeisset-changement-de-gerant-a-lepicerie/,post (blog),1,1,74,10.0,revisar
/la-prefecture-recense-les-ports-du-canal-du-midi/,post (blog),2,0,0,,no-migrar
/le-chemin-de-halage-le-long-du-canal-du-midi-a-ete-rouvert-pour-les-promeneurs/,post (blog),2,0,11,11.8,no-migrar
/revel-exposition-d-aquarelles/,post (blog),0,2,24,12.5,revisar
/post-category/actualites/page/16/,post-category,2,0,0,,no-migrar
/castanet-tolosan-convivencia-est-de-retour/,post (blog),2,0,2,8.0,no-migrar
/haute-garonne-journees-du-patrimoine-mission-mecenat-vnf/,post (blog),1,1,74,20.0,revisar
/beziers-la-renaissance-des-ecluses-de-fonseranes-pour-le-public/,post (blog),1,1,2,5.5,revisar
/bonne-nouvelle-la-navigation-libre-sur-le-canal-du-midi-reprend-le-17-mars/,post (blog),2,0,0,,no-migrar
/cest-beau-toulouse-un-dimanche-a-velo/,post (blog),1,1,8,7.5,revisar
/castelnaudary-le-canal-vedette-de-lexposition-de-lete/,post (blog),1,1,76,10.2,revisar
/fiche/ibis-styleshttps:/www.plan-canal-du-midi.com/fiche/hotel-ibis-budget/,fiche,2,0,0,,ya-2026
/fiche/ibis-styles et/,fiche,2,0,0,,ya-2026
/revel-des-racines-et-des-ailes-en-tournage-a-saint-ferreol/,post (blog),1,1,13,5.8,revisar
/bravo-emmy/,post (blog),1,1,56,5.4,revisar
/peniche-restaurant-vent-du-sud-portes-ouvertes-beziers/,post (blog),2,0,13,28.7,no-migrar
/haute-garonne-cest-le-garage-des-peniches/,post (blog),2,0,26,6.5,no-migrar
/biterrois-capestang-du-canal-a-letang-en-images-et-son-saffiche-sur-youtube/,post (blog),1,1,131,12.2,revisar
/canal-du-midi-5-jours-au-fil-de-leau/,post (blog),1,1,15,60.1,revisar
/loisirs/musees/,page legacy (2013-18),2,0,3,6.7,no-migrar
/toulouse-marathon-le-nouveau-trace-sera-100-toulousain/,post (blog),0,2,82,10.9,revisar
/construction-lumineuse-a-lecluse-bayard-a-toulouse-nouveau-site-touristique/,post (blog),1,1,280,10.0,revisar
/agde-gilles-dettore-repond-a-lappel-au-secours-du-centre-ville/,post (blog),1,1,45,22.0,revisar
/circuits-sur-le-canal-du-midi-de-beziers-au-somail/,post (blog),1,1,41,24.5,revisar
/toulouse-canal-en-fete-embarquez-sur-une-barque-de-poste/,post (blog),1,1,3,8.0,revisar
/riquet-et-son-canal-a-l-honneur/,post (blog),1,1,6,5.7,revisar
/post-category/actualites/villes-et-villages/,post-category,1,1,38,27.9,no-migrar
/gruissan-nouveautes-a-l-espace-balneo-de-gruissan/,post (blog),1,1,178,28.6,revisar
/le-somail-colette-lencioni-a-lhonneur/,post (blog),1,1,41,6.9,revisar
/bram-bilan-tres-fructueux-pour-les-amis-des-essarts/,post (blog),0,2,60,10.2,revisar
/region/marseillette/,zone/region,2,0,35,12.0,no-migrar
/bize-minervois-8e-rallye-surprise-du-comite-des-fetes/,post (blog),0,2,9,26.1,revisar
/les-circuits-vtt-de-la-communaute-d-agglomeration-herault-mediterranee/,post (blog),1,1,31,14.6,revisar
/fabien-veille-sur-la-plus-haute-ecluse-de-beziers/,post (blog),0,2,39,9.9,revisar
/bize-minervois-loulibo-lodyssee-de-lolivier/,post (blog),2,0,37,11.6,no-migrar
/region/cruzy/,zone/region,1,1,68,13.6,no-migrar
/expo-2025-au-musee-du-verre-de-soreze-eclats-du-cristal/,post (blog),2,0,24,8.1,no-migrar
/bassan-une-conference-sur-deux-hommes-dexception-paul-riquet-et-vauban-deux-hommes-et-un-canal/,post (blog),1,1,24,19.9,revisar
/lezignan-donner-de-la-voix-pour-l-audiothon-a-promaude/,post (blog),2,0,0,,no-migrar
/magazine-ballade-occitane-nouvel-album-oc/,post (blog),1,0,1,7.0,no-migrar
/offres-french-days-a-la-residence-cap-camargue-au-grau-du-roi/,post (blog),1,0,1,3.0,no-migrar
/canal-du-midi-le-projet-de-pole-touristique-se-dessine-a-proximite-de-lecluse-de-renneville/,post (blog),1,0,65,17.3,no-migrar
/chambre-dhotes/,post (blog),1,0,0,,no-migrar
/officiels-beziers-operation-berges-propres-sur-le-canal-du-midi/,post (blog),0,1,23,12.0,revisar
/saurez-vous-reconnaitre-ce-lieu-de-toulouse-decouvrez-grace-aux-archives-municipales-de-toulouse-des-lieux-ou-vous-passez-peut-etre-tous-les-jours-mais-que-vous-ne-reconnaitriez-pas-sur-des-photos/,post (blog),1,0,7,6.1,no-migrar
/carcassonne-le-velo-prendra-bientot-toute-sa-place-entre-bastide-et-cite/,post (blog),1,0,0,,no-migrar
/aude-le-departement-mise-plus-que-jamais-sur-le-tourisme/,post (blog),1,0,0,,no-migrar
/animations-du-haut-minervois/,post (blog),0,1,127,11.1,revisar
/commerce/,post (blog),1,0,0,,no-migrar
/comment-faire-revivre-les-berges-du-canal-du-midi/,post (blog),0,1,12,9.3,revisar
/canal-du-midi-le-chancre-colore-fait-son-nid-aux-portes-de-toulouse-des-arbres-vont-etre-abattus/,post (blog),1,0,67,16.1,no-migrar
/revel-eaux-sources-du-canal-du-midi-a-voir-des-le-9-juin/,post (blog),1,0,0,,no-migrar
/le-festival-convivencia-fete-ses-20-ans/,post (blog),1,0,0,,no-migrar
/visiter-toulouse/,page contenu,1,0,6,7.0,no-migrar
/nouveau-a-capestang-location-de-bateaux-gites/,post (blog),0,1,52,11.4,revisar
/le-lac-de-saint-ferreol-symbole-de-lunion-regionale/,post (blog),0,1,7,4.9,revisar
/author/pierrette/page/121/,tech/other,0,1,2,24.5,no-migrar
/wp-content/uploads/2017/07/DP_FONSERANES_EVENEMENTS-v4.pdf,tech/other,0,1,37,12.2,no-migrar
/vernissage-de-debut-de-vacances/,post (blog),1,0,3,8.0,no-migrar
/revel-leau-au-coeur-des-animations/,post (blog),0,1,11,6.2,revisar
/un-millier-d-arbres-replantes-a-fin-mars/,post (blog),1,0,1,3.0,no-migrar
/concert-a-la-guinguette-jeudi-9-juillet/,post (blog),0,1,7,7.9,revisar
/ne-manquez-pas-une-plongee-fascinante-dans-lhistoire/,post (blog),1,0,0,,no-migrar
/narbonne-la-troupe-candeloro-en-avant-premiere-nationale-aujourdhui-a-la-patinoire/,post (blog),0,1,8,4.8,revisar
/lezignan-corbieres-exposition-de-peintures/,post (blog),1,0,18,7.6,no-migrar
/quelle-reconversion-pour-les-maisons-eclusieres/,post (blog),1,0,15,12.5,no-migrar
/nouvelle-museographie/,post (blog),1,0,2,4.5,no-migrar
/ramonville-cinq-jours-le-long-du-canal-du-midi/,post (blog),1,0,27,13.8,no-migrar
/saint-martin-lalande-touchez-pas-a-nos-platanes/,post (blog),0,1,28,7.5,revisar
/se-restaurer/rechercher-restaurants/,page legacy (2013-18),1,0,0,,no-migrar
/region/la-bastide-danjou/,zone/region,0,1,104,30.0,no-migrar
/le-musee-dom-robert-de-soreze-a-ete-inaugure/,post (blog),0,1,120,20.1,revisar
/ledition-2016-du-cahier-des-patrimoines-est-sortie/,post (blog),0,1,4,27.5,revisar
/post-category/actualites/page/10/,post-category,1,0,0,,no-migrar
/port-lauragais-en-fete-le-samedi-15-juin-avec-haute-garonne-tourisme/,post (blog),1,0,25,38.2,no-migrar
/fiche/le-domaine-du-somail/,fiche,1,0,0,,ya-2026
/eaux-sources-du-canal-du-midi-au-musee-du-bois/,post (blog),0,1,8,22.5,revisar
/platanes-au-bord-du-canal-du-midi-experimentation-lancee/,post (blog),1,0,1,10.0,no-migrar
/region/puicheric/,zone/region,0,1,33,19.2,no-migrar
/neuf-ponts-vont-etre-remis-en-lumiere-en-mai-sur-le-canal-du-midi-a-toulouse/,post (blog),0,1,7,17.7,revisar
/la-fete-du-malpas-le-jeudi-14-mai/,post (blog),1,0,0,,no-migrar
/72-abattages-dans-carcassonne-sur-un-total-de-1-350-programmes-par-vnf/,post (blog),0,1,4,5.3,revisar
/carcassonne-un-chantier-a-la-hauteur-de-la-basilique-saint-nazaire-a-la-cite/,post (blog),1,0,11,12.1,no-migrar
/mini-croisiere-a-partir-de-280-e/,post (blog),1,0,46,11.8,no-migrar
/castelnaudary-grand-bassin-un-fabuleux-ecrin-pour-le-joyau-chaurien/,post (blog),0,1,200,16.7,revisar
/il-y-a-350-ans/,post (blog),1,0,1,10.0,no-migrar
/vic-fezensac-causerie-sur-le-canal-du-midi/,post (blog),1,0,2,9.0,no-migrar
/post-category/actualites/page/20/,post-category,1,0,0,,no-migrar
/nissan-lez-enserune-nargue-l-oppidum/,post (blog),1,0,0,,no-migrar
/canal-du-midi-les-platanes-malades-remplaces-par-des-chene/,post (blog),0,1,22,7.5,revisar
/region/serignan/,zone/region,1,0,0,,no-migrar
/carcassonne-un-photographe-sur-les-pas-de-louis-barthas/,post (blog),0,1,20,16.8,revisar
/post-category/actualites/page/7/,post-category,1,0,0,,no-migrar
/region/colombiers/,zone/region,1,0,0,,no-migrar
/narbonne-un-prix-special-jeune-photographe/,post (blog),0,1,14,24.4,revisar
/fiche/office-de-tourisme-port-la-nouvelle-cote-du-midihttps:/www.plan-canal-du-midi.com/fiche/office-de-tourisme-le-somail-cote-du-midi/,fiche,1,0,0,,ya-2026
/pierre-paul-riquet-lhomme-du-canal/,post (blog),0,1,9,9.4,revisar
/narbonne-spectacle-le-conservatoire-en-fete/,post (blog),1,0,168,16.8,no-migrar
/vue-sur-montady-depuis-le-canal-du-midi/,post (blog),0,1,5,4.6,revisar
/avenir-du-canal-du-midi-le-senateur-de-haute-garonne-alain-chatillon-interpelle-le-gouvernement/,post (blog),0,1,29,25.8,revisar
/mot-cle/on-vient-vous-chercher/,tech/other,1,0,2,10.0,no-migrar
/soiree-vigneronne-a-lauberge-de-la-croisade/,post (blog),1,0,10,7.5,no-migrar
/trebes-11-les-peintres-amateurs-remercies/,post (blog),0,1,81,18.8,revisar
/lezignan-4-artistes-a-l-espace-gibert/,post (blog),0,1,19,18.4,revisar
/fiche/mairie-de-salleles-daude/ QUE VISITER/,fiche,1,0,0,,ya-2026
/region/bram/,zone/region,1,0,0,,no-migrar
/colombiers-34-la-lapiniere-une-affaire-de-famille-mais-aussi-une-histoire-de-gouts/,post (blog),0,1,286,12.8,revisar
/a-350-ans-le-canal-du-midi-entre-deux-eaux/,post (blog),1,0,0,,no-migrar
/journees-du-patrimoine-de-pays-et-des-moulins-la-maison-du-malpas/,post (blog),1,0,5,7.6,no-migrar
/un-film-sur-riquet/,post (blog),1,0,10,3.3,no-migrar
/le-canal-du-midi-classe-au-patrimoine-mondial-cadeau-empoisonne-pour-les-riverains/,post (blog),0,1,12,20.7,revisar
/decouverte-du-parc-naturel-region-de-la-narbonnaise-en-mediterranee/,post (blog),1,0,61,31.7,no-migrar
/c-est-la-rentree-chez-l-eclusier-a-colombiers/,post (blog),1,0,0,,no-migrar
/il-y-a-350-ans-la-source-du-canal/,post (blog),1,0,7,6.0,no-migrar
/vivre-le-canal-le-3-octobre-prochain/,post (blog),0,1,46,7.1,revisar
/portiragnes-catherine-bernard-drole-de-paysanne-rencontre-avec-une-vigneronne-proche-de-sa-terre/,post (blog),0,1,87,11.0,revisar
/marseillan-a-langon-450-km-en-kayak-recit/,post (blog),1,0,8,7.1,no-migrar
/narbonne-nettoyage-du-canal-de-la-robine/,post (blog),0,1,50,11.1,revisar
/lezignan-la-conference-sur-le-canal-du-midi/,post (blog),1,0,0,,no-migrar
/le-lac-de-saint-ferreol-va-etre-entierement-vide/,post (blog),1,0,3,7.7,no-migrar
/post-category/actualites/page/158/,post-category,1,0,0,,no-migrar
/robert-menard-fait-escale-a-narbonne-pour-la-fete-de-leau/,post (blog),1,0,14,14.9,no-migrar
/moi-jean-pigasse-ouvrier-du-canal/,post (blog),1,0,1,9.0,no-migrar
/region/vias-plage/,zone/region,0,1,41,45.9,no-migrar
/capestang-du-canal-du-midi-au-vignoble-le-port-sanime/,post (blog),1,0,0,,no-migrar
/mot-cle/pre-reservation/,tech/other,1,0,3,3.0,no-migrar
/domaine-de-riquet-retour-au-xviie-siecle/,post (blog),1,0,0,,no-migrar
/programme-des-manifestations-a-aigues-mortes-pour-le-14-juillet/,post (blog),1,0,6,35.5,no-migrar
/region/villeneuve-les-beziers/,zone/region,1,0,0,,no-migrar
/la-fete-des-vendanges-degustations-et-spectacle/,post (blog),1,0,65,11.7,no-migrar
/region/marseillan-plage/,zone/region,1,0,11,49.5,no-migrar
/la-barque-de-poste-de-robert-transporte-aussi-des-idees-en-savoir-plus-sur-httpwww-ladepeche-frarticle201507192146337-la-barque-de-poste-de-robert-transporte-aussi-des-idees-html3s707usuuqpuc/,post (blog),0,1,19,15.5,revisar
/bram-canal-du-midi-les-tilleuls-remplacent-les-platanes/,post (blog),0,1,56,5.8,revisar
/canal-du-midi-530-000-euros-recueillis-pour-sauver-les-platanes/,post (blog),1,0,0,,no-migrar
/castelnaudary-le-senateur-courteau-soutient-le-combat-saint-martinois/,post (blog),1,0,4,17.3,no-migrar
/lezignan-11200-une-vitrine-des-vins-du-sud-avec-le-caveau-du-clos/,post (blog),0,1,24,16.7,revisar
/nuit-des-musees-de-jour-comme-de-nuit-17-et-18-mai/,post (blog),1,0,23,9.1,no-migrar
/post-category/actualites/page/12/,post-category,1,0,0,,no-migrar
/le-parc-de-pierre-paul-riquet-se-fait-une-beaute/,post (blog),1,0,6,4.8,no-migrar
/region/capendu/,zone/region,1,0,0,,no-migrar
/premiere-course-solidaire-pour-remplacer-les-platanes-du-canal-du-midi/,post (blog),1,0,0,,no-migrar
/agde-les-souches-des-platanes-du-canal-du-midi-ont-ete-arrachees/,post (blog),0,1,53,6.0,revisar
/canal-passer-le-pont-en-toute-securite/,post (blog),1,0,19,5.6,no-migrar
/le-long-du-fresquel/,post (blog),0,1,4,7.3,revisar
/se-restaurer/bars-salons-de-the/,page legacy (2013-18),0,1,7,7.4,no-migrar
/les-21-et-22-mai-les-moulins-du-lauragais-ouvrent-leurs-portes-les-21-et-22%E2%80%AFmai-les-moulins-ouvrent-leurs-portes-a-loccasion-des-journees-europeennes-des-moulins-et-du-patrimoine-me/,post (blog),0,1,39,29.2,revisar
/animations-de-juin-a-aigues-mortes/,post (blog),0,1,55,36.8,revisar
/wp-content/uploads/2014/07/scan016.pdf,tech/other,0,1,40,7.5,no-migrar
/le-somail-le-trouve-tout-du-livre-a-accueilli-bernard-lecoq/,post (blog),1,0,31,6.9,no-migrar
/le-maire-de-narbonne-soutien-christian-lapalu-pour-que-cessent-les-abattages-darbres/,post (blog),0,1,14,9.4,revisar
/lancement-dun-pret-a-poster-au-fil-de-leau/,post (blog),0,1,17,24.8,revisar
/narbonne-le-mecenat-se-renforce-pour-soutenir-le-canal-du-midi/,post (blog),1,0,0,,no-migrar
/post-category/actualites/page/8/,post-category,1,0,0,,no-migrar
/le-chancre-colore-infecte-le-lauragais/,post (blog),1,0,2,6.0,no-migrar
/canal-du-rhone-a-sete-les-travaux-de-modernisation-se-poursuivent/,post (blog),1,0,7,12.0,no-migrar
/busquets-le-futur-doit-etre-fait-avec-le-passe/,post (blog),1,0,2,8.0,no-migrar
/produits-regionaux/,page legacy (2013-18),1,0,0,,no-migrar
/replantonslecanaldumidi-la-vnf-poursuit-labattage/,post (blog),1,0,0,,no-migrar
/le-musee-evolue-pour-mieux-vous-accueillir/,post (blog),1,0,1,10.0,no-migrar
/castelnaudary-tout-le-monde-a-a-a-la-queue-leu-leu/,post (blog),1,0,0,,no-migrar
/patrick-clerc-artiste-nouvellement-installe-a-paraza-11/,post (blog),0,1,20,7.5,revisar
/pennautier-11-le-magicien-des-couleurs-bariole-petits-et-grands/,post (blog),1,0,0,,no-migrar
/spectacle-flottant-du-piano-du-lac-marinero-20h18-19-20-juin-2025/,post (blog),1,0,38,11.0,no-migrar
/un-traitement-preventif-pour-vaincre-le-chancre-colore/,post (blog),1,0,0,,no-migrar
/post-category/le-canal/page/2/,post-category,1,0,0,,no-migrar
/castelnaudary-la-ville-capitale-de-la-petite-reine-le-temps-dun-week-end/,post (blog),0,1,13,9.7,revisar
/canal-du-midi-un-demi-million-deuros-recueillis-pour-sauver-les-platanes/,post (blog),1,0,0,,no-migrar
/mauguio-carnon-l-office-de-tourisme-fete-ses-30-ans/,post (blog),1,0,0,,no-migrar
/jose-bove-plaide-pour-le-transport-sur-le-canal-du-midi/,post (blog),1,0,2,10.0,no-migrar
/services-utiles/librairies/,page legacy (2013-18),1,0,0,,no-migrar
/canal-du-midi-a-la-recherche-de-lessence-ideale-2/,post (blog),0,1,18,6.8,revisar
/promenade-litteraire-le-long-du-canal-du-midi/,post (blog),1,0,0,,no-migrar
/post-category/actualites/page/19/,post-category,1,0,0,,no-migrar
/wp-content/uploads/pdf/Canal du Midi 2020.pdf,tech/other,1,0,0,,no-migrar
/capendu-marie-coumes-de-la-mal-coiffee-passe-au-conte/,post (blog),0,1,28,10.4,revisar
/il-a-neige-aussi-sur-gruissan/,post (blog),0,1,24,13.3,revisar
/le-canal-du-midi-aujourdhui-sous-la-neige-ici-le-port-de-carcassonne/,post (blog),0,1,50,31.0,revisar
/le-grand-narbonne-annonce-recital-de-marc-loopuyt/,post (blog),0,1,1,2.0,revisar
/revel-expo-dete-au-musee-du-canal-du-midi/,post (blog),0,1,18,9.4,revisar
/post-category/actualites/page/17/,post-category,1,0,0,,no-migrar
/la-cour-des-arts-d-olonzac/,post (blog),0,1,44,9.4,revisar
/se-restaurer/vins/,page legacy (2013-18),1,0,38,26.3,no-migrar
/castelnaudary-canalathlon-1re-edition-dun-evenement-sportif/,post (blog),1,0,2,6.0,no-migrar
/les-artistes-toulousains-font-la-fete-de-la-musique/,post (blog),0,1,5,7.0,revisar
/tous-les-chemins-menent-a-narbonne/,post (blog),0,1,618,17.8,revisar
/trois-idees-pour-se-balader-a-velo-a-toulouse-et-alentours-en-velo-a-toulouse-le-week-end-quelle-direction-prendre-pour-soffrir-un-peu-de-campagne-et-de-nature -voici-quelques-piste/,post (blog),1,0,0,,no-migrar
/azimut-aventures-un-parc-pour-vivre-pleinement-la-nature-portiragnes-u-tyroliennes-ponts-de-singe-voies-descalade-grimpe-avec-piolets-tour-infernale-sensations-garanties/,post (blog),1,0,609,13.4,no-migrar
/carcassonne-feu-vert-pour-tester-le-vaccin-et-stopper-le-massacre-des-platanes/,post (blog),1,0,1,8.0,no-migrar
/le-patrimoine-de-nos-villes-est-un-atout-tourisme-toulouse-carcassonne-auch-cahors/,post (blog),0,1,40,18.8,revisar
/narbonne-le-canal-du-midi-en-dehors-des-cliches/,post (blog),1,0,0,,no-migrar
/author/pierrette/,tech/other,0,1,20,7.9,no-migrar
/marais-du-narbonnais-les-reseaux-hydrauliques-viennent-detre-restaures/,post (blog),1,0,0,,no-migrar
/architecture-du-centre-d-interpretation-pp-riquet-a-st-ferreol/,post (blog),1,0,36,10.5,no-migrar
/les-ports-du-canal-du-midi-2/,post (blog),1,0,0,,no-migrar
/festival-de-la-bande-dessinee-de-serignan/,post (blog),1,0,4,19.3,no-migrar
/region/nissan-lez-enserune/,zone/region,1,0,7,13.1,no-migrar
/pour-une-halte-a-beziers-l-hotel-mercure/,post (blog),0,1,304,11.8,revisar
/villegly-pure-passion-cap-nore/,post (blog),1,0,0,,no-migrar
/post-category/actualites/page/6/,post-category,1,0,0,,no-migrar
/le-canal-du-midi-preservons-le-lien-qui-nous-unit/,post (blog),1,0,1,11.0,no-migrar
/narbonne-scene-nationale-la-saison-2014-2015/,post (blog),1,0,2,7.5,no-migrar
/aigues-mortes-festivites-decembre-2014/,post (blog),0,1,15,24.2,revisar
/author/pierrette/page/20/,tech/other,0,1,1,4.0,no-migrar
/region/montesquieu-lauragais/,zone/region,1,0,33,13.4,no-migrar
/la-balaguere-sur-tf1-samedi-10-septembre/,post (blog),0,1,40,9.7,revisar
/region/valras-plage/,zone/region,1,0,0,,no-migrar
/information-de-fermeture-de-la-voie-verte/,post (blog),0,1,3,5.0,revisar
/naissance-du-cassoulet-selon-la-grande-confrerie-du-cassoulet/,post (blog),1,0,110,14.6,no-migrar
/region/perols/,zone/region,1,0,0,,no-migrar
/lezignan-corbieres-promaude-du-6-au-9-juin-2014/,post (blog),1,0,0,,no-migrar
/wp-content/uploads/2014/06/scan048.pdf,tech/other,0,1,1,7.0,no-migrar
/platanes-arretons-le-massacre/,post (blog),1,0,0,,no-migrar
/la-ville-rose-vue-cote-nature/,post (blog),1,0,43,18.4,no-migrar
/chloe-arnaud-eliott-et-helky-leur-aventure-familiale-depuis-grabels/,post (blog),0,1,259,8.4,revisar
/toulouse-avant-le-reamenagement-de-matabiau-on-debroussaille/,post (blog),0,1,12,7.4,revisar
/acampo-lions-de-port-en-port-en-carcasses-samedi-10-juin/,post (blog),1,0,3,3.3,no-migrar
/vnf-course-gif-2/,post (blog),0,1,11,10.9,revisar
/post-category/actualites/page/13/,post-category,1,0,0,,no-migrar
/navigation/horaires-de-navigation/,tech/other,1,0,0,,no-migrar
/fiche/hotel-paul-riquet/,fiche,1,0,0,,ya-2026
/region/narbonne/,zone/region,1,0,0,,no-migrar
/beziers-pierre-paul-riquet-vous-raconte-son-canal/,post (blog),0,1,36,8.4,revisar
/la-peniche-qui-cure-le-fond-du-canal/,post (blog),1,0,37,45.1,no-migrar
/operation-sauvetage-du-canal-du-midi/,post (blog),0,1,70,7.7,revisar
/salleles-d-aude-une-belle-vitrine-sur-le-canal/,post (blog),1,0,0,,no-migrar
/post-category/actualites/page/15/,post-category,1,0,0,,no-migrar
/colombiers-il-etait-une-fois-le-malpas-fete-incontournable-la-nouvelle-edition-de-cette-manifestation-aura-lieu-le-14-mai/,post (blog),1,0,1,12.0,no-migrar
/etang-canal-tunnel-oppidum-des-tresors/,post (blog),0,1,27,13.0,revisar
/fanjeaux-ete-anime-au-coeur-des-collines-cathares/,post (blog),0,1,23,9.0,revisar
/flourens-31-expo-sauver-le-canal-du-midi/,post (blog),1,0,42,17.3,no-migrar
/services-utiles/offices-de-tourisme/,page legacy (2013-18),1,0,3,7.3,no-migrar
/castelnaudary-port-de-plaisance-sur-le-canal-du-midi/,post (blog),0,1,75,12.3,revisar
/post-category/actualites/page/18/,post-category,1,0,0,,no-migrar
/region/carnon/,zone/region,1,0,0,,no-migrar
/post-category/actualites/page/9/,post-category,1,0,0,,no-migrar
/poissons-et-fruits-de-mer-a-la-maison-eclusiere-de-bram/,post (blog),0,1,36,8.8,revisar
/colombiers-le-malpas-son-site-ses-fouilles/,post (blog),0,1,379,13.2,revisar
/cp-les-chemins-du-midi-a-bicyclette/,post (blog),1,0,2,7.0,no-migrar
/wp-content/uploads/2014/04/scan001.pdf,tech/other,0,1,16,14.3,no-migrar
/agenda-de-septembre/,post (blog),0,1,23,8.7,revisar
/le-classement-des-abords-du-canal-en-suspens/,post (blog),1,0,8,8.9,no-migrar
/montech-les-peintres-de-garonne-et-canal-exposent/,post (blog),0,1,72,12.1,revisar
/2eme-marche-de-producteurs-a-port-lauragais-le-16-septembre-2023/,post (blog),1,0,9,24.1,no-migrar
/toulouse-au-fil-de-lo-propose-de-privatiser-une-partie-de-la-gestion-du-canal-du-midi/,post (blog),1,0,0,,no-migrar
/defile-de-mode-a-marseillan-34/,post (blog),0,1,14,8.3,revisar
/post-category/actualites/page/14/,post-category,1,0,0,,no-migrar
/portiragnes-un-rendez-vous-extraordinaire-avec-pierre-paul-riquet/,post (blog),0,1,14,6.8,revisar
/beziers-le-saint-patron-fete-aux-beaux-jours-du-printemps/,post (blog),0,1,38,10.5,revisar
/wp-content/uploads/2017/04/Rapport-dactivit%C3%A9-2016.pdf,tech/other,0,1,127,7.4,no-migrar
/carcassonne-un-teleski-nautique-pour-glisser-a-la-cavayere/,post (blog),1,0,86,19.6,no-migrar
/aigues-mortes-programme-animation-sepembreoctobre/,post (blog),0,1,24,25.3,revisar
/canal-lirou-saint-chinianais-une-journee-dacteurs-du-patrimoine-au-service-educatif-canal-du-midi/,post (blog),0,1,2,2.0,revisar
/les-acteur-du-canal-du-midi/,post (blog),1,0,0,,no-migrar
/escale-de-la-passejada/,post (blog),0,1,73,8.8,revisar
/deux-toulousains-passent-14-heures-sur-un-velo-pour-relier-les-extremites-du-canal-du-midi-des-ponts-jumeaux-a-toulouse-au-phare-des-onglous-a-marseillan-ces-deux-athletes-ont-etabli-ce-week-end-un/,post (blog),0,1,23,7.8,revisar
/le-grand-nettoyage-des-berges-a-commence/,post (blog),1,0,21,10.6,no-migrar
/ramonville-saint-agne-blaise-assure-la-pause-vitamine-du-canal/,post (blog),1,0,38,9.2,no-migrar
/region/carcassonne/,zone/region,1,0,0,,no-migrar
/canal-du-midi-44-platanes-vont-etre-abattus/,post (blog),1,0,0,,no-migrar
/la-folle-histoire-du-canal-du-midi/,post (blog),1,0,7,17.0,no-migrar
/fresque-du-canal-du-midi/,post (blog),0,1,15,3.9,revisar
/wp-content/uploads/2016/05/201605091608-full.jpg,tech/other,0,1,1,17.0,no-migrar
/trebes-un-important-chantier-sur-les-berges-du-canal/,post (blog),0,1,31,17.1,revisar
/revel-louis-xiv-createur-du-canal-du-midi-colloques-et-conferences/,post (blog),0,1,18,12.2,revisar
/auberge-de-la-croisade-nouvelle-carte-dete/,post (blog),0,1,54,45.3,revisar
/categorie/chateaux/,categorie listing,1,0,22,8.9,fusionar
/carcassonne-sigma-la-keynote-de-chavernac-fabrique-des-arts/,post (blog),0,1,28,7.6,revisar
/ramonville-les-principaux-axes-cyclables/,post (blog),0,1,64,10.1,revisar
/labege-premieres-rencontres-pour-doper-le-tourisme/,post (blog),0,1,34,10.9,revisar
/trebes-ouverture-dun-quai-sur-le-port/,post (blog),0,1,65,11.3,revisar
/carcassonne-alice-in-china-au-pays-des-acrobaties-et-des-reves/,post (blog),0,1,5,9.2,revisar
/canal-du-midi-je-ne-crois-pas-au-traitement-des-platanes/,post (blog),1,0,0,,no-migrar
/region/montady/,zone/region,0,1,25,25.9,no-migrar
/region/ramonville/,zone/region,1,0,0,,no-migrar
/fiche/domaine-des-maels/,fiche,1,0,375,14.4,ya-2026
/canal-du-midi-en-monocycle-une-experience-inoubliable/,post (blog),1,0,0,,no-migrar
/post-category/actualites/page/11/,post-category,1,0,0,,no-migrar
/lodg-terres-du-midi-va-voir-le-jour/,post (blog),0,1,23,6.2,revisar
/toulouse-exclut-les-bateliers-de-la-fete/,post (blog),0,1,79,13.4,revisar
/post-category/actualites/page/4/,post-category,1,0,0,,no-migrar
/pezens-la-fete-du-melon/,post (blog),1,0,37,15.2,no-migrar
/le-tourisme-audois-un-atout-a-un-milliard-deuros-qui-doit-se-reinventer/,post (blog),1,0,0,,no-migrar
/bessan-le-moulin-bladier-a-fait-lobjet-dune-etude-architecturale/,post (blog),0,1,21,11.6,revisar
/circuits-des-aresquiers-a-l-etang-de-thau/,post (blog),0,0,2,10.0,no-migrar
/wp-content/uploads/2020/05/port_du_somail2.jpg,tech/other,0,0,1,77.0,no-migrar
/wp-content/uploads/2014/04/scan039.pdf,tech/other,0,0,7,8.4,no-migrar
/wp-content/uploads/2020/01/Villeneuve-le-beziers.jpg,tech/other,0,0,1,16.0,no-migrar
/sur-les-nouveaux-sentiers-de-randonnee-de-la-haute-garonne/,post (blog),0,0,20,11.1,no-migrar
/foire-de-printemps-du-grand-narbonne/,post (blog),0,0,153,15.6,no-migrar
/bernard-le-coq-joue-pierre-paul-riquet-si-je-navais-pas-ete-acteur-jaurais-ete-dentier/,post (blog),0,0,1,1.0,no-migrar
/calcul-de-distance/,post (blog),0,0,1,1.0,no-migrar
/wp-content/uploads/2015/03/Programme-insolite-pays-cathare-PJ.pdf,tech/other,0,0,4,10.3,no-migrar
/wp-content/uploads/2022/02/VENTENAC-8.jpg,tech/other,0,0,1,19.0,no-migrar
/auberge-de-la-croisade-34-soiree-des-vins-des-vignerons-des-plats-du-vendredi-15-decembre-2017-a-20h/,post (blog),0,0,6,8.8,no-migrar
/6925-2/,post (blog),0,0,2,6.0,no-migrar
/colombiers-une-multitude-de-sculpteurs-et-peintres-a-la-cave-du-chateau/,post (blog),0,0,17,10.6,no-migrar
/bouchon-de-velos-au-bord-du-canal-du-midi-a-toulouse/,post (blog),0,0,6,13.7,no-migrar
/marseillan-animation-du-marche-de-noel/,post (blog),0,0,3,20.7,no-migrar
/aude-naviguez-a-la-fraiche-sur-le-canal-du-midi/,post (blog),0,0,1,6.0,no-migrar
/sur-la-route-sete-philippe-meynard-au-pays-de-brassens/,post (blog),0,0,19,7.7,no-migrar
/classement-des-abords-du-canal-du-midi%E2%80%89-la-colere-darnaud-lafon/,post (blog),0,0,13,13.3,no-migrar
/aude-lharmonie-des-transports-le-dossier-du-siecle/,post (blog),0,0,19,12.0,no-migrar
/une-enquete-publique-pour-conserver-ce-patrimoine/,post (blog),0,0,3,8.3,no-migrar
/histoire-a-deux-voies-le-canal-miroir-des-sciences/,post (blog),0,0,4,7.0,no-migrar
/wp-content/uploads/2020/05/port_de_carcasonne.jpg,tech/other,0,0,3,14.7,no-migrar
/wp-content/uploads/2017/10/04.10.jpg,tech/other,0,0,3,14.0,no-migrar
/beziers-les-allees-aux-couleurs-des-fetes-de-noel/,post (blog),0,0,2,10.0,no-migrar
/cazilhac-11-marche-gourmand-et-du-terroir/,post (blog),0,0,4,10.0,no-migrar
/situe-au-coeur-du-village-des-marques-de-nailloux-loffice-de-tourisme-est-le-lieu-ideal-pour-inventer-vos-sejours-en-lauragais/,post (blog),0,0,13,10.0,no-migrar
/agde-la-restauration-du-fort-brescou-se-fera-avec-vous-patrimoine-u-une-souscription-populaire-est-desormais-ouverte-particuliers-et-entrepreneurs-sont-invites-a-participer/,post (blog),0,0,37,8.1,no-migrar
/carcassonne-platanes-arretez-le-massacre/,post (blog),0,0,2,6.5,no-migrar
/author/pierrette/page/144/,tech/other,0,0,1,18.0,no-migrar
/toulouse-guilhemery-des-droles-de-jupes-pour-les-platanes-du-canal/,post (blog),0,0,19,10.7,no-migrar
/author/pierrette/page/97/,tech/other,0,0,6,8.5,no-migrar
/carcassonne-la-ville-telle-que-vous-la-verrez-a-partir-de-2020/,post (blog),0,0,4,7.5,no-migrar
/ramonville-le-chancre-colore-detecte-pres-de-la-ville/,post (blog),0,0,8,9.5,no-migrar
/canal-du-midi-la-fondation-engie-plante-2500-arbres/,post (blog),0,0,25,10.8,no-migrar
/narbonne-leau-ce-patrimoine-precieux-sexpose-a-la-mediatheque/,post (blog),0,0,5,10.4,no-migrar
/mika-et-son-extravagante-pop-de-retour-a-la-cite/,post (blog),0,0,57,16.4,no-migrar
/au-port-de-bram-soiree-sous-la-plume-de-nougaro/,post (blog),0,0,9,19.2,no-migrar
/3eme-edition-de-gruissan-joue-aux-playmobil/,post (blog),0,0,2,9.5,no-migrar
/wp-content/uploads/2021/05/1920px-Ecluse_canal_du_midi_AGDEFR34.jpg,tech/other,0,0,2,12.5,no-migrar
/ayguesvives-kader-arif-monte-au-creneau-pour-le-canal/,post (blog),0,0,4,6.0,no-migrar
/toulouse-pourquoi-les-arbres-qui-bordent-le-canal-du-midi-ont-ils-un-numero/,post (blog),0,0,1,1.0,no-migrar
/l-hotel-du-clocher-de-rodez-a-toulouse/,post (blog),0,0,86,23.9,no-migrar
/castelnaudary-entre-cascade-art-martial-et-comedie/,post (blog),0,0,8,8.6,no-migrar
/montgiscard-premiere-promenade-litteraire-poetique-et-ludique/,post (blog),0,0,11,8.5,no-migrar
/author/pierrette/page/22/,tech/other,0,0,1,26.0,no-migrar
/jeff-senegas-au-restaurant-la-guinguette/,post (blog),0,0,1,6.0,no-migrar
/narbonnais-le-comedien-bernard-le-coq-sera-au-somail-samedi-10-octobre/,post (blog),0,0,254,3.0,no-migrar
/le-domaine-de-riquet-devoile-des-secrets/,post (blog),0,0,3,21.0,no-migrar
/wp-content/uploads/2017/03/riquet.png,tech/other,0,0,1,16.0,no-migrar
/le-manuscrit-signe-par-louis-xiv-expose-l-toulouse/,post (blog),0,0,1,1.0,no-migrar
/wp-content/uploads/2014/07/scan006.pdf,tech/other,0,0,2,8.5,no-migrar
/bram-350-ans-du-canal-du-midi-cine-et-expo-week-end/,post (blog),0,0,3,3.3,no-migrar
/author/pierrette/page/21/,tech/other,0,0,1,7.0,no-migrar
/castelnaudary/,post (blog),0,0,20,11.1,no-migrar
/photos-du-canal-entre-colombiers-et-beziers/,post (blog),0,0,34,10.2,no-migrar
/toulouse-matabiau-le-projet-de-couverture-du-canal-du-midi-fait-debat/,post (blog),0,0,30,13.5,no-migrar
/wp-content/uploads/2020/03/OTI_CALSTELNAUDARY_P3-2024.jpg,tech/other,0,0,1,6.0,no-migrar
/location-de-bateaux-gites/,page legacy (2013-18),0,0,0,,no-migrar
/fleury-d-aude-l-expo-du-mois/,post (blog),0,0,20,16.1,no-migrar
/chateau-de-riquet-2015-lannee-des-grands-espoirs/,post (blog),0,0,2,8.5,no-migrar
/eric-naulleau-sera-au-comptoir-de-la-part-de-lange-a-portiragnes/,post (blog),0,0,50,14.4,no-migrar
/salleles-d-aude-22eme-anniversaire-du-musee-amphoralis/,post (blog),0,0,1,6.0,no-migrar
/wp-content/uploads/2020/01/Ouvrage_du_Libron.jpg,tech/other,0,0,4,21.3,no-migrar
/ventenac-cabardes-invitation-diaporama-les-canaux-du-midi-vus-du-ciel/,post (blog),0,0,2,9.0,no-migrar
/ginestas-achetez-un-livre-pour-aider-la-lutte-contre-le-cancer/,post (blog),0,0,13,6.1,no-migrar
/wp-content/uploads/2020/04/LE-RESERVOIR_5.jpg,tech/other,0,0,1,27.0,no-migrar
/toulouse-venez-sauver-le-canal-du-midi-en-famille/,post (blog),0,0,35,6.5,no-migrar
/menu-de-paques-au-restaurant-l-eclusier-a-colombiers-34440/,post (blog),0,0,7,34.6,no-migrar
/bonrepos-riquet-septieme-edition-des-journees-des-plantes/,post (blog),0,0,13,10.5,no-migrar
/author/pierrette/page/62/,tech/other,0,0,6,5.5,no-migrar
/nettoyons-le-canal-du-midi-a-carcassonne/,post (blog),0,0,7,7.9,no-migrar
/canal-du-midi-et-mobilitepatrimoine-historique-du-31-mai-au-2-juin/,post (blog),0,0,1,9.0,no-migrar
/wp-content/uploads/2020/05/port_castelnaudary3.jpg,tech/other,0,0,1,22.0,no-migrar
/se-re/,post (blog),0,0,1,5.0,no-migrar
/fonseranes-festival-de-leau-evenement-inaugural-samedi-8-juillet-2017-10h-minuit/,post (blog),0,0,3,42.7,no-migrar
/wp-content/uploads/2014/07/scan014.pdf,tech/other,0,0,6,11.5,no-migrar
/parc/,post (blog),0,0,12,7.7,no-migrar
/des-animations-au-musee-du-canal-du-midi-a-saint-ferreol/,post (blog),0,0,5,6.2,no-migrar
/un-nouveau-pari-touristique-autour-du-canal-du-midi/,post (blog),0,0,2,4.0,no-migrar
/cinema-dautomne-festival-100-region/,post (blog),0,0,73,11.4,no-migrar
/wp-content/uploads/2020/01/OCM-2022-0109-PHOTO-2.jpg,tech/other,0,0,1,34.0,no-migrar
/2016-annee-canal-du-midi/,post (blog),0,0,23,4.5,no-migrar
/wp-content/uploads/2020/03/dsc_0251_1-scaled.jpg,tech/other,0,0,1,72.0,no-migrar
/saint-pons-de-thomieres-conference-autour-de-la-construction-du-canal-du-midi/,post (blog),0,0,7,9.7,no-migrar
/castelnaudary-fete-du-cassoulet-du-16-au-23-aout/,post (blog),0,0,27,9.9,no-migrar
/vacances-au-fil-de-leau-avec-le-boat/,post (blog),0,0,25,37.6,no-migrar
/wp-content/uploads/2014/08/scan.pdf,tech/other,0,0,6,19.8,no-migrar
/wp-content/uploads/2020/06/83517525_10157493202097012_4852403404766445568_o.jpg,tech/other,0,0,2,9.5,no-migrar
/capendu-les-oiseaux-sexposent-au-cafe-de-la-terrasse/,post (blog),0,0,8,16.6,no-migrar
/rustiques-11-un-gite-a-ouvert/,post (blog),0,0,1,1.0,no-migrar
/olonzac-une-exposition-retrospective-au-coin-d-art/,post (blog),0,0,1,7.0,no-migrar
/bar/,post (blog),0,0,1,13.0,no-migrar
/peniches-vendre-sur-canal-tout-savoir-avant-dacheter/,post (blog),0,0,1,1.0,no-migrar
/aigues-mortes-programme-d-automne/,post (blog),0,0,66,32.3,no-migrar
/le-canal-en-famille-une-appli-mobile-projet/,post (blog),0,0,1,1.0,no-migrar
/wp-content/uploads/2014/06/D%C3%A9pliant-Balade-2014.pdf,tech/other,0,0,22,7.0,no-migrar
/wp-content/uploads/2015/09/Tirant_d_Eau_cle7e81f1-fb962.jpg,tech/other,0,0,2,15.0,no-migrar
/350-ans-du-canal-du-midi-balade-photo-au-fil-de-leau-et-des-ecluses/,post (blog),0,0,16,26.3,no-migrar
/pres-de-200-km-de-pistes-cyclables/,post (blog),0,0,20,8.5,no-migrar
/revel-la-bastide-a-la-television-ce-lundi-21-mars/,post (blog),0,0,194,4.6,no-migrar
/3-de-bordeaux-a-sete-780-km-sur-les-rives-de-canaux-de-lentre-deux-mers/,post (blog),0,0,1,1.0,no-migrar
/wp-content/uploads/2021/05/1920px-Canal_du_Midi_%E2%80%93_Ecluse_triple_de_Fontfile_a_Blomac005.jpg,tech/other,0,0,1,20.0,no-migrar
/wp-content/uploads/2020/03/dsc_0249-scaled.jpg,tech/other,0,0,1,40.0,no-migrar
/sous-legide-de-mlle-le-maire-maud-faceira-encadres-par-leur-professeur-dhistoire-geographie-m-seyaret-m-joubert-cpe-et-elodie-schaab-assistante-deducation-les-eleves-du-conseil-intermun/,post (blog),0,0,5,5.6,no-migrar
/demande-dhebergement-le-long-du-canal-du-midi/,page contenu,0,0,0,,no-migrar
/wp-content/uploads/2020/01/OCM-2022-0109-PHOTO.jpg,tech/other,0,0,1,21.0,no-migrar
/wp-content/uploads/2014/11/Sans-titre3.png,tech/other,0,0,1,10.0,no-migrar
/les-secrets-de-la-construction-du-canal-du-midi-a-decouvrir-le-5-mars/,post (blog),0,0,2,3.0,no-migrar
/carcassonne-une-p%C3%A9niche-a-contre-courant/,post (blog),0,0,1,1.0,no-migrar
/gruissan-c-est-le-printemps-des-sens/,post (blog),0,0,11,7.7,no-migrar
/loisirs/locations-de-bateaux/,page legacy (2013-18),0,0,4,43.5,no-migrar
/toulouse-deplacements-a-pied-et-a-velo-comment-faire-mieux/,post (blog),0,0,2,9.5,no-migrar
/zone/frontignan-le-grau-du-roi/,zone/region,0,0,23,9.6,no-migrar
/animations-aigues-mortes-aout-2016/,post (blog),0,0,4,17.8,no-migrar
/2015/page/4/,tech/other,0,0,1,3.0,no-migrar
/canal-du-midi-georges-meric-et-les-elus-au-ministere/,post (blog),0,0,1,5.0,no-migrar
/ramonville-saint-agne-bateaux-sur-pilotis-un-logement-insolite/,post (blog),0,0,1,1.0,no-migrar
/author/pierrette/page/100/,tech/other,0,0,2,9.5,no-migrar
/castelnaudary-un-diaporama-appele-courts-metrages-de-photos/,post (blog),0,0,2,7.5,no-migrar
/promenade-en-bateaux/,page legacy (2013-18),0,0,0,,no-migrar
/author/pierrette/page/95/,tech/other,0,0,2,13.0,no-migrar
/agde-45-km-de-voies-douces-dans-la-cite-et-apres/,post (blog),0,0,3,56.3,no-migrar
/toulouse-2-500-arbres-replantes-cet-hiver/,post (blog),0,0,11,8.5,no-migrar
/actualites-vias-demarrage-chantier-abattage-platanes-sur-le-canal-du-midi/,post (blog),0,0,2,32.5,no-migrar
/canal-du-midi-vite-planter-des-arbres-pour-les-generations-futures/,post (blog),0,0,8,10.0,no-migrar
/salleles-d-aude-a-la-table-de-marcellin-albert/,post (blog),0,0,8,7.8,no-migrar
/puicheric-11-retrouvez-lactualite-deaurizon/,post (blog),0,0,22,13.1,no-migrar
/canal-du-midi-la-navigation-pourra-reprendre-le-17-mars-2019/,post (blog),0,0,1,6.0,no-migrar
/a-pied-a-velo-sur-les-chemins-de-rando/,post (blog),0,0,7,86.6,no-migrar
/boutique/,boutique/compte,0,0,0,,no-migrar
/ramonville-un-dimanche-tres-nature/,post (blog),0,0,1,11.0,no-migrar
/ramonville-saint-agne-canal-du-midi-et-velo-un-beau-mariage/,post (blog),0,0,76,16.4,no-migrar
/wp-content/uploads/2017/11/8-pages-Minervois.pdf,tech/other,0,0,30,12.1,no-migrar
/trebes-cyclos-les-ecolos-des-canaux/,post (blog),0,0,8,9.3,no-migrar
/author/pierrette/page/143/,tech/other,0,0,3,10.0,no-migrar
/wp-content/uploads/2020/05/port_palavas_les_flots2.jpg,tech/other,0,0,1,76.0,no-migrar
/marseillan-le-bassin-de-thau-vu-den-haut/,post (blog),0,0,7,6.7,no-migrar
/edit-royal-expose-au-musee-jardins-du-canal-du-midi/,post (blog),0,0,6,6.5,no-migrar
/courons-ensemble-pour-les-arbres-du-canal-du-midi/,post (blog),0,0,2,5.0,no-migrar
/le-chateau-de-puicheric-est-encore-a-lhonneur/,post (blog),0,0,6,32.8,no-migrar
/colombiers-concert-au-barrio-latino/,post (blog),0,0,1,10.0,no-migrar
/lete-dans-les-vignes-dimanche-a-laure-minervois-alaure-minervois-et-sur-le-territoire-de-gres-qui-lentoure-les-vignes-produisent-un-vin-de-soleil-et-de-garrigue-que-les-hommes-qui-l/,post (blog),0,0,12,8.3,no-migrar
/librairie/,post (blog),0,0,6,6.2,no-migrar
/wp-content/uploads/2017/05/scan006.pdf,tech/other,0,0,3,5.0,no-migrar
/le-lac-de-saint-ferreol-reservoir-du-canal-du-midi-en-cours-de-vidange-pres-de-revel-le-lac-qui-alimente-le-lac-qui-alimente-le-canal-du-midi-en-cours-de-vidange-lassurance-de-decouvrir-des-paysages-rares/,post (blog),0,0,3,3.3,no-migrar
/leucate-le-mondial-du-vent-2014/,post (blog),0,0,4,7.3,no-migrar
/ramonville-saint-agne-le-festival-convivencia-a-anime-le-marche/,post (blog),0,0,6,13.7,no-migrar
/author/pierrette/page/125/,tech/other,0,0,2,12.0,no-migrar
/auberge-de-la-croisade-a-cruzy-34310-soiree-des-vins-des-vignerons-des-plats-2/,post (blog),0,0,29,10.2,no-migrar
/festivites-estivales-a-frontignan/,post (blog),0,0,2,53.5,no-migrar
/2015/09/,tech/other,0,0,1,13.0,no-migrar
/actualites-festivites-aigues-mortes/,post (blog),0,0,17,28.5,no-migrar
/colombiers-34-plus-darbres-pour-plus-de-vie-au-bord-du-canal-environnement-u-les-cp-et-ce2-de-colombiers-ont-mis-en-terre-des-plantes-vivaces/,post (blog),0,0,2,5.5,no-migrar
/resultat/,page legacy (2013-18),0,0,0,,no-migrar
/fiche/ecluse-de-renneville-renneville_TFOPCUMID031V503H5B/,fiche,0,0,1,1.0,ya-2026
/cap-dagde-il-celebre-les-350-ans-du-canal-du-midi-avec-le-reve-de-riquet-le-27-mars-2016/,post (blog),0,0,12,7.4,no-migrar
/revel-georges-artemoff-revit-dans-la-cite/,post (blog),0,0,3,8.7,no-migrar
/cycleau-midi-metait-conte-se-lance-dans-laventure/,post (blog),0,0,13,9.4,no-migrar
/author/pierrette/page/102/,tech/other,0,0,1,10.0,no-migrar
/canal-du-midi-les-ecluses-de-fonseranes-en-liberte/,post (blog),0,0,195,63.2,no-migrar
/le-somail-menu-de-fin-d-annee-a-l-o-a-la-bouche/,post (blog),0,0,4,21.5,no-migrar
/pays-lauragais-les-projets-du-petr-pour-2016/,post (blog),0,0,152,11.5,no-migrar
/toulouse-un-ballet-nautique-pour-les-350-ans-du-canal-du-midi/,post (blog),0,0,10,12.3,no-migrar
/narbonne-a-la-decouverte-du-quartier-of-bourg/,post (blog),0,0,1,1.0,no-migrar
/toulouse-une-journee-avec-riquet-7-decembre-2016/,post (blog),0,0,1,6.0,no-migrar
/narbonne-septembre-un-bon-mois-pour-loffice-de-tourisme/,post (blog),0,0,12,6.5,no-migrar
/5157-2/,post (blog),0,0,28,18.2,no-migrar
/patrimoine-une-journee-a-la-visite-du-lolive-et-du-somail/,post (blog),0,0,1,1.0,no-migrar
/le-voyage-des-collegiens-a-bicyclette-jusqua-la-mer/,post (blog),0,0,9,7.1,no-migrar
/kader-arif-et-au-fil-de-lo-veulent-assurer-lavenir-du-canal-du-midi/,post (blog),0,0,1,72.0,no-migrar
/castelnaudary-deux-anciens-militaires-pagaient-pour-la-bonne-cause/,post (blog),0,0,46,13.7,no-migrar
/mesdames-les-capitaines-veillent-sur-les-ports/,post (blog),0,0,1,8.0,no-migrar
/revel-demain-on-passe-la-nuit-dans-les-musees/,post (blog),0,0,2,57.0,no-migrar
/wp-content/uploads/2017/06/27.06.jpg,tech/other,0,0,1,4.0,no-migrar
/conference-sur-pierre-paul-riquet/,post (blog),0,0,2,4.0,no-migrar
/author/pierrette/page/12/,tech/other,0,0,1,8.0,no-migrar
/wp-content/uploads/2020/01/sans-titre-1_11.jpeg,tech/other,0,0,1,51.0,no-migrar
/author/pierrette/page/109/,tech/other,0,0,1,12.0,no-migrar
/journees-europeennes-du-patrimoine-au-musee-jardins-du-canal-du-midi/,post (blog),0,0,1,8.0,no-migrar
/carcassonne-des-arbres-abattus-pour-une-belle-vue-sur-la-cite/,post (blog),0,0,1,12.0,no-migrar
/wp-content/uploads/2014/07/scan032.pdf,tech/other,0,0,1,50.0,no-migrar
/vias-la-magie-de-noel-sinstalle-et-fait-scintiller-la-commune-les-animations-debutent-ce-vendredi-18-decembre-au-soir/,post (blog),0,0,4,8.0,no-migrar
/fiche/ecluse-ecluse-bayard/,fiche,0,0,1,1.0,ya-2026
/en/,post (blog),0,0,1,7.0,no-migrar
/author/pierrette/page/114/,tech/other,0,0,2,8.5,no-migrar
/l-auberge-du-somail-a-ouvert-ses-portes/,post (blog),0,0,1,9.0,no-migrar
/wp-content/uploads/2021/05/ecluse_de_laurens.png,tech/other,0,0,2,2.5,no-migrar
/sorreze-une-centaine-de-personnes-pour-la-bourse-dechanges-touristiques/,post (blog),0,0,5,10.8,no-migrar
/castanet-tolosan-comite-de-pilotage-pour-le-canal-du-midi/,post (blog),0,0,31,10.7,no-migrar
/castelnaudary-labattage-continue-lentree-de-la-ville/,post (blog),0,0,1,1.0,no-migrar
/aude-600-km-en-paddle-sur-le-canal-du-midi-pour-une-ex-femme-battue/,post (blog),0,0,10,17.4,no-migrar
/le-somail-philippe-calas-presente-son-dernier-livre/,post (blog),0,0,1,3.0,no-migrar
/wp-content/uploads/2016/01/2239075_055_12370019_1000x500.jpg,tech/other,0,0,3,40.3,no-migrar
/canal-du-midi-une-nouvelle-campagne-dabattage-de-platanes-lherault/,post (blog),0,0,1,1.0,no-migrar
/6042-2/,post (blog),0,0,10,14.5,no-migrar
/le-somail-reveillon-du-31-decembre/,post (blog),0,0,14,19.1,no-migrar
/villeneuve-les-beziers-lire-oc-canal-point-lecture-au-bord-du-canal-du-midi/,post (blog),0,0,1,46.0,no-migrar
/castelnaudary-loffice-fluvial-decroche-le-label-pavillon-bleu/,post (blog),0,0,10,6.8,no-migrar
/post-category/photos-et-videos/,post-category,0,0,6,31.7,no-migrar
/didier-garcia-un-inspire-par-le-canal-du-midi/,post (blog),0,0,1,1.0,no-migrar
/wp-content/uploads/2020/05/canal_de_la_robine-1-scaled.jpg,tech/other,0,0,10,36.0,no-migrar
/33-millions-recueillis-pour-remplacer-les-platanes-du-canal-du-midi/,post (blog),0,0,4,6.8,no-migrar
/se-restaurer/bateau-restaurant/,page legacy (2013-18),0,0,6,14.8,no-migrar
/artisanat/,page legacy (2013-18),0,0,3,5.0,no-migrar
/narbonne-les-halles-ont-l-ame-bien-vivante/,post (blog),0,0,5,7.8,no-migrar
/le-chancre-colore-extrait-jusqua-la-racine-tout-au-long-du-canal/,post (blog),0,0,2,10.0,no-migrar
/wp-content/uploads/2021/06/MOULIN_P3-2024.jpg,tech/other,0,0,1,25.0,no-migrar
/projet-de-tournage-sur-le-canal-du-midi-le-songe-de-paul-riquet/,post (blog),0,0,14,7.9,no-migrar
/marseillan-une-arrivee-au-gout-sal%C3%A9/,post (blog),0,0,1,1.0,no-migrar
/wp-content/uploads/2021/02/1-scaled.jpg,tech/other,0,0,1,19.0,no-migrar
/lecho-de-la-robine-a-fait-lunanimite/,post (blog),0,0,2,60.0,no-migrar
/wp-content/uploads/2016/02/naurouze-canal-596x400.jpg,tech/other,0,0,2,43.5,no-migrar
/actualite-aigues-mortes/,post (blog),0,0,27,26.0,no-migrar
/ca-tourne-au-chateau/,post (blog),0,0,1,5.0,no-migrar
/wp-content/uploads/2020/05/vignobles_corbieres-scaled.jpg,tech/other,0,0,2,10.5,no-migrar
/vaccin-du-chancre-colore-le-cetev-ne-jette-pas-leponge/,post (blog),0,0,10,18.0,no-migrar
/debroussaillage-du-canal-du-midi/,post (blog),0,0,4,6.5,no-migrar
/tresors-dalaric-1er-marche-de-producteurs-de-pays-de-lete/,post (blog),0,0,12,14.8,no-migrar
/canal-du-midi-les-vignerons-embarquent-a-bord/,post (blog),0,0,25,12.4,no-migrar
/wp-content/uploads/2016/01/pont-des-marchands.jpg,tech/other,0,0,9,23.4,no-migrar
/dons-mecenat-un-enorme-elan-de-generosite-pour-sauver-les-platanes-du-canal-du-midi-la-maladie-qui-touche-les-platanes-du-canal-du-midi-entraine-vnf-a-reamenager-les-berges-de-plus-en-plus-de-dona/,post (blog),0,0,17,34.2,no-migrar
/exposition-pop-up-le-canal/,post (blog),0,0,1,9.0,no-migrar
/toulouse-spectacle-de-lembouchure-on-recherche-des-figurants/,post (blog),0,0,4,7.3,no-migrar
/verif-page-facebook/,page contenu,0,0,0,,no-migrar
/calcul-distance-canal-du-midi/,post (blog),0,0,1,1.0,no-migrar
/author/pierrette/page/88/,tech/other,0,0,1,33.0,no-migrar
/wp-content/uploads/2014/09/scan003.pdf,tech/other,0,0,3,34.7,no-migrar
/wp-content/uploads/2015/10/12046713_654214828014495_6935157560136590026_n.png,tech/other,0,0,4,5.8,no-migrar
/fiche/halte-plaisance-fluviale-frontignan/,fiche,0,0,1,1.0,ya-2026
/medievales-de-baziege/,post (blog),0,0,5,11.8,no-migrar
/projet-marie-therese/,post (blog),0,0,5,9.0,no-migrar
/pavillon-bleu-toulouse-et-5-ports-de-laude-recompenses/,post (blog),0,0,8,8.9,no-migrar
/le-canal-du-midi-en-danger-il-est-urgent-de-se-mobiliser/,post (blog),0,0,11,8.2,no-migrar
/trebes-le-ruban-vert-petille-de-couleurs/,post (blog),0,0,3,7.3,no-migrar
/evenement-festif-et-gratuit-et-ouvert-a-tous-venez-nombreux/,post (blog),0,0,3,6.3,no-migrar
/ramonville-les-recreatives-en-balade-sur-le-canal/,post (blog),0,0,4,7.5,no-migrar
/toulouse-bayard-apres-le-debroussaillage-la-chasse-aux-detritus/,post (blog),0,0,18,19.2,no-migrar
/toulouse-aller-voir-de-vieux-bateaux-a-bord-dun-vieux-train/,post (blog),0,0,1,12.0,no-migrar
/wp-content/uploads/2014/07/scan026.pdf,tech/other,0,0,1,6.0,no-migrar
/site-web-en-maintenance/,page contenu,0,0,0,,no-migrar
/le-restaurant-le-9-a-ouvert-aux-9-ecluses-de-beziers/,post (blog),0,0,57,11.6,no-migrar
/canal-du-midi-un-vaccin-pour-les-platanes-sera-teste-a-castelnaudary-et-a-salleles-daude/,post (blog),0,0,5,7.2,no-migrar
/location-bateaux-profitez-des-offres-de-derniere-minute/,post (blog),0,0,12,51.3,no-migrar
/le-somail-la-compagnie-de-bateaux-nicol-s-ouvre-ses-portes/,post (blog),0,0,2,8.0,no-migrar
/plus-de-la-moitie-des-platanes-abattus-restent-a-replanter/,post (blog),0,0,2,8.5,no-migrar
/wp-content/uploads/2020/01/s%C3%A8te-1-1024x576.jpg,tech/other,0,0,1,10.0,no-migrar
/la-grande-librairie-en-direct-du-somail-le-trouve-tout-du-livre/,post (blog),0,0,139,50.5,no-migrar
/castelmaurou-a-la-decouverte-de-letonnant-monsieur-riquet/,post (blog),0,0,3,6.3,no-migrar
/narbonne-est-prete-a-revetir-son-blanc-manteau/,post (blog),0,0,14,13.0,no-migrar
/se-restaurer/snacks/,page legacy (2013-18),0,0,15,8.0,no-migrar
/le-canal-en-heritage-2/,post (blog),0,0,1,5.0,no-migrar
/carcassonne-jean-claude-perez-veut-interdire-labattage-des-platanes-non-touches/,post (blog),0,0,3,8.7,no-migrar
/wp-content/uploads/2014/04/scan1.pdf,tech/other,0,0,12,13.8,no-migrar
/la-domitienne-festival-invitations-toute-la-saveur-de-la-huitieme-edition-du-22-aout-au-13-septembre-de-nombreux-spectacles-prevus/,post (blog),0,0,27,10.9,no-migrar
/objectif-mars-2020-2-000-nouveaux-arbres-pour-le-canal-du-midi/,post (blog),0,0,41,10.5,no-migrar
/art-de-vivre-olives/,post (blog),0,0,4,34.8,no-migrar
/castanet-tolosan-le-cine-113-a-fait-decouvrir-le-vrai-riquet/,post (blog),0,0,138,23.5,no-migrar
/castanet-tolosan-maison-eclusiere-le-reve-se-concretise/,post (blog),0,0,29,12.3,no-migrar
/toulouse-mue-la-garonne-et-le-canal-du-midi-en-voies-de-transport/,post (blog),0,0,2,10.5,no-migrar
/wp-content/uploads/2025/03/APC-Programme-des-visites-V3.pdf,tech/other,0,0,5,7.8,no-migrar
/carcassonne-relooking-pour-les-platanes-sur-les-grands-boulevards/,post (blog),0,0,25,9.8,no-migrar
/2016/page/30/,tech/other,0,0,1,6.0,no-migrar
/wp-content/uploads/2021/05/Beziers_Fonseranes.jpg,tech/other,0,0,4,16.5,no-migrar
/le-canal-de-la-robine-sous-la-neige/,post (blog),0,0,68,57.1,no-migrar
/wp-content/uploads/2014/09/Septembre-Octobre1.pdf,tech/other,0,0,39,11.8,no-migrar
/wp-content/uploads/2020/05/port_du_somail.jpg,tech/other,0,0,4,14.8,no-migrar
/la-redorte-riquet-a-eu-du-mal-a-joindre-les-deux-bouts/,post (blog),0,0,2,10.0,no-migrar
/author/franceditpao/,tech/other,0,0,10,5.1,no-migrar
/vias-redemarrage-des-croisieres-musicales-sur-le-canal-du-midi/,post (blog),0,0,10,18.2,no-migrar
/wp-content/uploads/2020/05/vignobles_limoux-scaled.jpg,tech/other,0,0,1,7.0,no-migrar
/rapport-activite-vnf/,post (blog),0,0,2,9.5,no-migrar
/wp-content/uploads/2014/04/scan005.pdf,tech/other,0,0,1,12.0,no-migrar
/wp-content/uploads/2020/05/port_de_l_embouchure.jpg,tech/other,0,0,3,12.3,no-migrar
/agenda-des-animations-office-de-tourisme-du-haut-minervois/,post (blog),0,0,1,10.0,no-migrar
/portiragnes-34420-l-ecluse-a-pris-un-coup-de-neuf/,post (blog),0,0,69,33.7,no-migrar
/colombiers-34-des-rives-du-canal-a-l-etang-de-montady/,post (blog),0,0,11,19.3,no-migrar
/wp-content/uploads/2016/04/Affiche-Expos-Mensuelle-mai-16.pdf,tech/other,0,0,1,4.0,no-migrar
/la-barque-de-poste-le-bateau-du-midi/,post (blog),0,0,1,1.0,no-migrar
/ventenac-cabardes-le-chef-doeuvre-de-riquet-sur-grand-ecran/,post (blog),0,0,5,3.2,no-migrar
/dans-la-presse-italienne/,post (blog),0,0,2,9.0,no-migrar
/abords-du-canal-du-midi-au-prefet-de-trouver-une-solution/,post (blog),0,0,2,7.5,no-migrar
/plantation-de-platanes-badet-clement-en-soutien-du-canal-du-midi/,post (blog),0,0,1,4.0,no-migrar
/accueil-demo/,page contenu,0,0,1,7.0,no-migrar
/les-balades-vigneronnes/,post (blog),0,0,1,5.0,no-migrar
/officiels-agglo-beziers-agglo-beziers-cabm-canal-du-midi-du-malpas-a-fonseranes-frederic-lacas-presente-loperation-grand-site-de-france-aux-professionnels-agglo-beziers-cabm-canal-du/,post (blog),0,0,18,7.3,no-migrar
/pour-sa-sauvegarde-le-canal-du-midi-soffre-une-nouvelle-operation-de-mecenat/,post (blog),0,0,8,12.3,no-migrar
/ventenac-cabardes-la-fabuleuse-histoire-de-monsieur-riquet/,post (blog),0,0,56,8.1,no-migrar
/author/pierrette/page/11/,tech/other,0,0,7,10.0,no-migrar
/la-domitienne-le-label-qui-booste-la-destination-oenotouristique-la-demarche-vignobles-et-decouvertes-a-abouti-avec-succes/,post (blog),0,0,4,6.3,no-migrar
/vias-operation-dabattage-des-platanes-du-canal-du-midi-a-partir-du-15-fevrier-2018/,post (blog),0,0,45,20.4,no-migrar
/a-la-recherche-du-vrai-paul-riquet/,post (blog),0,0,7,10.6,no-migrar
/les-festivites-de-riquet-cest-pour-bientot/,post (blog),0,0,1,6.0,no-migrar
/carcassonne-une-utopie-du-xixe-siecle-le-canal-maritime/,post (blog),0,0,19,6.6,no-migrar
/beziers-problemes-actuels-et-avenir-du-canal-du-midi-au-cafe-citoyen-de-beziers/,post (blog),0,0,13,8.5,no-migrar
/palaja-soirees-musicales/,post (blog),0,0,1,7.0,no-migrar
/les-ecluses-du-canal-du-midi/,page legacy (2013-18),0,0,54,37.2,no-migrar
/fete-de-la-gastronomie-a-colombiers-34440/,post (blog),0,0,7,7.4,no-migrar
/region/villesequelande/,zone/region,0,0,56,11.1,no-migrar
/region-lezignanaise-une-motion-contre-labattage-massif-des-platanes-du-canal-du-midi/,post (blog),0,0,4,8.8,no-migrar
/agglo-beziers-cabm-vingt-journalistes-issus-de-la-presse-nationale-decouvrent-la-rehabilitation-de-fonseranes/,post (blog),0,0,5,17.4,no-migrar
/le-somail-rencontre-avec-michele-teysseyre/,post (blog),0,0,3,8.0,no-migrar
/plus-que-10-jours-pour-le-concours-instagram/,post (blog),0,0,1,16.0,no-migrar
/wp-content/uploads/2014/12/scan005.pdf,tech/other,0,0,2,9.5,no-migrar
/loisirs/parcs-de-loisirs/,page legacy (2013-18),0,0,0,,no-migrar
/exposition-capendu-11700/,post (blog),0,0,4,6.8,no-migrar
/tunnel-de-malpas/,post (blog),0,0,1,1.0,no-migrar
/devenez-acteur-du-canal-du-midi-sur-internet/,post (blog),0,0,21,8.5,no-migrar
/loisirs/,page legacy (2013-18),0,0,28,1.1,no-migrar
/le-canal-du-midi-devie-de-toulouse/,post (blog),0,0,115,13.4,no-migrar
/linnovation-au-service-de-tous-a-marseillan-les-caves-richmer-produisent-leurs-propres-levures/,post (blog),0,0,74,7.4,no-migrar
/le-cassoulet-cest-castelnaudary/,post (blog),0,0,63,28.5,no-migrar
/loffice-de-tourisme-sur-une-gabarre/,post (blog),0,0,3,7.7,no-migrar
/bonrepos-riquet-premier-concert-pour-lorangerie-du-chateau/,post (blog),0,0,9,8.7,no-migrar
/port-la-nouvelle-le-soutien-sans-faille-des-elus-locaux-a-la-motion-dandre-viola/,post (blog),0,0,26,43.7,no-migrar
/wp-content/uploads/2020/04/ocm-2011-0161_2_1.jpg,tech/other,0,0,1,25.0,no-migrar
/wp-content/uploads/2020/04/LA-GUIGUETTE_P4-2024.jpg,tech/other,0,0,1,26.0,no-migrar
/j-p-quaglieri-soucieux-des-consequences-du-nouveau-zonage-du-canal-du-midi/,post (blog),0,0,5,6.0,no-migrar
/beziers-canal-du-midi-beziers-est-desormais-grand-site-doccitanie/,post (blog),0,0,4,9.3,no-migrar
/toulouse-velo-pourquoi-ca-ne-roule-pas-plus/,post (blog),0,0,7,9.6,no-migrar
/villeneuve-minervois-si-pierre-paul-riquet-metait-conte/,post (blog),0,0,34,23.6,no-migrar
/retour-sur-la-vie-dur-batisseur-du-canal-du-midi/,post (blog),0,0,2,1.0,no-migrar
/aigues-mortes-programme-de-septembreoctobre/,post (blog),0,0,19,51.6,no-migrar
/office-de-tourisme-intercommunal-du-canal-du-midi-une-mine-dinformations-et-dimages-sur-le-canal-du-midi-et-nos-villages/,post (blog),0,0,41,17.6,no-migrar
/region/le-somail/,zone/region,0,0,33,58.2,no-migrar
/programme-espace-culturel-le-chai-capendu/,post (blog),0,0,5,8.2,no-migrar
/expo-a-la-mediatheque-sur-le-canal-du-midi-a-belberaud-31-du-11112015-au-25112015/,post (blog),0,0,5,6.6,no-migrar
/pompertuzat-un-vrombissement-insolite/,post (blog),0,0,18,7.4,no-migrar
/narbonne-l-histoire-du-midi-viticole/,post (blog),0,0,17,8.1,no-migrar
/voie-verte-veloroute/,post (blog),0,0,1,1.0,no-migrar
/colombiers-trois-artistes-exposent-a-la-cave-du-chateau/,post (blog),0,0,7,8.6,no-migrar
/se-restaurer/tables-dhote/,page legacy (2013-18),0,0,0,,no-migrar
/canal-du-midi-francois-hollande-dans-laude-samedi/,post (blog),0,0,2,5.5,no-migrar
/capestang-le-cid/,post (blog),0,0,9,6.3,no-migrar
/wp-content/uploads/2020/03/MAISON-CANTONNIERE-Colle%CC%81giale.png,tech/other,0,0,1,2.0,no-migrar
/la-curieuse-visite-curieuse/,post (blog),0,0,1,9.0,no-migrar
/region/villepinte/,zone/region,0,0,32,7.5,no-migrar
/la-randonnee-nouvel-eldorado-touristique-pour-laude/,post (blog),0,0,10,26.1,no-migrar
/wp-content/uploads/2020/05/20240426_134352-scaled.jpg,tech/other,0,0,1,59.0,no-migrar
/portiragnes-rencontre-et-degustation-de-vins/,post (blog),0,0,44,11.1,no-migrar
/le-conservatoire-du-grand-narbonne-en-fete/,post (blog),0,0,36,29.7,no-migrar
/tete-daffiche-et-mix-electro-les-jardins-sonores-vont-enflammer-le-port-de-lembouchure-a-toulouse/,post (blog),0,0,5,24.4,no-migrar
/une-charte-pour-le-canal-du-midi/,post (blog),0,0,83,8.4,no-migrar
/castelnaudary-petits-travaux-au-canal-du-midi-pendant-le-chomage/,post (blog),0,0,26,12.4,no-migrar
/salleles-d-aude-les-travaux-a-venir-en-ville/,post (blog),0,0,5,13.2,no-migrar
/toulouse-la-strategie-de-la-ville-pour-etre-classee-au-patrimoine-mondial/,post (blog),0,0,3,17.7,no-migrar
/la-varangue-le-canal-du-midi-raconte-autrement/,post (blog),0,0,22,7.1,no-migrar
/marseillan-la-maison-noilly-fait-peau-neuve/,post (blog),0,0,63,19.2,no-migrar
/wp-content/uploads/2020/05/port_saint_sauveur2.jpg,tech/other,0,0,1,5.0,no-migrar
/le-canal-son-passe-et-son-avenir/,post (blog),0,0,8,8.6,no-migrar
/le-downtown-factory-un-nouveau-lieu-qui-veut-casser-les-codes-de-la-fete-au-centre-ville-de-toulouse/,post (blog),0,0,61,6.8,no-migrar
/?page_id=18502,page contenu,0,0,0,,no-migrar
/ou-vit-on-le-mieux-beziers-ou-narbonne/,post (blog),0,0,22,8.5,no-migrar
/narbonne-la-qualite-tourisme-a-loffice-de-tourisme/,post (blog),0,0,6,7.2,no-migrar
/vias-regine-anselme-decoree-de-la-medaille-du-tourisme/,post (blog),0,0,14,4.2,no-migrar
/carcassonne-deux-villes-plutot-quune-miss-au-point-pour-seance-photos-a-la-cite-le-samedi-6-decembre-camille-cerf-a-ete-elue-miss-france-2015-une-election-suivie-par-des-million/,post (blog),0,0,11,13.1,no-migrar
/muret-m-riquet-au-cinema-voyage-jubilatoire/,post (blog),0,0,3,3.7,no-migrar
/vias-un-marche-des-producteurs-de-pays-tous-les-lundis-matins-ce-nouveau-rendez-vous-sera-inaugure-la-semaine-prochaine/,post (blog),0,0,35,47.0,no-migrar
/accueil-plus-que-chaleureux-a-castelnaudary/,post (blog),0,0,22,14.9,no-migrar
/de-nouveaux-velos-en-libre-service-a-toulouse/,post (blog),0,0,1,3.0,no-migrar
/bonrepos-riquet-chateau-de-riquet-le-retour-des-visites-estivales/,post (blog),0,0,16,12.3,no-migrar
/un-nouveau-restaurant-au-somail/,post (blog),0,0,66,32.7,no-migrar
/se-restaurer/,page legacy (2013-18),0,0,0,,no-migrar
/montbrun-lauragais-metro-le-plb-rejoindra-le-moulin-une-source-proche-du-maire-de-toulouse-nous-a-revele-travailler-sur-un-projet-de-desserte-de-montbrun-lauragais-par-le-prolongement-de-la-ligne-b/,post (blog),0,0,18,7.9,no-migrar
/fiche/palmyra-golf/,fiche,0,0,18,8.6,ya-2026
/les-benevoles-preparent-le-domaine-de-riquet/,post (blog),0,0,8,6.3,no-migrar
/wp-content/uploads/2021/06/moulin_de_cugarel.jpg,tech/other,0,0,1,15.0,no-migrar
/region/salleles-daude/,zone/region,0,0,36,10.2,no-migrar
/wp-content/uploads/2020/05/port_de_l_embouchure3.jpg,tech/other,0,0,4,12.0,no-migrar
/author/pierrette/page/45/,tech/other,0,0,1,10.0,no-migrar
/marseillan-lectures-et-musique-sur-le-parvis-de-la-mediatheque/,post (blog),0,0,18,20.1,no-migrar
/wp-content/uploads/2020/03/OT-CASTELNAUDARY_P2-2025.jpg,tech/other,0,0,1,13.0,no-migrar
/le-grand-carcassonne-enflamme-le-canal-du-midi/,post (blog),0,0,2,9.0,no-migrar
/actualites-portiragnes-portiragnes/,post (blog),0,0,7,10.7,no-migrar
/troisieme-viree-dautomne-dans-la-narbonnaise-a-ne-pas-rater-aujourdhui/,post (blog),0,0,1,6.0,no-migrar
/toulouse-660-litres-de-dechets-ramasses-sur-les-berges/,post (blog),0,0,52,9.9,no-migrar
/le-periple-sur-le-canal-d-un-internaute-sebastien/,post (blog),0,0,5,21.4,no-migrar
/la-guinguette-d-argens-repas-concert/,post (blog),0,0,1,2.0,no-migrar
/le-songe-de-naurouze-le-cine-get-fait-le-plein-de-candidats-figurants-a-revel/,post (blog),0,0,25,28.7,no-migrar
/navicanal-croisiere-sur-le-canal-du-midi-et-des-deux-mers-canaldumid/,post (blog),0,0,29,10.2,no-migrar
/7313-2/,post (blog),0,0,2,8.5,no-migrar
/officiels-agglo-beziers-beziers-herault-lancement-de-loperation-grand-site-du-canal-du-midi-du-malpas-a-fonseranes/,post (blog),0,0,3,6.7,no-migrar
/wp-content/uploads/2016/02/rando-seuil-naurouze.jpg,tech/other,0,0,1,18.0,no-migrar
/hotellerie-de-plein-air/,page legacy (2013-18),0,0,0,,no-migrar
/6496-2/,post (blog),0,0,69,9.9,no-migrar
/la-chasse-aux-oeufs-est-ouverte-au-chateau-des-carrasses/,post (blog),0,0,4,7.8,no-migrar
/offre-st-valentin-en-bateau-habitable/,post (blog),0,0,1,6.0,no-migrar
/wp-content/uploads/2017/07/DP_FONSERANES_v5.pdf,tech/other,0,0,50,10.8,no-migrar
/samedi-conference-les-eaux-de-la-montagne-noire-colloques-et-conferences-canal-du-midi/,post (blog),0,0,4,14.0,no-migrar
/agenda-des-animations-du-haut-minervois-30-janvier-2014/,post (blog),0,0,21,22.0,no-migrar
/le-canal-du-midi-sera-classe-monument-historique-pour-rassurer-lunesco/,post (blog),0,0,2,8.5,no-migrar
/marseillan-nouveaute-les-dejeuners-dete-de-la-maison-noilly-prat/,post (blog),0,0,27,9.0,no-migrar
/6797-2/,post (blog),0,0,14,14.0,no-migrar
/gites-ruraux/,page legacy (2013-18),0,0,0,,no-migrar
/services-utiles/voiture-de-transport-avec-chauffeur/,page legacy (2013-18),0,0,0,,no-migrar
/capestang-un-concert-un-voyage/,post (blog),0,0,10,6.3,no-migrar
/les-350-ans-du-canal-du-midi/,post (blog),0,0,3,14.7,no-migrar
/revel-des-visites-guidees-tout-lete/,post (blog),0,0,2,6.0,no-migrar
/trois-villes-narbonne-carcassonne-et-beziers-sassocient-pour-un-canal/,post (blog),0,0,17,9.0,no-migrar
/cuxac-d-aude-14e-randovignes/,post (blog),0,0,8,9.4,no-migrar
/services-utiles/centre-commercial/,page legacy (2013-18),0,0,0,,no-migrar
/castelnaudary-labattage-continue-a-lentree-de-la-ville-2/,post (blog),0,0,3,9.3,no-migrar
/author/pierrette/page/67/,tech/other,0,0,1,6.0,no-migrar
/le-somail-5eme-manifestation-de-lart-et-des-mots-au-bord-de-leau/,post (blog),0,0,5,9.2,no-migrar
/wp-content/uploads/2020/04/LE-RESERVOIR_4.jpg,tech/other,0,0,1,18.0,no-migrar
/le-tunnel-du-malpas/,post (blog),0,0,1,1.0,no-migrar
/premiere-course-nautique-sur-le-canal-du-midi/,post (blog),0,0,2,5.0,no-migrar
/au-coeur-du-languedoc-les-territoires-sautent-les-frontieres/,post (blog),0,0,13,6.2,no-migrar
/promeneurs-et-particuliers-prenez-garde-a-la-chenilleprocessionnaire%E2%80%AC/,post (blog),0,0,1,9.0,no-migrar
/beziers-balade-au-canal-du-midi-le-samedi-7-mars/,post (blog),0,0,55,44.6,no-migrar
/salleles-d-aude-des-pistes-pour-valoriser-leconomie-autour-du-canal/,post (blog),0,0,1,5.0,no-migrar
/port-la-nouvelle-marie-demunter-fixe-l-itinerance/,post (blog),0,0,8,9.8,no-migrar
/wp-content/uploads/2015/03/Vernissage-la-caunette.doc,tech/other,0,0,10,4.9,no-migrar
/le-canal-du-midi-souvre-aussi-a-levangelisation/,post (blog),0,0,12,7.2,no-migrar
/peyriac-de-mer-la-balde-des-5-sens-se-prepare/,post (blog),0,0,29,16.0,no-migrar
/exposition-sur-le-canal-du-midi/,post (blog),0,0,3,6.7,no-migrar
/region/quarante/,zone/region,0,0,1,3.0,no-migrar
/castanet-tolosan-des-promenades-en-canoe/,post (blog),0,0,68,18.9,no-migrar
/le-somail-la-nature-reprend-ses-droits/,post (blog),0,0,1,8.0,no-migrar
/82340-%C2%80-recoltes-par-canalissimo-pour-replanter-le-canal-du-midi/,post (blog),0,0,1,10.0,no-migrar
/port-la-nouvelle-sainte-lucie-le-domaine-devrait-accueillir-des-gites-de-groupe/,post (blog),0,0,9,29.8,no-migrar
/wp-content/uploads/2020/05/port_de_l_embouchure2.jpg,tech/other,0,0,2,25.5,no-migrar
/post-category/actualites/marches-et-vide-greniers/,post-category,0,0,11,5.8,no-migrar
/voies-navigables-de-france-en-quete-declusiers-saisonniers/,post (blog),0,0,9,7.6,no-migrar
/carcassonne-ce-trace-2016-ressemble-davantage-a-celui-dun-marathon-athletisme-gerard-laterrasse-president-de-lasc-athletisme-interview/,post (blog),0,0,2,8.5,no-migrar
/du-cetev-a-linsa-des-solutions-en-stand-by/,post (blog),0,0,8,15.3,no-migrar
/wp-content/uploads/2016/05/Animations-juin.pdf,tech/other,0,0,44,15.9,no-migrar
/canal-du-midi-bernard-le-coq-evoque-son-futur-role-de-pierre-paul-riquet/,post (blog),0,0,17,5.7,no-migrar
/wp-content/uploads/2022/02/OCM-2022-0053_PHOTO-2.jpg,tech/other,0,0,1,2.0,no-migrar
/revel-prets-pour-la-nouvelle-saison-touristique-tourisme-musee-et-jardins-du-canal-du-midi/,post (blog),0,0,5,30.8,no-migrar
/canal-trouver-des-solutions-pour-soigner-sans-empoisonner/,post (blog),0,0,1,26.0,no-migrar
/loccitanie-a-lance-un-appel-a-projets-pour-creer-un-reseau-des-plus-beaux-sites-regionaux-%E2%97%97-les-elus-et-laure-dandoque-rassembles-hier-51-millions-deuros-pour-for/,post (blog),0,0,8,19.0,no-migrar
/lecture-au-trouve-tout-du-livre-le-somail/,post (blog),0,0,5,5.6,no-migrar
/fiche/maison-rassier/,fiche,0,0,3,12.7,ya-2026
/peniches-a-vendre-sur-le-canal-tout-savoir-andet-dacheter/,post (blog),0,0,1,1.0,no-migrar
/fiche/port-segala/,fiche,0,0,1,3.0,ya-2026
/toulouse-matabiau-les-jeunes-du-cfa-ont-nettoye-les-berges-du-canal-du-midi/,post (blog),0,0,17,8.6,no-migrar
/hotel-barge-clair-de-lune-will-cruise-a-new-route/,post (blog),0,0,48,9.5,no-migrar
/france-3-languedoc-roussillon-sinstalle-chaque-jour-de-lete-au-bord-du-canal-du-midi/,post (blog),0,0,1,5.0,no-migrar
/les-jeudis-a-grand-moulin-2/,post (blog),0,0,2,6.5,no-migrar
/trebes-le-canal-raconte-aux-adultes-par-des-ados/,post (blog),0,0,6,10.0,no-migrar
/classement-des-abords-du-canal-la-commission-dit-non/,post (blog),0,0,2,9.5,no-migrar
/narbonne-le-documentaire-sur-riquet-franchit-les-10-000-entrees-videos/,post (blog),0,0,2,4.5,no-migrar
/les-musees-se-visiteront-de-nuit-13e-edition-nuit-europeenne-des-musees/,post (blog),0,0,33,14.8,no-migrar
/capendu-objectif-image-11/,post (blog),0,0,9,7.2,no-migrar
/les-arts-embarquent-sur-une-peniche-le-1er-mai-a-toulouse/,post (blog),0,0,37,8.4,no-migrar
/ramonville-atelier-de-peinture-au-canal/,post (blog),0,0,15,9.7,no-migrar
/nouvelle-exposition-au-musee-du-verre-expos-a-soreze/,post (blog),0,0,57,13.9,no-migrar
/author/pierrette/page/4/,tech/other,0,0,1,9.0,no-migrar
/villefranche-de-lauragais-31-ateliers-et-expositions-a-la-bibliotheque/,post (blog),0,0,38,8.6,no-migrar
/canal-de-la-roubine/,post (blog),0,0,1,1.0,no-migrar
/accueil-2026/,2026,0,0,0,,ya-2026
/port-la-nouvelle-exposition-d-alice-sanchez-pastelliste/,post (blog),0,0,2,12.0,no-migrar
/wp-content/uploads/2022/04/port_la_grande_motte.jpg,tech/other,0,0,2,21.0,no-migrar
/toulouse-occitanie-tolosa-ou-nougaro/,post (blog),0,0,30,9.2,no-migrar
/16-mars-le-duathlon-de-castelnaudary/,post (blog),0,0,35,9.4,no-migrar
/flourens-31-une-soiree-pour-comprendre-lorigine-du-canal/,post (blog),0,0,2,3.0,no-migrar
/voies-navigables-de-france-lance-un-appel-aux-dons-pour-replanter-2-000-arbres-le-long-du-canal-du-midi/,post (blog),0,0,51,11.0,no-migrar
/colombiers-34-la-fete-du-malpas/,post (blog),0,0,9,6.7,no-migrar
/le-manuscrit-signe-par-louis-xiv-expose-a-Toulouse/,post (blog),0,0,1,1.0,no-migrar
/350-ans-du-canal-du-midi-spectacle-le-reve-de-riquet/,post (blog),0,0,1,8.0,no-migrar
/toulouse-le-canal-du-midi-350-ans-au-fil-de-leau/,post (blog),0,0,15,8.9,no-migrar
/colombiers-34-une-exposition-reussie-pour-la-premiere-foire-dart-actuel/,post (blog),0,0,6,7.7,no-migrar
/bram-voie-verte-le-dossier-denquete-publique-consultable-en-mairie/,post (blog),0,0,8,20.6,no-migrar
/wp-content/uploads/2014/12/Presse-papiers-132.jpg,tech/other,0,0,1,16.0,no-migrar
/xxxv-eme-rallye-du-canal-du-midi-en-aviron-du-lundi-15-aout-au-samedi-20-aout-2016/,post (blog),0,0,10,9.4,no-migrar
/bientot-un-fret-fluvial-a-toulouse-sur-le-canal-du-midi-une-etude-est-lancee-tisseo-a-approuve-mercredi-25-mai-la-mise-en-place-dune-etude-de-faisabilite-pour-la-creation-dun-fret-fluvial-sur-le/,post (blog),0,0,4,12.3,no-migrar
/categorie/laverie/,categorie listing,0,0,2,2.5,fusionar
/author/pierrette/page/54/,tech/other,0,0,2,22.5,no-migrar
/locations-saisonnieres/,page legacy (2013-18),0,0,0,,no-migrar
/nailloux-le-village-de-marques/,post (blog),0,0,22,30.5,no-migrar
/stephane-bern-au-chevet-du-chateau-de-pierre-paul-riquet/,post (blog),0,0,17,6.8,no-migrar
/herault-le-long-du-canal-du-midi-un-paysage-totalement-transforme/,post (blog),0,0,3,5.7,no-migrar
/nostalgie-petite-balade-a-carcassonne-la-cite-et-le-canal-du-midi-dans-les-annees-60-et-70/,post (blog),0,0,6,6.7,no-migrar
/caux-les-canaux-du-midi-vus-du-ciel-avec-andre-auhtier/,post (blog),0,0,4,8.8,no-migrar
/2eme-nuit-du-gospel-de-capestang-34310-avec-tonya-baker-usa/,post (blog),0,0,3,4.0,no-migrar
/capendu-11-un-obus-dans-le-coeur-theatre-par-le-collectif-eudaimonia-ce-vendredi-au-chai-a-21h/,post (blog),0,0,2,17.5,no-migrar
/une-operation-de-crowdfunding-pour-financer-les-nouveaux-arbres-du-canal-du-midi-biodiversite-pour-financer-la-replantation-darbres-sur-le-canal-du-midi-et-eviter-de-voir-son-classement-une/,post (blog),0,0,1,2.0,no-migrar
/47-me-de-dons-pour-la-sauvegarde-du-canal-du-midi/,post (blog),0,0,3,14.3,no-migrar
/agde-journee-randonnee-decouverte-canal-du-midi-samedi-4-avril-2015/,post (blog),0,0,3,6.7,no-migrar
/region/soreze/,zone/region,0,0,88,9.5,no-migrar
/montredon-des-nevianais-a-la-semaine-des-talents/,post (blog),0,0,2,6.0,no-migrar
/categorie/ecluse-2/,categorie listing,0,0,10,5.6,fusionar
/castelnaudary-un-grand-bassin-tout-neuf/,post (blog),0,0,36,25.6,no-migrar
/salleles-d-aude-le-conseil-municipal-dit-non-au-classement-des-abords-du-canal/,post (blog),0,0,2,5.0,no-migrar
/2014/08/,tech/other,0,0,5,13.6,no-migrar
/bonrepos-riquet-ronde-des-creches-de-plus-en-plus-de-visiteurs/,post (blog),0,0,10,5.3,no-migrar
/cine-guinguette-%E2%80%A2-courts-metrages-en-cabaret-%E2%80%A2/,post (blog),0,0,1,7.0,no-migrar
/vendredi-conference-sur-les-canaux-du-midi-vus-du-ciel/,post (blog),0,0,11,10.2,no-migrar
/carcassonne-le-label-vignobles-et-decouvertes-en-2018/,post (blog),0,0,1,12.0,no-migrar
/wp-content/uploads/2014/08/scan000.pdf,tech/other,0,0,3,11.0,no-migrar
/du-bleu-au-dessus-des-toits/,post (blog),0,0,3,6.0,no-migrar
/loisirs/locations-de-velos/,page legacy (2013-18),0,0,0,,no-migrar
/la-maison-du-malpas-obtient-le-label-tourisme-handicap/,post (blog),0,0,6,25.3,no-migrar
/region/castanet-tolosan/,zone/region,0,0,22,49.8,no-migrar
/capestang-exposition-canal-du-midi/,post (blog),0,0,3,10.0,no-migrar
/il-est-une-fois-la-domitienne/,post (blog),0,0,1,5.0,no-migrar
/les-nouvelles-offres-du-chateau-les-carrasses/,post (blog),0,0,70,10.7,no-migrar
/le-canal-du-midi-sur-france-3/,post (blog),0,0,1,5.0,no-migrar
/wp-content/uploads/2014/04/scan018.pdf,tech/other,0,0,1,5.0,no-migrar
/marseillette-quelle-evolution-pour-le-canal-du-midi/,post (blog),0,0,1,10.0,no-migrar
/biterrois-vnf-reprend-labattage-des-platanes-malades-du-canal-du-midi/,post (blog),0,0,1,12.0,no-migrar
/nouveau-catalogue-2014-les-canalous/,post (blog),0,0,1,5.0,no-migrar
/loisirs/rechercher-des-loisirs/,page legacy (2013-18),0,0,0,,no-migrar
/la-maison-du-malpas-mission-centenaire-le-28062014-a-18-h30/,post (blog),0,0,11,8.8,no-migrar
/concerts-animations-le-canal-du-midi-en-fete-cet-ete-pour-ses-350-ans/,post (blog),0,0,6,19.0,no-migrar
/aucamville-rencontre-autour-de-pierre-paul-riquet/,post (blog),0,0,2,4.5,no-migrar
/le-canal/histoire/y/,tech/other,0,0,2,2.5,no-migrar
/paraza-une-double-exposition-a-decouvrir-au-clap/,post (blog),0,0,2,8.0,no-migrar
/des-envies-de-nature-et-de-musique/,post (blog),0,0,4,6.5,no-migrar
/dates-de-fermetures-du-canal/,post (blog),0,0,2,2.0,no-migrar
/une-balade-pour-eveiller-les-cinq-sens-a-peyriac-de-mer/,post (blog),0,0,2,12.5,no-migrar
/la-compagnie-merversible-sinstalle-dans-la-minoterie-de-naurouze-dans-laude-pendant-2-ans-une-trentaine-dartistes-va-preparer-un-nouveau-spectacle-en-lien-avec-le-canal-du-midi/,post (blog),0,0,9,25.9,no-migrar
/a-vias-le-samedi-11-juillet-place-du-11-novembre-projection-en-plein-air-la-fabuleuse-histoire-de-monsieur-riquet/,post (blog),0,0,1,6.0,no-migrar
/dessine-moi-le-canal-du-midi-les-enfants-invites-a-croquer-ce-cours-deau/,post (blog),0,0,6,6.2,no-migrar
/fiche/ecluse-ecluse-de-portiragnes-26.html,fiche,0,0,1,1.0,ya-2026
/engin-de-chantier-dans-le-canal/,post (blog),0,0,1,5.0,no-migrar
/colombiers-34440-soiree-speciale-au-barrio-latino/,post (blog),0,0,2,6.5,no-migrar
/theatre-le-22-juillet-a-la-marie-therese-plus-vieille-peniche-deurope-ventenac-minervois/,post (blog),0,0,1,3.0,no-migrar
/wp-content/uploads/2025/03/Riquet-et-son-Canal.pdf,tech/other,0,0,56,7.7,no-migrar
/agenda/,page contenu,0,0,0,,no-migrar
/pezenas-au-programme-de-la-mirondela-dels-arts/,post (blog),0,0,1,9.0,no-migrar
/wp-content/uploads/2020/05/port_du_agde1-scaled.jpg,tech/other,0,0,2,33.0,no-migrar
/la-redorte-la-fabuleuse-histoire-de-monsieur-riquet/,post (blog),0,0,3,5.0,no-migrar
/post-category/actualites/fetes-et-manifestations/,post-category,0,0,2,10.5,no-migrar
/trebes-vnf-travaille-a-bien-fermer-les-portes/,post (blog),0,0,4,10.5,no-migrar
/revel-le-patrimoine-a-attire-la-foule/,post (blog),0,0,4,8.0,no-migrar
/dimanche-prochain-on-nettoie-les-berges-du-canal/,post (blog),0,0,4,9.3,no-migrar
/animations-juin-et-juillet-a-aigues-mortes/,post (blog),0,0,78,39.1,no-migrar
/revel-contact-avec-des-racines-et-des-ailes/,post (blog),0,0,17,7.6,no-migrar
/nettoyage-des-berges-de-garonne-et-des-canaux-environnement/,post (blog),0,0,27,10.2,no-migrar
/peniches-a-vendre-sur-le-canal-tout-savoir-ban-dacheter/,post (blog),0,0,1,1.0,no-migrar
/le-velo-axe-fort-du-developpement-touristique-dans-le-departement-haute-garonne/,post (blog),0,0,31,9.1,no-migrar
/demande-de-promenade-en-bateaux/,page contenu,0,0,0,,no-migrar
/sainte-valiere-le-monde-en-aquarelle/,post (blog),0,0,4,8.8,no-migrar
/une-soiree-chez-riquet-par-lorchestre-des-passions-de-montauban/,post (blog),0,0,15,20.9,no-migrar
/wp-content/uploads/2017/01/scan005.pdf,tech/other,0,0,1,8.0,no-migrar
/oubliez-la-grisaille-et-le-froid/,post (blog),0,0,1,6.0,no-migrar
/les-adieux-des-narbonnais-a-la-marie-therese-amarree-jeudi-sur-les-barques-2/,post (blog),0,0,2,10.5,no-migrar
/fontfroide-a-du-choeur/,post (blog),0,0,2,5.5,no-migrar
/wp-content/uploads/2020/01/OCM-2022-0109-PHOTO-13.jpg,tech/other,0,0,1,52.0,no-migrar
/trebes-le-restaurant-le-moulin-de-trebes-rouvre-ses-portes/,post (blog),0,0,241,11.9,no-migrar
/marseillette-le-riz-en-danger/,post (blog),0,0,4,7.5,no-migrar
/wp-content/uploads/2014/07/scan024.pdf,tech/other,0,0,2,9.5,no-migrar
/lembrasement-de-la-cite-de-carcassonne/,post (blog),0,0,9,8.8,no-migrar
/toulouse-et-vogue-convivencia/,post (blog),0,0,39,26.8,no-migrar
/author/pierrette/page/57/,tech/other,0,0,1,9.0,no-migrar
/minerve-les-eclusiers-vus-par-robert-goldberg/,post (blog),0,0,29,6.8,no-migrar
/se-restaurer/alimentation/,page legacy (2013-18),0,0,9,10.6,no-migrar
/wp-content/uploads/2017/11/1593191_811_cyclables.jpg,tech/other,0,0,1,6.0,no-migrar
/canal-du-midi-des-tonnes-de-vase-en-moins-toulouse/,post (blog),0,0,1,11.0,no-migrar
/colombiers-reynelle-et-arnaud-retournent-a-leurs-premieres-amours/,post (blog),0,0,8,11.0,no-migrar
/le-musee-jardins-du-canal-du-midi-presente/,post (blog),0,0,1,5.0,no-migrar
/occitanie-des-fonds-pour-les-routes-les-trains-le-tourisme/,post (blog),0,0,16,12.8,no-migrar
/17-communes-audoises-primees-au-concours-villes-et-villages-fleuris-distinction-u-le-palmares-2014-a-ete-officiellement-devoile-lundi/,post (blog),0,0,10,7.6,no-migrar
/marseillan-marche-de-noel/,post (blog),0,0,2,16.0,no-migrar
/wp-content/uploads/2020/03/OT-CASTELNAUDARY_P3-2025.jpg,tech/other,0,0,1,16.0,no-migrar
/l-oppidum-d-enserune-a-deux-pas-du-canal-du-midi-herault/,post (blog),0,0,6,6.7,no-migrar
/convivencia-nuits-magiques-au-bord-de-leau/,post (blog),0,0,1,6.0,no-migrar
/3-de-bordeaux-a-sete-780-km-sur-les-rives-des-canaux-lentre-deux-mers/,post (blog),0,0,1,1.0,no-migrar
/concert-du-stone-cold-quartet-au-musee/,post (blog),0,0,1,1.0,no-migrar
/info-puicheric-concernant-la-peche/,post (blog),0,0,24,7.2,no-migrar
/panier/,boutique/compte,0,0,0,,no-migrar
/cinema-le-docu-sur-riquet-eligible-a-lacademie-des-cesars-cest-une-aventure/,post (blog),0,0,11,11.7,no-migrar
/wp-content/uploads/2025/04/Presentation-du-domaine-de-PPR-2025-VUK.pdf,tech/other,0,0,307,8.4,no-migrar
/revel-concours-de-photos-deau/,post (blog),0,0,1,9.0,no-migrar
/laude-en-aquarelles-vue-par-remi-gavaldon-lartiste-expose-ses-oeuvres-a-la-maison-de-la-region/,post (blog),0,0,1,3.0,no-migrar
/le-canal-du-midi-au-fil-de-leau-un-voyage-pas-si-paisible/,post (blog),0,0,17,8.2,no-migrar
/beziers-ecluses-de-fonseranes-quels-sont-les-grands-changements/,post (blog),0,0,2,10.0,no-migrar
/longeur-largeur-des-ecluses-tolerant-deau-tirant-dair-sur-le-canal-du-midi/,post (blog),0,0,1,1.0,no-migrar
/un-club-du-canal-du-midi-sur-les-fonts-baptismaux/,post (blog),0,0,9,15.4,no-migrar
/port-la-nouvelle-vendredi-22-juillet-a-18heures-se-tiendra-place-leon-blum-une-rencontre-dauteurs-ou-six-ecrivains-et-dessinateurs-viendront-presenter-leurs-oeuvres/,post (blog),0,0,4,10.5,no-migrar
/peniches-a-fendre-sur-le-canal-tout-savoir-avant-dacheter/,post (blog),0,0,1,1.0,no-migrar
/marseillan-vins-et-produits-du-terroir-les-estivales-sont-lancees-quarante-huit-prestataires-se-sont-engages-cette-annee/,post (blog),0,0,8,46.9,no-migrar
/paiement/,boutique/compte,0,0,0,,no-migrar
/place-au-bal-au-bord-du-canal/,post (blog),0,0,54,16.2,no-migrar
/la-peniche-nougaro-en-carenage-a-ramonville/,post (blog),0,0,7,5.6,no-migrar
/puicheric-11-chomage-du-canal-du-midi/,post (blog),0,0,19,7.3,no-migrar
/author/pierrette/page/50/,tech/other,0,0,3,8.0,no-migrar
/toulouse-proprete-pour-un-plan-canal-du-midi/,post (blog),0,0,3,10.0,no-migrar
/revel-102693-visiteurs-dans-les-points-dinfos/,post (blog),0,0,21,7.6,no-migrar
/les-platanes-du-canal-du-midi/,post (blog),0,0,1,6.0,no-migrar
/lagenda-n4-des-animations-de-gruissan-de-septembre-a-decembre/,post (blog),0,0,54,10.1,no-migrar
/wp-content/uploads/2022/02/TREKKING_2023-LOGO.jpg,tech/other,0,0,1,3.0,no-migrar
/wp-content/uploads/2019/12/NICOLS-LE-SOMAIL-1.jpg,tech/other,0,0,1,61.0,no-migrar
/decouvrez-le-canal-du-midi-ce-week-end/,post (blog),0,0,3,6.0,no-migrar
/6279-2/,post (blog),0,0,2,4.5,no-migrar
/wp-content/uploads/2016/05/scan007-1.pdf,tech/other,0,0,2,8.5,no-migrar
/region/pezens/,zone/region,0,0,1,3.0,no-migrar
/anniversaire-sous-les-cameras-des-racines-et-des-ailes/,post (blog),0,0,13,16.8,no-migrar
/tourisme-le-port-de-capestang-fete-les-350-ans-du-canal-du-midi-dimanche/,post (blog),0,0,12,16.6,no-migrar
/le-somail-le-paradis-du-livre-se-trouve-au-bord-du-canal-du-midi/,post (blog),0,0,1,7.0,no-migrar
/repas-concert-a-la-guinguette-2/,post (blog),0,0,2,6.5,no-migrar
/canal-du-midi-240-km-au-fil-de-leau/,post (blog),0,0,27,10.9,no-migrar
/saint-paulet_aude_fr_la_rigole_de_la_plaine/,post (blog),0,0,3,19.3,no-migrar
/animations-aigues-mortes-decembre/,post (blog),0,0,1,10.0,no-migrar
/audeherault-sur-les-berges-du-canal-du-midi-abattages-avant-future-replantation/,post (blog),0,0,6,13.2,no-migrar
/les-petits-marches-de-lete-2025-a-port-lauragais-13-septembre/,post (blog),0,0,6,8.0,no-migrar
/loisirs/lieux-a-voir/,page legacy (2013-18),0,0,0,,no-migrar
/votre-croisiere-au-soleil-en-juin-juillet-et-aout/,post (blog),0,0,15,27.5,no-migrar
/author/pierrette/page/140/,tech/other,0,0,3,11.7,no-migrar
/tchatches-gourmandes-au-vignoble-organisee-le-jeudi-30-juin-2016-a-19h30-a-la-cave-du-chateau-de-colombiers-sur-le-port-fluvial-du-canal-du-midi/,post (blog),0,0,3,5.3,no-migrar
/saint-marcel-sur-aude-9eme-festival-country/,post (blog),0,0,4,9.5,no-migrar
/vias-le-comite-des-fetes-planche-sur-tous-les-rendez-vous-de-2015-animations-carnaval-spectacle-vide-greniers-ils-ont-tout-cale/,post (blog),0,0,18,9.1,no-migrar
/le-musee-du-canal-du-midi-va-changer-de-nom/,post (blog),0,0,5,16.0,no-migrar
/wp-content/uploads/2021/07/154299559_2812564655737895_2103296151185877497_n.jpg,tech/other,0,0,20,17.8,no-migrar
/details-ecluse/,page legacy (2013-18),0,0,20,32.3,no-migrar
/la-magie-de-noel-a-carcassonne/,post (blog),0,0,86,36.6,no-migrar
/course-a-pied-vtt-et-canoe-les-inscriptions-sont-ouvertes-pour-le-canalathlon-2018/,post (blog),0,0,2,6.0,no-migrar
/wp-content/uploads/2014/04/OT-PLN.pdf,tech/other,0,0,1,3.0,no-migrar
/wp-content/uploads/2016/04/Affiche-Expos-Mensuelle-mai-16.doc,tech/other,0,0,1,6.0,no-migrar
/wp-content/uploads/2020/05/20240525_194957-scaled.jpg,tech/other,0,0,1,42.0,no-migrar
/vias-operation-seduction-pour-vias-mediterranee/,post (blog),0,0,3,8.3,no-migrar
/post-category/actualites/page/156/,post-category,0,0,3,28.3,no-migrar
/le-somail-les-hotesses-de-l-office-de-tourisme-a-la-fete-de-l-olivier/,post (blog),0,0,1,7.0,no-migrar
/prestataire/,page legacy (2013-18),0,0,0,,no-migrar
/la-guinguette-d-argens-vendredi-08-juillet-repas-concert-avec-les-chats-doc-chanson-francaise-revisitee/,post (blog),0,0,2,66.0,no-migrar
/wp-content/uploads/2020/01/canaldumidi-3412865_1920-1024x683.jpg,tech/other,0,0,5,14.4,no-migrar
/narbonnais-le-documentaire-sur-pierre-paul-riquet-sort-en-dvd/,post (blog),0,0,3,6.0,no-migrar
/les-commercants-du-somail-se-mobilisent/,post (blog),0,0,1,8.0,no-migrar
/tous-unis-pour-sauver-le-canal-du-midi/,post (blog),0,0,1,39.0,no-migrar
/loisirs/locations-de-voitures/,page legacy (2013-18),0,0,0,,no-migrar
/colombiers-invitations-un-festival-sur-le-port-florent-heau-et-emmanuel-rossfelder-deux-solistes-dexception-seront-presents-samedi/,post (blog),0,0,2,8.5,no-migrar
/80-platanes-abattus-le-long-du-canal-de-la-robine/,post (blog),0,0,1,11.0,no-migrar
/le-grand-narbonne-les-journees-du-conte/,post (blog),0,0,7,7.0,no-migrar
/mon-compte/,boutique/compte,0,0,0,,no-migrar
/le-canal-en-famille-une-appli-mobile-pour-laventure-sur-le-canal-du-midi/,post (blog),0,0,1,2.0,no-migrar
/wp-content/uploads/2020/01/Tunnel_du_Malpas.jpg,tech/other,0,0,1,24.0,no-migrar
/le-canal-atout-majeur-du-departement/,post (blog),0,0,164,29.0,no-migrar
/wp-content/uploads/2016/04/scan008.pdf,tech/other,0,0,50,10.0,no-migrar
/trebes-11-le-6e-bike-and-run-se-prepare/,post (blog),0,0,14,6.7,no-migrar
/une-decouverte-originale-pour-les-collegiens-de-castelnaudary-qui-ont-fait-etape-a-bram/,post (blog),0,0,3,27.3,no-migrar
/wp-content/uploads/2014/10/scan013.pdf,tech/other,0,0,3,11.0,no-migrar
/faire-son-marche-sur-le-canal/,post (blog),0,0,25,10.0,no-migrar
/portiragnes-canalissimo/,post (blog),0,0,15,7.0,no-migrar
/noel-au-moulin-du-vivier/,post (blog),0,0,20,19.2,no-migrar
/la-redorte-des-porte-velos-installes-dans-le-village/,post (blog),0,0,10,8.1,no-migrar
/wp-content/uploads/2020/05/port_saint_sauveur.jpg,tech/other,0,0,2,9.5,no-migrar
/le-tourisme-fluvial-a-sa-convention-daffaires/,post (blog),0,0,5,7.0,no-migrar
/sete-navettes-fluviales-sur-le-canal/,post (blog),0,0,22,19.5,no-migrar
/la-cinquieme-randonnee-sur-stand-up-paddle-organisee-par-med4play-est-partie-de-fonserannes/,post (blog),0,0,6,8.3,no-migrar
/region/montreal/,zone/region,0,0,40,28.8,no-migrar
/wp-content/uploads/2021/05/1920px-EcluseCastanet_05.jpg,tech/other,0,0,1,58.0,no-migrar
/concours-photos-25-ans-dinscription-du-canal-du-midi-au-patrimoine-mondial/,post (blog),0,0,3,9.7,no-migrar
/information-du-musee/,post (blog),0,0,1,9.0,no-migrar
/carcassonne-projection-du-film-documentaire-il-est-minuit-paris-seveille/,post (blog),0,0,3,25.3,no-migrar
/chateau-cabezac-janet-dalby-expose/,post (blog),0,0,13,8.8,no-migrar
/expos-carcassonne-des-photos-du-canal-pour-sauver-le-canal/,post (blog),0,0,8,9.5,no-migrar
/bio-planete-fete-ses-30-ans-passion-finesse-des-huiles-bio/,post (blog),0,0,4,6.8,no-migrar
/marseillan-le-village-de-noel/,post (blog),0,0,69,16.7,no-migrar
/categorie/boucherie-charcuterie-traiteur/,categorie listing,0,0,53,18.3,fusionar
/categorie/taxi/,categorie listing,0,0,4,16.8,fusionar
/trebes-le-tour-de-france-avec-leurs-animaux/,post (blog),0,0,100,9.0,no-migrar
/wp-content/uploads/2014/12/scan003.pdf,tech/other,0,0,9,12.8,no-migrar
/saint-marcel-sur-aude-le-caveau-est-ouvert/,post (blog),0,0,35,8.6,no-migrar
/services-utiles/collectivites/,page legacy (2013-18),0,0,2,1.5,no-migrar
/mot-cle/laverie/,tech/other,0,0,25,8.1,no-migrar
/wp-content/uploads/2020/05/port_de_carcasonne2.jpg,tech/other,0,0,1,12.0,no-migrar
/castanet-tolosan-canal-le-realisateur-est-venu-presenter-son-film/,post (blog),0,0,22,14.9,no-migrar
/marseillan-une-arrivee-au-gout-sale/,post (blog),0,0,34,14.6,no-migrar
/chance-colore-arif-interpelle-le-foll/,post (blog),0,0,2,8.5,no-migrar
/quel-avenir-pour-le-canal-du-midi/,post (blog),0,0,1,6.0,no-migrar
/claim-list/,boutique/compte,0,0,0,,no-migrar
/wp-content/uploads/2020/04/14_photo_HerbeSainte_Barrique-scaled.jpg,tech/other,0,0,1,35.0,no-migrar
/cours-de-cuisine/,page legacy (2013-18),0,0,0,,no-migrar
/de-montsegur-au-canal-du-midi-par-la-voie-verte-societe/,post (blog),0,0,7,19.4,no-migrar
/capestang-le-canal-du-midi-daujourdhui/,post (blog),0,0,3,7.7,no-migrar
/haute-garonne-la-menace-du-chancre-colore/,post (blog),0,0,2,4.5,no-migrar
/beziers-les-neuf-ecluses-sur-le-bureau-du-ministre-de-lenvironnement/,post (blog),0,0,2,9.5,no-migrar
/author/pierrette/page/71/,tech/other,0,0,1,4.0,no-migrar
/colombiers-le-canal-du-midi-ce-joli-fil-conducteur/,post (blog),0,0,3,8.0,no-migrar
/echos-de-lassociation-darts-plastiques-garonne-et-canal/,post (blog),0,0,7,7.3,no-migrar
/le-chateau-de-bonrepos-riquet-lance-un-appel-a-laide-a-lanimateur-stephane-bern/,post (blog),0,0,16,14.9,no-migrar
/forum-des-associations-a-gruissan/,post (blog),0,0,89,11.0,no-migrar
/voie-verte-du-veloroute/,post (blog),0,0,1,2.0,no-migrar
/le-somail-michel-alquier-et-jocelyne-bonzom-exposent-a-loffice-du-tourisme/,post (blog),0,0,27,9.7,no-migrar
/olonzac-jorge-aguilar-agon-expose-a-narbonne/,post (blog),0,0,68,8.9,no-migrar
/lancement-du-livre-avec-ceux-d-argeliers-au-somail/,post (blog),0,0,7,8.0,no-migrar
/author/pierrette/page/18/,tech/other,0,0,3,8.3,no-migrar
/wp-content/uploads/2020/09/Recevoir-le-guide-par-courrier.pdf,tech/other,0,0,19,3.7,no-migrar
/wp-content/uploads/2014/06/scan052.pdf,tech/other,0,0,5,8.2,no-migrar
/ag-des-gites-de-france-de-l-aude-au-domaine-de-l-herbe-sainte/,post (blog),0,0,5,11.8,no-migrar
/total-festum-2016-en-alaric/,post (blog),0,0,3,4.0,no-migrar
/wp-content/uploads/2020/05/port_palavas_les_flots3.jpg,tech/other,0,0,1,58.0,no-migrar
/nettoyage-des-berges-du-canal-du-midi/,post (blog),0,0,2,55.5,no-migrar
/le-somail-la-porte-de-la-chapelle-relookee/,post (blog),0,0,5,10.6,no-migrar
/la-guinguette-recoit-le-groupe-twins-cats-pour-un-repas-concert-rock-annee-50-60/,post (blog),0,0,14,9.9,no-migrar
/toulouse-canal-de-brienne-une-boutique-ephemere-flottante/,post (blog),0,0,29,13.6,no-migrar
/wp-content/uploads/2025/04/Presentation-du-domaine-de-PPR-2025-VFR.pdf,tech/other,0,0,25,10.2,no-migrar
/quinze-prestataires-labellises-accueil-velo/,post (blog),0,0,3,9.3,no-migrar
/programme-festivites-aigues-mortes/,post (blog),0,0,448,37.4,no-migrar
/castelmaurou-film-sur-riquet-affluence-record-pour-lavant-premiere/,post (blog),0,0,1,5.0,no-migrar
/longages-31-conference-le-canal-riquet-la-gabelle/,post (blog),0,0,4,11.0,no-migrar
/une-bellevie-au-bord-du-canal/,post (blog),0,0,1,1.0,no-migrar
/trebes-le-domaine-des-peres-se-met-en-quatre-pour-la-journee-de-la-femme/,post (blog),0,0,1,11.0,no-migrar
/la-success-story-du-marche-flottant/,post (blog),0,0,1,6.0,no-migrar
/bonrepos-riquet-ce-week-end-les-5es-journees-des-plantes/,post (blog),0,0,68,10.4,no-migrar
/auberge-du-somail-les-jeudis-de-la-bodega/,post (blog),0,0,8,5.4,no-migrar
/villefranche-de-lauragais-cine-bor-rencontre-aujourdhui-autour-de-riquet/,post (blog),0,0,1,5.0,no-migrar
/les-ecles-a-la-decouverte-du-canal-du-midi/,post (blog),0,0,7,7.4,no-migrar
/chronique-xiii-le-canal-du-midi-ou-le-songe-dune-flanerie-en-montagne-noire/,post (blog),0,0,9,8.7,no-migrar
/bram-lhistoire-du-canal-du-midi-pour-celebrer-les-350-ans-de-sa-creation/,post (blog),0,0,1,5.0,no-migrar
/wp-content/uploads/2017/06/Menu-Repas-Concert-2017.pdf,tech/other,0,0,5,16.0,no-migrar
/actuellement-scenes-denfance-bat-son-plein-a-lespace-culturel-le-chai-a-capendu/,post (blog),0,0,36,12.7,no-migrar
/nouvelle-carte-a-l-auberge-de-la-croisade-a-cruzy-34/,post (blog),0,0,37,39.9,no-migrar
/toursime-de-groupe-narbonne-capitale/,post (blog),0,0,4,22.8,no-migrar
/passionnes-du-canal-du-midi-a-vos-chequiers/,post (blog),0,0,4,5.3,no-migrar
/wp-content/uploads/2020/05/port_de_bram.jpg,tech/other,0,0,1,15.0,no-migrar
/hotels/,page legacy (2013-18),0,0,1,35.0,no-migrar
/residence-de-tourisme/,page legacy (2013-18),0,0,0,,no-migrar
/fiche/ecluse-dempare/,fiche,0,0,73,7.0,ya-2026
/canal-du-midi-et-lon-rediscute-de-son-avenir/,post (blog),0,0,1,5.0,no-migrar
/le-minervois-a-rencard-a-homps/,post (blog),0,0,1,5.0,no-migrar
/actualites-agglo-sete-bassin-de-thau-lagglo-souhaite-veiller-sur-le-canal-du-mid/,post (blog),0,0,53,29.5,no-migrar
/le-chancre-colore-attaque-les-platanes-aux-portes-de-toulouse/,post (blog),0,0,4,10.0,no-migrar
/trebes-une-british-apprend-a-cuisiner-frenchie/,post (blog),0,0,19,13.9,no-migrar
/services-utiles/laveries/,page legacy (2013-18),0,0,37,7.4,no-migrar
/le-grand-celier-pensez-a-vos-cadeaux-de-noel/,post (blog),0,0,1,31.0,no-migrar
/paraza-belle-exposition-au-clap/,post (blog),0,0,3,8.3,no-migrar
/platanes-le-senateur-courteau-voit-rouge/,post (blog),0,0,6,17.0,no-migrar
/carcassonne-mini-revolution-a-la-cite-ce-qui-va-changer-en-2015/,post (blog),0,0,11,8.3,no-migrar
/?page_id=18505,page contenu,0,0,0,,no-migrar
/launac-31-la-section-aviron-inaugure-ses-nouveaux-pontons/,post (blog),0,0,19,9.4,no-migrar
/mirepeisset-11-frelons-asiatiques-en-bord-de-rigole/,post (blog),0,0,6,10.5,no-migrar
/wp-content/uploads/2019/12/NICOLS-LE-SOMAIL-3.jpg,tech/other,0,0,1,3.0,no-migrar
/mot-cle/lave-linge/,tech/other,0,0,5,15.4,no-migrar
/villefranche-de-lauragais-la-3e-course-a-pied-citoyenne-samedi/,post (blog),0,0,6,14.5,no-migrar
/2015/page/21/,tech/other,0,0,1,16.0,no-migrar
/salleles-d-aude-bercee-par-son-canal/,post (blog),0,0,1,5.0,no-migrar
/wp-content/uploads/2020/05/port_saint_sauveur3.jpg,tech/other,0,0,2,8.0,no-migrar
/author/pierrette/page/24/,tech/other,0,0,2,6.5,no-migrar
/author/pierrette/page/105/,tech/other,0,0,2,12.5,no-migrar
/le-somail-que-vogue-l-epicerie-sur-le-canal-du-midi/,post (blog),0,0,22,9.8,no-migrar
/trebes-demi-tarif-ce-mercredi-sur-le-champ-de-foire/,post (blog),0,0,8,8.9,no-migrar
/le-temps-dun-week-end-aigues-mortes-vit-a-lepoque-medievale/,post (blog),0,0,4,9.5,no-migrar
/un-nouveau-dessein-pour-le-site-de-fonseranes-reouverture-du-site-samedi-1er-juillet/,post (blog),0,0,3,7.7,no-migrar
/wp-content/uploads/2014/04/scan031.pdf,tech/other,0,0,3,8.3,no-migrar
/wp-content/uploads/2014/05/VENT-DU-SUD.pdf,tech/other,0,0,7,16.1,no-migrar
/2015/09/page/4/,tech/other,0,0,1,5.0,no-migrar
/la-redorte-soiree-cine-debat-autour-de-pierre-paul-riquet/,post (blog),0,0,6,11.7,no-migrar
/chez-l-eclusier-a-colombiers-34-soiree-musicale-le-20-11-2015/,post (blog),0,0,2,8.0,no-migrar
/expo-a-labbaye-de-new-york-a-saint-hilaire/,post (blog),0,0,2,13.5,no-migrar
/concert-de-txalaparta-au-musee-avec-le-festival-convivencia/,post (blog),0,0,2,5.0,no-migrar
/wp-content/uploads/2016/02/1024px-Narbonne_Canal_de_la_Robine_from_Boulevard_Gambetta-300x225.jpg,tech/other,0,0,18,20.3,no-migrar
/rencontres-du-film-darcheologie-du-grand-narbonne/,post (blog),0,0,13,10.2,no-migrar
/6387-2/,post (blog),0,0,3,5.7,no-migrar
/la-mediatheque-de-florensac-fete-les-350-ans-du-canal-du-midi/,post (blog),0,0,12,10.2,no-migrar
/team-gazelles-pompignacaises/,post (blog),0,0,1,6.0,no-migrar
/region/donneville/,zone/region,0,0,12,37.7,no-migrar
/wp-content/uploads/2014/04/scan036.pdf,tech/other,0,0,1,41.0,no-migrar
/halte-fluviale-ponts-eclaires-proprete-ce-sont-les-projets-a-venir-sur-le-canal-du-midi-a-toulouse/,post (blog),0,0,6,8.2,no-migrar
/8-idees-de-sorties-pour-votre-week-end-loisirs-u-gourmandises-theatre-concerts-litteraturenarbonne-sorties-poesie-exposition-voici-la-selection-proposee-par-midi-libre/,post (blog),0,0,1,19.0,no-migrar
/magazine-clickboat/,post (blog),0,0,7,7.3,no-migrar
/larret-de-labattage-et-la-mise-en-place-dun-traitement-100-naturel-qui-a-fait-ses-preuves-concernant-les-platanes-du-canal-du-midi/,post (blog),0,0,1,8.0,no-migrar
/film-sur-lultra-marathon-du-canal-du-midi-2021/,post (blog),0,0,3,2.0,no-migrar
/larc-en-ciel-color-me-rad-a-illumine-toulouse-/,post (blog),0,0,1,1.0,no-migrar
/wp-content/uploads/2016/09/Capture-decran-2016-09-27-a-15.07.01-630x0.png,tech/other,0,0,1,19.0,no-migrar
/occitanie/,post (blog),0,0,1,9.0,no-migrar
/les-berges-de-garonne-mal-en-point/,post (blog),0,0,15,9.4,no-migrar
/capestang-une-nouvelle-annee-de-spectacle-lancee/,post (blog),0,0,1,5.0,no-migrar
/europall-organise-la-cinquieme-edition-de-sa-velauragaise-a-gardouch/,post (blog),0,0,6,6.7,no-migrar
/toulouse-voici-dans-le-detail-le-projet-qui-va-bientot-recouvrir-le-canal-du-midi-devant-la-gare-matabiau/,post (blog),0,0,28,17.4,no-migrar
/carcassonne-dame-carcas-bientot-restauree-grace-aux-dons/,post (blog),0,0,4,40.5,no-migrar
/aude-canal-du-midi-des-assises-pour-garder-le-label-unesco/,post (blog),0,0,3,9.0,no-migrar
/categorie/ports/page/2/,categorie listing,0,0,1,10.0,fusionar
/20-03-16-agde-association-sud-equi-libre-animation-pour-les-enfants-le-carnaval-du-printemps-le-dimanche-20-mars-2016-de-14h-a-17h/,post (blog),0,0,110,12.8,no-migrar
/le-grand-deballage-de-pulcinella/,post (blog),0,0,4,5.5,no-migrar
/chateau-des-carrasses-profitez-des-offres-speciales-paques/,post (blog),0,0,1,71.0,no-migrar
/page/161/,tech/other,0,0,2,1.0,no-migrar
/de-la-plage-a-la-dune-un-defi-a-relever-du-17-au-23-juillet/,post (blog),0,0,4,6.5,no-migrar
/nettoyage-de-printemps-pour-les-berges-du-canal/,post (blog),0,0,2,21.0,no-migrar
/projet-matabiau-nouvelle-jeunesse-pour-le-canal-du-midi/,post (blog),0,0,3,5.0,no-migrar
/bloc-notes-rtl2-littoral-du-11-au-17-juillet-35eme-edition-de-la-fete-de-la-mer-au-cap-dagde-exposition-3636-a-gruissan-et-le-bal-des-pompiers-a-la-caserne-dagde/,post (blog),0,0,7,8.0,no-migrar
/wp-content/uploads/2020/05/port_cap_d_agde2-scaled.jpg,tech/other,0,0,4,21.5,no-migrar
/un-bouchon-de-velos-au-bord-du-canal-du-midi-a-toulouse/,post (blog),0,0,5,6.8,no-migrar
/carcassonne-linattendu-succes-du-film-sur-riquet/,post (blog),0,0,6,8.0,no-migrar
/wp-content/uploads/2016/10/DOSSIER-DE-PRESSE-2016-2017-MARCHES-AUX-TRUFFES-AUDE.pdf,tech/other,0,0,6,12.7,no-migrar
/fiche/ecluse-de-castanet-/,fiche,0,0,1,1.0,ya-2026
